[{"model": "auth.user", "pk": 1, "fields": {"password": "pbkdf2_sha256$24000$wMtHBYHvdezi$uAyu/o61WYpTNSgkCQS0UoG41QMCBsjyGEWSm+aQPiQ=", "last_login": "2015-12-30T20:22:02.358Z", "is_superuser": true, "username": "adammoelis", "first_name": "", "last_name": "", "email": "adam.moelis@gmail.com", "is_staff": true, "is_active": true, "date_joined": "2015-12-16T18:18:52.339Z", "groups": [], "user_permissions": []}}, {"model": "sessions.session", "pk": "0ztjb467mvwdkq4dt7bfdofp7m2as3p8", "fields": {"session_data": "MTJiNGM3ZTZhNDQ0NzIyN2IyNjA3MmI5OTYwOWI5YWI5NTVmODM2Mjp7Il9hdXRoX3VzZXJfaGFzaCI6Ijk1ZjcxNWZlZGQ5ZDViNjJjMjkwN2E2MTgzYjFmM2ViMzVlZGFmYmYiLCJfYXV0aF91c2VyX2JhY2tlbmQiOiJkamFuZ28uY29udHJpYi5hdXRoLmJhY2tlbmRzLk1vZGVsQmFja2VuZCIsIl9hdXRoX3VzZXJfaWQiOiIxIn0=", "expire_date": "2016-01-13T20:22:02.360Z"}}, {"model": "sessions.session", "pk": "bcd1lcw7jnz7f4q89e8sxpewfvhtu94q", "fields": {"session_data": "MTJiNGM3ZTZhNDQ0NzIyN2IyNjA3MmI5OTYwOWI5YWI5NTVmODM2Mjp7Il9hdXRoX3VzZXJfaGFzaCI6Ijk1ZjcxNWZlZGQ5ZDViNjJjMjkwN2E2MTgzYjFmM2ViMzVlZGFmYmYiLCJfYXV0aF91c2VyX2JhY2tlbmQiOiJkamFuZ28uY29udHJpYi5hdXRoLmJhY2tlbmRzLk1vZGVsQmFja2VuZCIsIl9hdXRoX3VzZXJfaWQiOiIxIn0=", "expire_date": "2015-12-30T18:18:55.976Z"}}, {"model": "formation.formation", "pk": 1, "fields": {"title": "hello", "pub_date": "2015-12-15T18:07:08.153Z", "description": ""}}, {"model": "quiz.team", "pk": 1, "fields": {"name": "Broncos", "created_at": "2015-12-16T16:12:30.260Z", "updated_at": "2015-12-16T16:12:30.260Z"}}, {"model": "quiz.player", "pk": 7, "fields": {"first_name": "Adam", "last_name": "Moelis", "position": "WR", "unit": "offense", "number": 2, "team": 1, "is_being_tested": true, "image_url": "blah", "starter": false, "created_at": "2015-12-16T16:12:51.925Z", "updated_at": "2015-12-16T16:12:51.925Z"}}, {"model": "quiz.player", "pk": 8, "fields": {"first_name": "Peyton", "last_name": "Manning", "position": "QB", "unit": "offense", "number": 18, "team": 1, "is_being_tested": true, "image_url": "./otter.jpg", "starter": true, "created_at": "2015-12-16T19:00:09.113Z", "updated_at": "2015-12-16T19:00:09.113Z"}}, {"model": "quiz.player", "pk": 9, "fields": {"first_name": "Brock", "last_name": "Osweiler", "position": "QB", "unit": "offense", "number": 17, "team": 1, "is_being_tested": true, "image_url": "./ziggy.jpeg", "starter": false, "created_at": "2015-12-16T19:00:46.451Z", "updated_at": "2015-12-16T19:00:46.451Z"}}, {"model": "quiz.player", "pk": 10, "fields": {"first_name": "CJ", "last_name": "Anderson", "position": "RB", "unit": "offense", "number": 22, "team": 1, "is_being_tested": false, "image_url": "", "starter": true, "created_at": "2015-12-16T19:02:41.897Z", "updated_at": "2015-12-16T19:02:41.897Z"}}, {"model": "quiz.player", "pk": 11, "fields": {"first_name": "Adam", "last_name": "Hillman", "position": "RB", "unit": "offense", "number": 23, "team": 1, "is_being_tested": true, "image_url": "", "starter": false, "created_at": "2015-12-16T19:02:55.338Z", "updated_at": "2015-12-23T00:30:57.922Z"}}, {"model": "quiz.player", "pk": 12, "fields": {"first_name": "Demaryius", "last_name": "Thomas", "position": "WR", "unit": "offense", "number": 88, "team": 1, "is_being_tested": true, "image_url": "", "starter": true, "created_at": "2015-12-16T19:03:06.668Z", "updated_at": "2015-12-16T19:03:06.668Z"}}, {"model": "quiz.player", "pk": 13, "fields": {"first_name": "Emmanuel", "last_name": "Sanders", "position": "WR", "unit": "offense", "number": 10, "team": 1, "is_being_tested": false, "image_url": "", "starter": true, "created_at": "2015-12-16T19:03:25.473Z", "updated_at": "2015-12-16T19:03:25.473Z"}}, {"model": "quiz.player", "pk": 14, "fields": {"first_name": "Jordan", "last_name": "Norwood", "position": "WR", "unit": "offense", "number": 11, "team": 1, "is_being_tested": false, "image_url": "", "starter": false, "created_at": "2015-12-16T19:03:39.041Z", "updated_at": "2015-12-16T19:03:39.041Z"}}, {"model": "quiz.player", "pk": 15, "fields": {"first_name": "Ryan", "last_name": "Harris", "position": "LT", "unit": "offense", "number": 76, "team": 1, "is_being_tested": false, "image_url": "", "starter": true, "created_at": "2015-12-16T19:04:06.719Z", "updated_at": "2015-12-16T19:04:06.719Z"}}, {"model": "quiz.player", "pk": 16, "fields": {"first_name": "Louis", "last_name": "Vazquez", "position": "LG", "unit": "offense", "number": 75, "team": 1, "is_being_tested": true, "image_url": "", "starter": true, "created_at": "2015-12-16T19:04:19.775Z", "updated_at": "2015-12-16T19:04:19.775Z"}}, {"model": "quiz.player", "pk": 17, "fields": {"first_name": "Matt", "last_name": "Paradis", "position": "C", "unit": "offense", "number": 74, "team": 1, "is_being_tested": false, "image_url": "", "starter": true, "created_at": "2015-12-16T19:04:38.464Z", "updated_at": "2015-12-16T19:04:38.464Z"}}, {"model": "quiz.player", "pk": 18, "fields": {"first_name": "Evan", "last_name": "Mathis", "position": "RG", "unit": "offense", "number": 73, "team": 1, "is_being_tested": false, "image_url": "", "starter": true, "created_at": "2015-12-16T19:04:49.067Z", "updated_at": "2015-12-16T19:04:49.067Z"}}, {"model": "quiz.player", "pk": 19, "fields": {"first_name": "Michael", "last_name": "Schofield", "position": "RT", "unit": "offense", "number": 72, "team": 1, "is_being_tested": false, "image_url": "", "starter": true, "created_at": "2015-12-16T19:05:04.897Z", "updated_at": "2015-12-16T19:05:04.897Z"}}, {"model": "quiz.player", "pk": 20, "fields": {"first_name": "Chris", "last_name": "Harris Jr.", "position": "CB", "unit": "defense", "number": 25, "team": 1, "is_being_tested": true, "image_url": "", "starter": true, "created_at": "2015-12-16T19:58:11.642Z", "updated_at": "2015-12-16T19:58:11.642Z"}}, {"model": "quiz.player", "pk": 21, "fields": {"first_name": "Aqib", "last_name": "Talib", "position": "CB", "unit": "defense", "number": 21, "team": 1, "is_being_tested": true, "image_url": "", "starter": true, "created_at": "2015-12-16T19:58:23.783Z", "updated_at": "2015-12-16T19:58:23.784Z"}}, {"model": "quiz.player", "pk": 22, "fields": {"first_name": "Bradley", "last_name": "Roby", "position": "CB", "unit": "defense", "number": 29, "team": 1, "is_being_tested": false, "image_url": "", "starter": false, "created_at": "2015-12-16T19:58:35.066Z", "updated_at": "2015-12-16T19:58:35.066Z"}}, {"model": "quiz.player", "pk": 23, "fields": {"first_name": "Darian", "last_name": "Stewart", "position": "SS", "unit": "defense", "number": 26, "team": 1, "is_being_tested": true, "image_url": "", "starter": true, "created_at": "2015-12-16T19:58:49.386Z", "updated_at": "2015-12-16T19:58:49.386Z"}}, {"model": "quiz.player", "pk": 24, "fields": {"first_name": "T.J", "last_name": "Ward", "position": "FS", "unit": "defense", "number": 43, "team": 1, "is_being_tested": false, "image_url": "", "starter": true, "created_at": "2015-12-16T19:59:03.779Z", "updated_at": "2015-12-16T19:59:03.779Z"}}, {"model": "quiz.player", "pk": 25, "fields": {"first_name": "Brandon", "last_name": "Marshall", "position": "MLB", "unit": "defense", "number": 54, "team": 1, "is_being_tested": false, "image_url": "", "starter": true, "created_at": "2015-12-16T19:59:17.488Z", "updated_at": "2015-12-16T19:59:17.488Z"}}, {"model": "quiz.player", "pk": 26, "fields": {"first_name": "Danny", "last_name": "Trevathan", "position": "OLB", "unit": "defense", "number": 59, "team": 1, "is_being_tested": false, "image_url": "", "starter": true, "created_at": "2015-12-16T20:01:09.235Z", "updated_at": "2015-12-16T20:01:09.235Z"}}, {"model": "quiz.player", "pk": 27, "fields": {"first_name": "Von", "last_name": "Miller", "position": "OLB", "unit": "defense", "number": 58, "team": 1, "is_being_tested": false, "image_url": "", "starter": true, "created_at": "2015-12-16T20:01:19.513Z", "updated_at": "2015-12-16T20:01:19.513Z"}}, {"model": "quiz.player", "pk": 28, "fields": {"first_name": "DeMarcus", "last_name": "Ware", "position": "OLB", "unit": "defense", "number": 94, "team": 1, "is_being_tested": false, "image_url": "", "starter": true, "created_at": "2015-12-16T20:01:38.767Z", "updated_at": "2015-12-16T20:01:38.767Z"}}, {"model": "quiz.player", "pk": 29, "fields": {"first_name": "Sylvester", "last_name": "Williams", "position": "DT", "unit": "defense", "number": 92, "team": 1, "is_being_tested": true, "image_url": "", "starter": true, "created_at": "2015-12-16T20:01:51.134Z", "updated_at": "2015-12-16T20:01:51.134Z"}}, {"model": "quiz.player", "pk": 30, "fields": {"first_name": "Derek", "last_name": "Wolfe", "position": "DE", "unit": "defense", "number": 95, "team": 1, "is_being_tested": true, "image_url": "", "starter": true, "created_at": "2015-12-16T20:02:07.505Z", "updated_at": "2015-12-16T20:02:07.505Z"}}, {"model": "quiz.player", "pk": 31, "fields": {"first_name": "Malik", "last_name": "Jackson", "position": "DE", "unit": "defense", "number": 91, "team": 1, "is_being_tested": false, "image_url": "", "starter": true, "created_at": "2015-12-16T20:02:20.027Z", "updated_at": "2015-12-16T20:02:20.027Z"}}, {"model": "quiz.player", "pk": 32, "fields": {"first_name": "Vernon", "last_name": "Davis", "position": "TE", "unit": "offense", "number": 80, "team": 1, "is_being_tested": false, "image_url": "", "starter": true, "created_at": "2015-12-23T23:35:36.655Z", "updated_at": "2015-12-23T23:35:36.655Z"}}, {"model": "quiz.player", "pk": 33, "fields": {"first_name": "Owen", "last_name": "Daniels", "position": "TE", "unit": "offense", "number": 81, "team": 1, "is_being_tested": false, "image_url": "", "starter": true, "created_at": "2015-12-23T23:35:50.371Z", "updated_at": "2015-12-23T23:35:50.371Z"}}, {"model": "quiz.formation", "pk": 5, "fields": {"name": "iformation", "playName": "", "team": 1, "created_at": "2015-12-30T17:09:58.157Z", "updated_at": "2015-12-30T17:09:58.157Z", "offensivePlayers": []}}, {"model": "quiz.formation", "pk": 6, "fields": {"name": "trips\u0010Right", "playName": "", "team": 1, "created_at": "2015-12-30T17:10:12.756Z", "updated_at": "2015-12-30T17:10:12.756Z", "offensivePlayers": []}}, {"model": "quiz.formation", "pk": 7, "fields": {"name": "\u0010Goal\u0010Line", "playName": "", "team": 1, "created_at": "2015-12-30T17:12:45.926Z", "updated_at": "2015-12-30T17:12:45.926Z", "offensivePlayers": []}}, {"model": "quiz.formation", "pk": 8, "fields": {"name": "testing", "playName": "", "team": 1, "created_at": "2015-12-30T20:51:28.924Z", "updated_at": "2015-12-30T20:51:28.924Z", "offensivePlayers": []}}, {"model": "quiz.formation", "pk": 9, "fields": {"name": "", "playName": "", "team": 1, "created_at": "2015-12-30T20:57:19.383Z", "updated_at": "2015-12-30T20:57:19.383Z", "offensivePlayers": []}}, {"model": "quiz.formation", "pk": 10, "fields": {"name": "testingasdfas", "playName": "", "team": 1, "created_at": "2015-12-30T20:57:29.260Z", "updated_at": "2015-12-30T20:57:29.261Z", "offensivePlayers": []}}, {"model": "quiz.formation", "pk": 11, "fields": {"name": "hello ", "playName": "", "team": 1, "created_at": "2015-12-30T21:00:42.586Z", "updated_at": "2015-12-30T21:00:42.586Z", "offensivePlayers": []}}, {"model": "quiz.formation", "pk": 12, "fields": {"name": "peyton", "playName": "", "team": 1, "created_at": "2015-12-30T21:00:55.050Z", "updated_at": "2015-12-30T21:00:55.050Z", "offensivePlayers": []}}, {"model": "quiz.formation", "pk": 13, "fields": {"name": " oname", "playName": "", "team": 1, "created_at": "2015-12-30T21:01:08.062Z", "updated_at": "2015-12-30T21:01:08.062Z", "offensivePlayers": []}}, {"model": "quiz.formation", "pk": 14, "fields": {"name": "dfljsdfd", "playName": "", "team": 1, "created_at": "2016-01-03T02:28:01.307Z", "updated_at": "2016-01-03T02:28:01.307Z", "offensivePlayers": []}}, {"model": "quiz.formation", "pk": 15, "fields": {"name": "adams play", "playName": "", "team": 1, "created_at": "2016-01-04T18:14:36.939Z", "updated_at": "2016-01-04T18:14:36.939Z", "offensivePlayers": []}}, {"model": "quiz.position", "pk": 34, "fields": {"startX": 144.0, "startY": 225.0, "name": "OL", "formation": 5}}, {"model": "quiz.position", "pk": 35, "fields": {"startX": 172.0, "startY": 225.0, "name": "OL", "formation": 5}}, {"model": "quiz.position", "pk": 36, "fields": {"startX": 200.0, "startY": 220.0, "name": "OL", "formation": 5}}, {"model": "quiz.position", "pk": 37, "fields": {"startX": 228.0, "startY": 225.0, "name": "OL", "formation": 5}}, {"model": "quiz.position", "pk": 38, "fields": {"startX": 256.0, "startY": 225.0, "name": "OL", "formation": 5}}, {"model": "quiz.position", "pk": 39, "fields": {"startX": 200.0, "startY": 248.0, "name": "QB", "formation": 5}}, {"model": "quiz.position", "pk": 40, "fields": {"startX": 202.0, "startY": 323.333312988281, "name": "RB", "formation": 5}}, {"model": "quiz.position", "pk": 41, "fields": {"startX": 62.0, "startY": 241.333312988281, "name": "WR", "formation": 5}}, {"model": "quiz.position", "pk": 42, "fields": {"startX": 342.0, "startY": 244.333312988281, "name": "WR", "formation": 5}}, {"model": "quiz.position", "pk": 43, "fields": {"startX": 120.0, "startY": 236.333312988281, "name": "TE", "formation": 5}}, {"model": "quiz.position", "pk": 44, "fields": {"startX": 288.0, "startY": 231.333312988281, "name": "TE", "formation": 5}}, {"model": "quiz.position", "pk": 45, "fields": {"startX": 144.0, "startY": 225.0, "name": "OL", "formation": 6}}, {"model": "quiz.position", "pk": 46, "fields": {"startX": 172.0, "startY": 225.0, "name": "OL", "formation": 6}}, {"model": "quiz.position", "pk": 47, "fields": {"startX": 200.0, "startY": 220.0, "name": "OL", "formation": 6}}, {"model": "quiz.position", "pk": 48, "fields": {"startX": 228.0, "startY": 225.0, "name": "OL", "formation": 6}}, {"model": "quiz.position", "pk": 49, "fields": {"startX": 256.0, "startY": 225.0, "name": "OL", "formation": 6}}, {"model": "quiz.position", "pk": 50, "fields": {"startX": 200.0, "startY": 248.0, "name": "QB", "formation": 6}}, {"model": "quiz.position", "pk": 51, "fields": {"startX": 316.0, "startY": 237.333312988281, "name": "WR", "formation": 6}}, {"model": "quiz.position", "pk": 52, "fields": {"startX": 343.0, "startY": 249.333312988281, "name": "WR", "formation": 6}}, {"model": "quiz.position", "pk": 53, "fields": {"startX": 370.0, "startY": 229.333312988281, "name": "WR", "formation": 6}}, {"model": "quiz.position", "pk": 54, "fields": {"startX": 203.0, "startY": 303.333312988281, "name": "RB", "formation": 6}}, {"model": "quiz.position", "pk": 55, "fields": {"startX": 115.0, "startY": 233.333312988281, "name": "TE", "formation": 6}}, {"model": "quiz.position", "pk": 56, "fields": {"startX": 144.0, "startY": 225.0, "name": "OL", "formation": 7}}, {"model": "quiz.position", "pk": 57, "fields": {"startX": 172.0, "startY": 225.0, "name": "OL", "formation": 7}}, {"model": "quiz.position", "pk": 58, "fields": {"startX": 200.0, "startY": 220.0, "name": "OL", "formation": 7}}, {"model": "quiz.position", "pk": 59, "fields": {"startX": 228.0, "startY": 225.0, "name": "OL", "formation": 7}}, {"model": "quiz.position", "pk": 60, "fields": {"startX": 256.0, "startY": 225.0, "name": "OL", "formation": 7}}, {"model": "quiz.position", "pk": 61, "fields": {"startX": 200.0, "startY": 248.0, "name": "QB", "formation": 7}}, {"model": "quiz.position", "pk": 62, "fields": {"startX": 119.0, "startY": 233.333312988281, "name": "TE", "formation": 7}}, {"model": "quiz.position", "pk": 63, "fields": {"startX": 279.0, "startY": 235.333312988281, "name": "TE", "formation": 7}}, {"model": "quiz.position", "pk": 64, "fields": {"startX": 303.0, "startY": 248.333312988281, "name": "TE", "formation": 7}}, {"model": "quiz.position", "pk": 65, "fields": {"startX": 200.0, "startY": 288.333312988281, "name": "RB", "formation": 7}}, {"model": "quiz.position", "pk": 66, "fields": {"startX": 199.0, "startY": 321.333312988281, "name": "RB", "formation": 7}}, {"model": "quiz.position", "pk": 67, "fields": {"startX": 144.0, "startY": 225.0, "name": "OL", "formation": 8}}, {"model": "quiz.position", "pk": 68, "fields": {"startX": 172.0, "startY": 225.0, "name": "OL", "formation": 8}}, {"model": "quiz.position", "pk": 69, "fields": {"startX": 200.0, "startY": 220.0, "name": "OL", "formation": 8}}, {"model": "quiz.position", "pk": 70, "fields": {"startX": 228.0, "startY": 225.0, "name": "OL", "formation": 8}}, {"model": "quiz.position", "pk": 71, "fields": {"startX": 256.0, "startY": 225.0, "name": "OL", "formation": 8}}, {"model": "quiz.position", "pk": 72, "fields": {"startX": 200.0, "startY": 248.0, "name": "QB", "formation": 8}}, {"model": "quiz.position", "pk": 73, "fields": {"startX": 120.0, "startY": 237.333312988281, "name": "TE", "formation": 8}}, {"model": "quiz.position", "pk": 74, "fields": {"startX": 55.0, "startY": 251.333312988281, "name": "TE", "formation": 8}}, {"model": "quiz.position", "pk": 75, "fields": {"startX": 42.0, "startY": 313.333312988281, "name": "RB", "formation": 8}}, {"model": "quiz.position", "pk": 76, "fields": {"startX": 106.0, "startY": 308.333312988281, "name": "RB", "formation": 8}}, {"model": "quiz.position", "pk": 77, "fields": {"startX": 142.0, "startY": 296.333312988281, "name": "RB", "formation": 8}}, {"model": "quiz.position", "pk": 78, "fields": {"startX": 144.0, "startY": 225.0, "name": "OL", "formation": 9}}, {"model": "quiz.position", "pk": 79, "fields": {"startX": 172.0, "startY": 225.0, "name": "OL", "formation": 9}}, {"model": "quiz.position", "pk": 80, "fields": {"startX": 200.0, "startY": 220.0, "name": "OL", "formation": 9}}, {"model": "quiz.position", "pk": 81, "fields": {"startX": 228.0, "startY": 225.0, "name": "OL", "formation": 9}}, {"model": "quiz.position", "pk": 82, "fields": {"startX": 256.0, "startY": 225.0, "name": "OL", "formation": 9}}, {"model": "quiz.position", "pk": 83, "fields": {"startX": 200.0, "startY": 248.0, "name": "QB", "formation": 9}}, {"model": "quiz.position", "pk": 84, "fields": {"startX": 240.0, "startY": 316.333312988281, "name": "WR", "formation": 9}}, {"model": "quiz.position", "pk": 85, "fields": {"startX": 343.0, "startY": 209.333312988281, "name": "WR", "formation": 9}}, {"model": "quiz.position", "pk": 86, "fields": {"startX": 240.0, "startY": 83.3333129882812, "name": "WR", "formation": 9}}, {"model": "quiz.position", "pk": 87, "fields": {"startX": 315.0, "startY": 232.333312988281, "name": "WR", "formation": 9}}, {"model": "quiz.position", "pk": 88, "fields": {"startX": 303.0, "startY": 293.333312988281, "name": "WR", "formation": 9}}, {"model": "quiz.position", "pk": 89, "fields": {"startX": 144.0, "startY": 225.0, "name": "OL", "formation": 10}}, {"model": "quiz.position", "pk": 90, "fields": {"startX": 172.0, "startY": 225.0, "name": "OL", "formation": 10}}, {"model": "quiz.position", "pk": 91, "fields": {"startX": 200.0, "startY": 220.0, "name": "OL", "formation": 10}}, {"model": "quiz.position", "pk": 92, "fields": {"startX": 228.0, "startY": 225.0, "name": "OL", "formation": 10}}, {"model": "quiz.position", "pk": 93, "fields": {"startX": 256.0, "startY": 225.0, "name": "OL", "formation": 10}}, {"model": "quiz.position", "pk": 94, "fields": {"startX": 200.0, "startY": 248.0, "name": "QB", "formation": 10}}, {"model": "quiz.position", "pk": 95, "fields": {"startX": 224.0, "startY": 321.333312988281, "name": "WR", "formation": 10}}, {"model": "quiz.position", "pk": 96, "fields": {"startX": 118.0, "startY": 281.333312988281, "name": "WR", "formation": 10}}, {"model": "quiz.position", "pk": 97, "fields": {"startX": 143.0, "startY": 309.333312988281, "name": "RB", "formation": 10}}, {"model": "quiz.position", "pk": 98, "fields": {"startX": 187.0, "startY": 317.333312988281, "name": "TE", "formation": 10}}, {"model": "quiz.position", "pk": 99, "fields": {"startX": 260.0, "startY": 285.333312988281, "name": "WR", "formation": 10}}, {"model": "quiz.position", "pk": 100, "fields": {"startX": 144.0, "startY": 225.0, "name": "OL", "formation": 11}}, {"model": "quiz.position", "pk": 101, "fields": {"startX": 172.0, "startY": 225.0, "name": "OL", "formation": 11}}, {"model": "quiz.position", "pk": 102, "fields": {"startX": 200.0, "startY": 220.0, "name": "OL", "formation": 11}}, {"model": "quiz.position", "pk": 103, "fields": {"startX": 228.0, "startY": 225.0, "name": "OL", "formation": 11}}, {"model": "quiz.position", "pk": 104, "fields": {"startX": 256.0, "startY": 225.0, "name": "OL", "formation": 11}}, {"model": "quiz.position", "pk": 105, "fields": {"startX": 200.0, "startY": 248.0, "name": "QB", "formation": 11}}, {"model": "quiz.position", "pk": 106, "fields": {"startX": 74.0, "startY": 319.333312988281, "name": "RB", "formation": 11}}, {"model": "quiz.position", "pk": 107, "fields": {"startX": 127.0, "startY": 267.333312988281, "name": "RB", "formation": 11}}, {"model": "quiz.position", "pk": 108, "fields": {"startX": 188.0, "startY": 309.333312988281, "name": "TE", "formation": 11}}, {"model": "quiz.position", "pk": 109, "fields": {"startX": 234.0, "startY": 329.333312988281, "name": "WR", "formation": 11}}, {"model": "quiz.position", "pk": 110, "fields": {"startX": 288.0, "startY": 256.333312988281, "name": "WR", "formation": 11}}, {"model": "quiz.position", "pk": 111, "fields": {"startX": 144.0, "startY": 225.0, "name": "OL", "formation": 12}}, {"model": "quiz.position", "pk": 112, "fields": {"startX": 172.0, "startY": 225.0, "name": "OL", "formation": 12}}, {"model": "quiz.position", "pk": 113, "fields": {"startX": 200.0, "startY": 220.0, "name": "OL", "formation": 12}}, {"model": "quiz.position", "pk": 114, "fields": {"startX": 228.0, "startY": 225.0, "name": "OL", "formation": 12}}, {"model": "quiz.position", "pk": 115, "fields": {"startX": 256.0, "startY": 225.0, "name": "OL", "formation": 12}}, {"model": "quiz.position", "pk": 116, "fields": {"startX": 200.0, "startY": 248.0, "name": "QB", "formation": 12}}, {"model": "quiz.position", "pk": 117, "fields": {"startX": 56.0, "startY": 271.333312988281, "name": "RB", "formation": 12}}, {"model": "quiz.position", "pk": 118, "fields": {"startX": 119.0, "startY": 305.333312988281, "name": "RB", "formation": 12}}, {"model": "quiz.position", "pk": 119, "fields": {"startX": 188.0, "startY": 325.333312988281, "name": "TE", "formation": 12}}, {"model": "quiz.position", "pk": 120, "fields": {"startX": 263.0, "startY": 293.333312988281, "name": "WR", "formation": 12}}, {"model": "quiz.position", "pk": 121, "fields": {"startX": 255.0, "startY": 103.333312988281, "name": "WR", "formation": 12}}, {"model": "quiz.position", "pk": 122, "fields": {"startX": 144.0, "startY": 225.0, "name": "OL", "formation": 13}}, {"model": "quiz.position", "pk": 123, "fields": {"startX": 172.0, "startY": 225.0, "name": "OL", "formation": 13}}, {"model": "quiz.position", "pk": 124, "fields": {"startX": 200.0, "startY": 220.0, "name": "OL", "formation": 13}}, {"model": "quiz.position", "pk": 125, "fields": {"startX": 228.0, "startY": 225.0, "name": "OL", "formation": 13}}, {"model": "quiz.position", "pk": 126, "fields": {"startX": 256.0, "startY": 225.0, "name": "OL", "formation": 13}}, {"model": "quiz.position", "pk": 127, "fields": {"startX": 200.0, "startY": 248.0, "name": "QB", "formation": 13}}, {"model": "quiz.position", "pk": 128, "fields": {"startX": 83.0, "startY": 275.333312988281, "name": "RB", "formation": 13}}, {"model": "quiz.position", "pk": 129, "fields": {"startX": 159.0, "startY": 288.333312988281, "name": "TE", "formation": 13}}, {"model": "quiz.position", "pk": 130, "fields": {"startX": 254.0, "startY": 288.333312988281, "name": "WR", "formation": 13}}, {"model": "quiz.position", "pk": 131, "fields": {"startX": 134.0, "startY": 168.333312988281, "name": "TE", "formation": 13}}, {"model": "quiz.position", "pk": 132, "fields": {"startX": 230.0, "startY": 84.3333129882812, "name": "WR", "formation": 13}}, {"model": "quiz.position", "pk": 133, "fields": {"startX": 144.0, "startY": 225.0, "name": "OL", "formation": 14}}, {"model": "quiz.position", "pk": 134, "fields": {"startX": 172.0, "startY": 225.0, "name": "OL", "formation": 14}}, {"model": "quiz.position", "pk": 135, "fields": {"startX": 200.0, "startY": 220.0, "name": "OL", "formation": 14}}, {"model": "quiz.position", "pk": 136, "fields": {"startX": 228.0, "startY": 225.0, "name": "OL", "formation": 14}}, {"model": "quiz.position", "pk": 137, "fields": {"startX": 256.0, "startY": 225.0, "name": "OL", "formation": 14}}, {"model": "quiz.position", "pk": 138, "fields": {"startX": 200.0, "startY": 248.0, "name": "QB", "formation": 14}}, {"model": "quiz.position", "pk": 139, "fields": {"startX": 282.0, "startY": 236.333312988281, "name": "TE", "formation": 14}}, {"model": "quiz.position", "pk": 140, "fields": {"startX": 67.0, "startY": 232.333312988281, "name": "WR", "formation": 14}}, {"model": "quiz.position", "pk": 141, "fields": {"startX": 202.0, "startY": 316.333312988281, "name": "RB", "formation": 14}}, {"model": "quiz.position", "pk": 142, "fields": {"startX": 339.0, "startY": 253.333312988281, "name": "WR", "formation": 14}}, {"model": "quiz.position", "pk": 143, "fields": {"startX": 118.0, "startY": 235.333312988281, "name": "TE", "formation": 14}}, {"model": "quiz.position", "pk": 144, "fields": {"startX": 144.0, "startY": 225.0, "name": "OL", "formation": 15}}, {"model": "quiz.position", "pk": 145, "fields": {"startX": 172.0, "startY": 225.0, "name": "OL", "formation": 15}}, {"model": "quiz.position", "pk": 146, "fields": {"startX": 200.0, "startY": 220.0, "name": "OL", "formation": 15}}, {"model": "quiz.position", "pk": 147, "fields": {"startX": 228.0, "startY": 225.0, "name": "OL", "formation": 15}}, {"model": "quiz.position", "pk": 148, "fields": {"startX": 256.0, "startY": 225.0, "name": "OL", "formation": 15}}, {"model": "quiz.position", "pk": 149, "fields": {"startX": 200.0, "startY": 248.0, "name": "QB", "formation": 15}}, {"model": "quiz.position", "pk": 150, "fields": {"startX": 202.0, "startY": 315.333312988281, "name": "RB", "formation": 15}}, {"model": "quiz.position", "pk": 151, "fields": {"startX": 338.0, "startY": 235.333312988281, "name": "WR", "formation": 15}}, {"model": "quiz.position", "pk": 152, "fields": {"startX": 62.0, "startY": 233.333312988281, "name": "WR", "formation": 15}}, {"model": "quiz.position", "pk": 153, "fields": {"startX": 146.0, "startY": 328.333312988281, "name": "RB", "formation": 15}}, {"model": "quiz.position", "pk": 154, "fields": {"startX": 118.0, "startY": 284.333312988281, "name": "RB", "formation": 15}}, {"model": "quiz.test", "pk": 1, "fields": {"type_of_test": "QBProgression", "player": 8, "score": 0, "skips": 0, "incorrect_guesses": 0, "deadline": "2016-01-27T23:22:05Z", "completed": false, "in_progress": false, "created_at": "2015-12-23T23:22:11.097Z", "updated_at": "2015-12-23T23:22:11.097Z"}}, {"model": "quiz.play", "pk": 5, "fields": {"name": "adam", "team": 1, "formation": 5, "created_at": "2015-12-31T19:12:47.811Z", "updated_at": "2015-12-31T19:12:47.811Z", "players": [], "tests": []}}, {"model": "quiz.play", "pk": 6, "fields": {"name": "", "team": 1, "formation": 5, "created_at": "2015-12-31T19:13:08.562Z", "updated_at": "2015-12-31T19:13:08.562Z", "players": [], "tests": []}}, {"model": "quiz.play", "pk": 7, "fields": {"name": "", "team": 1, "formation": 5, "created_at": "2015-12-31T19:13:14.565Z", "updated_at": "2015-12-31T19:13:14.565Z", "players": [], "tests": []}}, {"model": "quiz.play", "pk": 8, "fields": {"name": "newplay", "team": 1, "formation": 5, "created_at": "2015-12-31T19:13:58.219Z", "updated_at": "2015-12-31T19:13:58.219Z", "players": [], "tests": []}}, {"model": "quiz.play", "pk": 9, "fields": {"name": "", "team": 1, "formation": 5, "created_at": "2015-12-31T19:14:54.253Z", "updated_at": "2015-12-31T19:14:54.253Z", "players": [], "tests": []}}, {"model": "quiz.play", "pk": 10, "fields": {"name": "", "team": 1, "formation": 5, "created_at": "2015-12-31T19:15:20.723Z", "updated_at": "2015-12-31T19:15:20.723Z", "players": [], "tests": []}}, {"model": "quiz.play", "pk": 11, "fields": {"name": "", "team": 1, "formation": 5, "created_at": "2015-12-31T19:15:41.825Z", "updated_at": "2015-12-31T19:15:41.825Z", "players": [], "tests": []}}, {"model": "quiz.play", "pk": 12, "fields": {"name": "", "team": 1, "formation": 5, "created_at": "2015-12-31T19:15:46.249Z", "updated_at": "2015-12-31T19:15:46.249Z", "players": [], "tests": []}}, {"model": "quiz.play", "pk": 13, "fields": {"name": "lkjdljcljdfs", "team": 1, "formation": 14, "created_at": "2016-01-04T18:31:29.561Z", "updated_at": "2016-01-04T18:31:29.561Z", "players": [], "tests": []}}, {"model": "admin.logentry", "pk": 1, "fields": {"action_time": "2015-12-16T19:00:09.115Z", "user": 1, "content_type": 9, "object_id": "8", "object_repr": "Peyton Manning", "action_flag": 1, "change_message": "Added."}}, {"model": "admin.logentry", "pk": 2, "fields": {"action_time": "2015-12-16T19:00:46.452Z", "user": 1, "content_type": 9, "object_id": "9", "object_repr": "Brock Osweiler", "action_flag": 1, "change_message": "Added."}}, {"model": "admin.logentry", "pk": 3, "fields": {"action_time": "2015-12-16T19:02:41.898Z", "user": 1, "content_type": 9, "object_id": "10", "object_repr": "CJ Anderson", "action_flag": 1, "change_message": "Added."}}, {"model": "admin.logentry", "pk": 4, "fields": {"action_time": "2015-12-16T19:02:55.339Z", "user": 1, "content_type": 9, "object_id": "11", "object_repr": "Ronnie Hillman", "action_flag": 1, "change_message": "Added."}}, {"model": "admin.logentry", "pk": 5, "fields": {"action_time": "2015-12-16T19:03:06.669Z", "user": 1, "content_type": 9, "object_id": "12", "object_repr": "Demaryius Thomas", "action_flag": 1, "change_message": "Added."}}, {"model": "admin.logentry", "pk": 6, "fields": {"action_time": "2015-12-16T19:03:25.474Z", "user": 1, "content_type": 9, "object_id": "13", "object_repr": "Emmanuel Sanders", "action_flag": 1, "change_message": "Added."}}, {"model": "admin.logentry", "pk": 7, "fields": {"action_time": "2015-12-16T19:03:39.042Z", "user": 1, "content_type": 9, "object_id": "14", "object_repr": "Jordan Norwood", "action_flag": 1, "change_message": "Added."}}, {"model": "admin.logentry", "pk": 8, "fields": {"action_time": "2015-12-16T19:04:06.720Z", "user": 1, "content_type": 9, "object_id": "15", "object_repr": "Ryan Harris", "action_flag": 1, "change_message": "Added."}}, {"model": "admin.logentry", "pk": 9, "fields": {"action_time": "2015-12-16T19:04:19.776Z", "user": 1, "content_type": 9, "object_id": "16", "object_repr": "Louis Vazquez", "action_flag": 1, "change_message": "Added."}}, {"model": "admin.logentry", "pk": 10, "fields": {"action_time": "2015-12-16T19:04:38.465Z", "user": 1, "content_type": 9, "object_id": "17", "object_repr": "Matt Paradis", "action_flag": 1, "change_message": "Added."}}, {"model": "admin.logentry", "pk": 11, "fields": {"action_time": "2015-12-16T19:04:49.067Z", "user": 1, "content_type": 9, "object_id": "18", "object_repr": "Evan Mathis", "action_flag": 1, "change_message": "Added."}}, {"model": "admin.logentry", "pk": 12, "fields": {"action_time": "2015-12-16T19:05:04.898Z", "user": 1, "content_type": 9, "object_id": "19", "object_repr": "Michael Schofield", "action_flag": 1, "change_message": "Added."}}, {"model": "admin.logentry", "pk": 13, "fields": {"action_time": "2015-12-16T19:58:11.643Z", "user": 1, "content_type": 9, "object_id": "20", "object_repr": "Chris Harris Jr.", "action_flag": 1, "change_message": "Added."}}, {"model": "admin.logentry", "pk": 14, "fields": {"action_time": "2015-12-16T19:58:23.785Z", "user": 1, "content_type": 9, "object_id": "21", "object_repr": "Aqib Talib", "action_flag": 1, "change_message": "Added."}}, {"model": "admin.logentry", "pk": 15, "fields": {"action_time": "2015-12-16T19:58:35.067Z", "user": 1, "content_type": 9, "object_id": "22", "object_repr": "Bradley Roby", "action_flag": 1, "change_message": "Added."}}, {"model": "admin.logentry", "pk": 16, "fields": {"action_time": "2015-12-16T19:58:49.387Z", "user": 1, "content_type": 9, "object_id": "23", "object_repr": "Darian Stewart", "action_flag": 1, "change_message": "Added."}}, {"model": "admin.logentry", "pk": 17, "fields": {"action_time": "2015-12-16T19:59:03.780Z", "user": 1, "content_type": 9, "object_id": "24", "object_repr": "T.J Ward", "action_flag": 1, "change_message": "Added."}}, {"model": "admin.logentry", "pk": 18, "fields": {"action_time": "2015-12-16T19:59:17.489Z", "user": 1, "content_type": 9, "object_id": "25", "object_repr": "Brandon Marshall", "action_flag": 1, "change_message": "Added."}}, {"model": "admin.logentry", "pk": 19, "fields": {"action_time": "2015-12-16T20:01:09.236Z", "user": 1, "content_type": 9, "object_id": "26", "object_repr": "Danny Trevathan", "action_flag": 1, "change_message": "Added."}}, {"model": "admin.logentry", "pk": 20, "fields": {"action_time": "2015-12-16T20:01:19.515Z", "user": 1, "content_type": 9, "object_id": "27", "object_repr": "Von Miller", "action_flag": 1, "change_message": "Added."}}, {"model": "admin.logentry", "pk": 21, "fields": {"action_time": "2015-12-16T20:01:38.769Z", "user": 1, "content_type": 9, "object_id": "28", "object_repr": "DeMarcus Ware", "action_flag": 1, "change_message": "Added."}}, {"model": "admin.logentry", "pk": 22, "fields": {"action_time": "2015-12-16T20:01:51.135Z", "user": 1, "content_type": 9, "object_id": "29", "object_repr": "Sylvester Williams", "action_flag": 1, "change_message": "Added."}}, {"model": "admin.logentry", "pk": 23, "fields": {"action_time": "2015-12-16T20:02:07.506Z", "user": 1, "content_type": 9, "object_id": "30", "object_repr": "Derek Wolfe", "action_flag": 1, "change_message": "Added."}}, {"model": "admin.logentry", "pk": 24, "fields": {"action_time": "2015-12-16T20:02:20.029Z", "user": 1, "content_type": 9, "object_id": "31", "object_repr": "Malik Jackson", "action_flag": 1, "change_message": "Added."}}, {"model": "admin.logentry", "pk": 25, "fields": {"action_time": "2015-12-23T23:22:11.104Z", "user": 1, "content_type": 11, "object_id": "1", "object_repr": "Test object", "action_flag": 1, "change_message": "Added."}}, {"model": "admin.logentry", "pk": 26, "fields": {"action_time": "2015-12-23T23:35:36.657Z", "user": 1, "content_type": 9, "object_id": "32", "object_repr": "Vernon Davis", "action_flag": 1, "change_message": "Added."}}, {"model": "admin.logentry", "pk": 27, "fields": {"action_time": "2015-12-23T23:35:50.372Z", "user": 1, "content_type": 9, "object_id": "33", "object_repr": "Owen Daniels", "action_flag": 1, "change_message": "Added."}}, {"model": "admin.logentry", "pk": 28, "fields": {"action_time": "2015-12-23T23:37:31.588Z", "user": 1, "content_type": 10, "object_id": "1", "object_repr": "Formation object", "action_flag": 1, "change_message": "Added."}}, {"model": "admin.logentry", "pk": 29, "fields": {"action_time": "2015-12-23T23:37:32.905Z", "user": 1, "content_type": 12, "object_id": "1", "object_repr": "Play object", "action_flag": 1, "change_message": "Added."}}, {"model": "admin.logentry", "pk": 30, "fields": {"action_time": "2015-12-28T18:08:44.550Z", "user": 1, "content_type": 12, "object_id": "1", "object_repr": "spider2Y", "action_flag": 2, "change_message": "No fields changed."}}, {"model": "admin.logentry", "pk": 31, "fields": {"action_time": "2015-12-28T18:11:35.287Z", "user": 1, "content_type": 12, "object_id": "2", "object_repr": "511 Hawaii", "action_flag": 1, "change_message": "Added."}}, {"model": "admin.logentry", "pk": 32, "fields": {"action_time": "2015-12-28T18:11:58.534Z", "user": 1, "content_type": 12, "object_id": "3", "object_repr": "bootSlide", "action_flag": 1, "change_message": "Added."}}, {"model": "admin.logentry", "pk": 33, "fields": {"action_time": "2015-12-30T20:22:11.429Z", "user": 1, "content_type": 10, "object_id": "1", "object_repr": "formationExample", "action_flag": 3, "change_message": ""}}, {"model": "admin.logentry", "pk": 34, "fields": {"action_time": "2015-12-30T20:46:47.199Z", "user": 1, "content_type": 10, "object_id": "4", "object_repr": "", "action_flag": 3, "change_message": ""}}, {"model": "admin.logentry", "pk": 35, "fields": {"action_time": "2015-12-30T20:46:47.218Z", "user": 1, "content_type": 10, "object_id": "3", "object_repr": "blah blah", "action_flag": 3, "change_message": ""}}, {"model": "admin.logentry", "pk": 36, "fields": {"action_time": "2015-12-30T20:46:47.219Z", "user": 1, "content_type": 10, "object_id": "2", "object_repr": "hello play", "action_flag": 3, "change_message": ""}}]