[{"model": "auth.user", "pk": 1, "fields": {"password": "pbkdf2_sha256$24000$wMtHBYHvdezi$uAyu/o61WYpTNSgkCQS0UoG41QMCBsjyGEWSm+aQPiQ=", "last_login": "2015-12-30T20:22:02.358Z", "is_superuser": true, "username": "adammoelis", "first_name": "", "last_name": "", "email": "adam.moelis@gmail.com", "is_staff": true, "is_active": true, "date_joined": "2015-12-16T18:18:52.339Z", "groups": [], "user_permissions": []}}, {"model": "sessions.session", "pk": "0ztjb467mvwdkq4dt7bfdofp7m2as3p8", "fields": {"session_data": "MTJiNGM3ZTZhNDQ0NzIyN2IyNjA3MmI5OTYwOWI5YWI5NTVmODM2Mjp7Il9hdXRoX3VzZXJfaGFzaCI6Ijk1ZjcxNWZlZGQ5ZDViNjJjMjkwN2E2MTgzYjFmM2ViMzVlZGFmYmYiLCJfYXV0aF91c2VyX2JhY2tlbmQiOiJkamFuZ28uY29udHJpYi5hdXRoLmJhY2tlbmRzLk1vZGVsQmFja2VuZCIsIl9hdXRoX3VzZXJfaWQiOiIxIn0=", "expire_date": "2016-01-13T20:22:02.360Z"}}, {"model": "sessions.session", "pk": "bcd1lcw7jnz7f4q89e8sxpewfvhtu94q", "fields": {"session_data": "MTJiNGM3ZTZhNDQ0NzIyN2IyNjA3MmI5OTYwOWI5YWI5NTVmODM2Mjp7Il9hdXRoX3VzZXJfaGFzaCI6Ijk1ZjcxNWZlZGQ5ZDViNjJjMjkwN2E2MTgzYjFmM2ViMzVlZGFmYmYiLCJfYXV0aF91c2VyX2JhY2tlbmQiOiJkamFuZ28uY29udHJpYi5hdXRoLmJhY2tlbmRzLk1vZGVsQmFja2VuZCIsIl9hdXRoX3VzZXJfaWQiOiIxIn0=", "expire_date": "2015-12-30T18:18:55.976Z"}}, {"model": "formation.formation", "pk": 1, "fields": {"title": "hello", "pub_date": "2015-12-15T18:07:08.153Z", "description": ""}}, {"model": "quiz.team", "pk": 1, "fields": {"name": "Broncos", "created_at": "2015-12-16T16:12:30.260Z", "updated_at": "2015-12-16T16:12:30.260Z"}}, {"model": "quiz.player", "pk": 7, "fields": {"first_name": "Adam", "last_name": "Moelis", "position": "WR", "unit": "offense", "number": 2, "team": 1, "is_being_tested": true, "image_url": "blah", "starter": false, "created_at": "2015-12-16T16:12:51.925Z", "updated_at": "2015-12-16T16:12:51.925Z"}}, {"model": "quiz.player", "pk": 8, "fields": {"first_name": "Peyton", "last_name": "Manning", "position": "QB", "unit": "offense", "number": 18, "team": 1, "is_being_tested": true, "image_url": "./otter.jpg", "starter": true, "created_at": "2015-12-16T19:00:09.113Z", "updated_at": "2015-12-16T19:00:09.113Z"}}, {"model": "quiz.player", "pk": 9, "fields": {"first_name": "Brock", "last_name": "Osweiler", "position": "QB", "unit": "offense", "number": 17, "team": 1, "is_being_tested": true, "image_url": "./ziggy.jpeg", "starter": false, "created_at": "2015-12-16T19:00:46.451Z", "updated_at": "2015-12-16T19:00:46.451Z"}}, {"model": "quiz.player", "pk": 10, "fields": {"first_name": "CJ", "last_name": "Anderson", "position": "RB", "unit": "offense", "number": 22, "team": 1, "is_being_tested": false, "image_url": "", "starter": true, "created_at": "2015-12-16T19:02:41.897Z", "updated_at": "2015-12-16T19:02:41.897Z"}}, {"model": "quiz.player", "pk": 11, "fields": {"first_name": "Adam", "last_name": "Hillman", "position": "RB", "unit": "offense", "number": 23, "team": 1, "is_being_tested": true, "image_url": "", "starter": false, "created_at": "2015-12-16T19:02:55.338Z", "updated_at": "2015-12-23T00:30:57.922Z"}}, {"model": "quiz.player", "pk": 12, "fields": {"first_name": "Demaryius", "last_name": "Thomas", "position": "WR", "unit": "offense", "number": 88, "team": 1, "is_being_tested": true, "image_url": "", "starter": true, "created_at": "2015-12-16T19:03:06.668Z", "updated_at": "2015-12-16T19:03:06.668Z"}}, {"model": "quiz.player", "pk": 13, "fields": {"first_name": "Emmanuel", "last_name": "Sanders", "position": "WR", "unit": "offense", "number": 10, "team": 1, "is_being_tested": false, "image_url": "", "starter": true, "created_at": "2015-12-16T19:03:25.473Z", "updated_at": "2015-12-16T19:03:25.473Z"}}, {"model": "quiz.player", "pk": 14, "fields": {"first_name": "Jordan", "last_name": "Norwood", "position": "WR", "unit": "offense", "number": 11, "team": 1, "is_being_tested": false, "image_url": "", "starter": false, "created_at": "2015-12-16T19:03:39.041Z", "updated_at": "2015-12-16T19:03:39.041Z"}}, {"model": "quiz.player", "pk": 15, "fields": {"first_name": "Ryan", "last_name": "Harris", "position": "LT", "unit": "offense", "number": 76, "team": 1, "is_being_tested": false, "image_url": "", "starter": true, "created_at": "2015-12-16T19:04:06.719Z", "updated_at": "2015-12-16T19:04:06.719Z"}}, {"model": "quiz.player", "pk": 16, "fields": {"first_name": "Louis", "last_name": "Vazquez", "position": "LG", "unit": "offense", "number": 75, "team": 1, "is_being_tested": true, "image_url": "", "starter": true, "created_at": "2015-12-16T19:04:19.775Z", "updated_at": "2015-12-16T19:04:19.775Z"}}, {"model": "quiz.player", "pk": 17, "fields": {"first_name": "Matt", "last_name": "Paradis", "position": "C", "unit": "offense", "number": 74, "team": 1, "is_being_tested": false, "image_url": "", "starter": true, "created_at": "2015-12-16T19:04:38.464Z", "updated_at": "2015-12-16T19:04:38.464Z"}}, {"model": "quiz.player", "pk": 18, "fields": {"first_name": "Evan", "last_name": "Mathis", "position": "RG", "unit": "offense", "number": 73, "team": 1, "is_being_tested": false, "image_url": "", "starter": true, "created_at": "2015-12-16T19:04:49.067Z", "updated_at": "2015-12-16T19:04:49.067Z"}}, {"model": "quiz.player", "pk": 19, "fields": {"first_name": "Michael", "last_name": "Schofield", "position": "RT", "unit": "offense", "number": 72, "team": 1, "is_being_tested": false, "image_url": "", "starter": true, "created_at": "2015-12-16T19:05:04.897Z", "updated_at": "2015-12-16T19:05:04.897Z"}}, {"model": "quiz.player", "pk": 20, "fields": {"first_name": "Chris", "last_name": "Harris Jr.", "position": "CB", "unit": "defense", "number": 25, "team": 1, "is_being_tested": true, "image_url": "", "starter": true, "created_at": "2015-12-16T19:58:11.642Z", "updated_at": "2015-12-16T19:58:11.642Z"}}, {"model": "quiz.player", "pk": 21, "fields": {"first_name": "Aqib", "last_name": "Talib", "position": "CB", "unit": "defense", "number": 21, "team": 1, "is_being_tested": true, "image_url": "", "starter": true, "created_at": "2015-12-16T19:58:23.783Z", "updated_at": "2015-12-16T19:58:23.784Z"}}, {"model": "quiz.player", "pk": 22, "fields": {"first_name": "Bradley", "last_name": "Roby", "position": "CB", "unit": "defense", "number": 29, "team": 1, "is_being_tested": false, "image_url": "", "starter": false, "created_at": "2015-12-16T19:58:35.066Z", "updated_at": "2015-12-16T19:58:35.066Z"}}, {"model": "quiz.player", "pk": 23, "fields": {"first_name": "Darian", "last_name": "Stewart", "position": "SS", "unit": "defense", "number": 26, "team": 1, "is_being_tested": true, "image_url": "", "starter": true, "created_at": "2015-12-16T19:58:49.386Z", "updated_at": "2015-12-16T19:58:49.386Z"}}, {"model": "quiz.player", "pk": 24, "fields": {"first_name": "T.J", "last_name": "Ward", "position": "FS", "unit": "defense", "number": 43, "team": 1, "is_being_tested": false, "image_url": "", "starter": true, "created_at": "2015-12-16T19:59:03.779Z", "updated_at": "2015-12-16T19:59:03.779Z"}}, {"model": "quiz.player", "pk": 25, "fields": {"first_name": "Brandon", "last_name": "Marshall", "position": "MLB", "unit": "defense", "number": 54, "team": 1, "is_being_tested": false, "image_url": "", "starter": true, "created_at": "2015-12-16T19:59:17.488Z", "updated_at": "2015-12-16T19:59:17.488Z"}}, {"model": "quiz.player", "pk": 26, "fields": {"first_name": "Danny", "last_name": "Trevathan", "position": "OLB", "unit": "defense", "number": 59, "team": 1, "is_being_tested": false, "image_url": "", "starter": true, "created_at": "2015-12-16T20:01:09.235Z", "updated_at": "2015-12-16T20:01:09.235Z"}}, {"model": "quiz.player", "pk": 27, "fields": {"first_name": "Von", "last_name": "Miller", "position": "OLB", "unit": "defense", "number": 58, "team": 1, "is_being_tested": false, "image_url": "", "starter": true, "created_at": "2015-12-16T20:01:19.513Z", "updated_at": "2015-12-16T20:01:19.513Z"}}, {"model": "quiz.player", "pk": 28, "fields": {"first_name": "DeMarcus", "last_name": "Ware", "position": "OLB", "unit": "defense", "number": 94, "team": 1, "is_being_tested": false, "image_url": "", "starter": true, "created_at": "2015-12-16T20:01:38.767Z", "updated_at": "2015-12-16T20:01:38.767Z"}}, {"model": "quiz.player", "pk": 29, "fields": {"first_name": "Sylvester", "last_name": "Williams", "position": "DT", "unit": "defense", "number": 92, "team": 1, "is_being_tested": true, "image_url": "", "starter": true, "created_at": "2015-12-16T20:01:51.134Z", "updated_at": "2015-12-16T20:01:51.134Z"}}, {"model": "quiz.player", "pk": 30, "fields": {"first_name": "Derek", "last_name": "Wolfe", "position": "DE", "unit": "defense", "number": 95, "team": 1, "is_being_tested": true, "image_url": "", "starter": true, "created_at": "2015-12-16T20:02:07.505Z", "updated_at": "2015-12-16T20:02:07.505Z"}}, {"model": "quiz.player", "pk": 31, "fields": {"first_name": "Malik", "last_name": "Jackson", "position": "DE", "unit": "defense", "number": 91, "team": 1, "is_being_tested": false, "image_url": "", "starter": true, "created_at": "2015-12-16T20:02:20.027Z", "updated_at": "2015-12-16T20:02:20.027Z"}}, {"model": "quiz.player", "pk": 32, "fields": {"first_name": "Vernon", "last_name": "Davis", "position": "TE", "unit": "offense", "number": 80, "team": 1, "is_being_tested": false, "image_url": "", "starter": true, "created_at": "2015-12-23T23:35:36.655Z", "updated_at": "2015-12-23T23:35:36.655Z"}}, {"model": "quiz.player", "pk": 33, "fields": {"first_name": "Owen", "last_name": "Daniels", "position": "TE", "unit": "offense", "number": 81, "team": 1, "is_being_tested": false, "image_url": "", "starter": true, "created_at": "2015-12-23T23:35:50.371Z", "updated_at": "2015-12-23T23:35:50.371Z"}}, {"model": "quiz.formation", "pk": 5, "fields": {"name": "iformation", "playName": "", "team": 1, "created_at": "2015-12-30T17:09:58.157Z", "updated_at": "2015-12-30T17:09:58.157Z", "offensivePlayers": []}}, {"model": "quiz.formation", "pk": 6, "fields": {"name": "trips\u0010Right", "playName": "", "team": 1, "created_at": "2015-12-30T17:10:12.756Z", "updated_at": "2015-12-30T17:10:12.756Z", "offensivePlayers": []}}, {"model": "quiz.formation", "pk": 7, "fields": {"name": "\u0010Goal\u0010Line", "playName": "", "team": 1, "created_at": "2015-12-30T17:12:45.926Z", "updated_at": "2015-12-30T17:12:45.926Z", "offensivePlayers": []}}, {"model": "quiz.formation", "pk": 8, "fields": {"name": "testing", "playName": "", "team": 1, "created_at": "2015-12-30T20:51:28.924Z", "updated_at": "2015-12-30T20:51:28.924Z", "offensivePlayers": []}}, {"model": "quiz.formation", "pk": 9, "fields": {"name": "", "playName": "", "team": 1, "created_at": "2015-12-30T20:57:19.383Z", "updated_at": "2015-12-30T20:57:19.383Z", "offensivePlayers": []}}, {"model": "quiz.formation", "pk": 10, "fields": {"name": "testingasdfas", "playName": "", "team": 1, "created_at": "2015-12-30T20:57:29.260Z", "updated_at": "2015-12-30T20:57:29.261Z", "offensivePlayers": []}}, {"model": "quiz.formation", "pk": 11, "fields": {"name": "hello ", "playName": "", "team": 1, "created_at": "2015-12-30T21:00:42.586Z", "updated_at": "2015-12-30T21:00:42.586Z", "offensivePlayers": []}}, {"model": "quiz.formation", "pk": 12, "fields": {"name": "peyton", "playName": "", "team": 1, "created_at": "2015-12-30T21:00:55.050Z", "updated_at": "2015-12-30T21:00:55.050Z", "offensivePlayers": []}}, {"model": "quiz.formation", "pk": 13, "fields": {"name": " oname", "playName": "", "team": 1, "created_at": "2015-12-30T21:01:08.062Z", "updated_at": "2015-12-30T21:01:08.062Z", "offensivePlayers": []}}, {"model": "quiz.formation", "pk": 14, "fields": {"name": "dfljsdfd", "playName": "", "team": 1, "created_at": "2016-01-03T02:28:01.307Z", "updated_at": "2016-01-03T02:28:01.307Z", "offensivePlayers": []}}, {"model": "quiz.formation", "pk": 15, "fields": {"name": "adams play", "playName": "", "team": 1, "created_at": "2016-01-04T18:14:36.939Z", "updated_at": "2016-01-04T18:14:36.939Z", "offensivePlayers": []}}, {"model": "quiz.position", "pk": 34, "fields": {"startX": 144.0, "startY": 225.0, "name": "OL", "formation": 5, "routeCoordinates": null, "progressionRank": null, "routeNum": null, "blocker": null, "runner": null}}, {"model": "quiz.position", "pk": 35, "fields": {"startX": 172.0, "startY": 225.0, "name": "OL", "formation": 5, "routeCoordinates": null, "progressionRank": null, "routeNum": null, "blocker": null, "runner": null}}, {"model": "quiz.position", "pk": 36, "fields": {"startX": 200.0, "startY": 220.0, "name": "OL", "formation": 5, "routeCoordinates": null, "progressionRank": null, "routeNum": null, "blocker": null, "runner": null}}, {"model": "quiz.position", "pk": 37, "fields": {"startX": 228.0, "startY": 225.0, "name": "OL", "formation": 5, "routeCoordinates": null, "progressionRank": null, "routeNum": null, "blocker": null, "runner": null}}, {"model": "quiz.position", "pk": 38, "fields": {"startX": 256.0, "startY": 225.0, "name": "OL", "formation": 5, "routeCoordinates": null, "progressionRank": null, "routeNum": null, "blocker": null, "runner": null}}, {"model": "quiz.position", "pk": 39, "fields": {"startX": 200.0, "startY": 248.0, "name": "QB", "formation": 5, "routeCoordinates": null, "progressionRank": null, "routeNum": null, "blocker": null, "runner": null}}, {"model": "quiz.position", "pk": 40, "fields": {"startX": 202.0, "startY": 323.333312988281, "name": "RB", "formation": 5, "routeCoordinates": null, "progressionRank": null, "routeNum": null, "blocker": null, "runner": null}}, {"model": "quiz.position", "pk": 41, "fields": {"startX": 62.0, "startY": 241.333312988281, "name": "WR", "formation": 5, "routeCoordinates": null, "progressionRank": null, "routeNum": null, "blocker": null, "runner": null}}, {"model": "quiz.position", "pk": 42, "fields": {"startX": 342.0, "startY": 244.333312988281, "name": "WR", "formation": 5, "routeCoordinates": null, "progressionRank": null, "routeNum": null, "blocker": null, "runner": null}}, {"model": "quiz.position", "pk": 43, "fields": {"startX": 120.0, "startY": 236.333312988281, "name": "TE", "formation": 5, "routeCoordinates": null, "progressionRank": null, "routeNum": null, "blocker": null, "runner": null}}, {"model": "quiz.position", "pk": 44, "fields": {"startX": 288.0, "startY": 231.333312988281, "name": "TE", "formation": 5, "routeCoordinates": null, "progressionRank": null, "routeNum": null, "blocker": null, "runner": null}}, {"model": "quiz.position", "pk": 45, "fields": {"startX": 144.0, "startY": 225.0, "name": "OL", "formation": 6, "routeCoordinates": null, "progressionRank": null, "routeNum": null, "blocker": null, "runner": null}}, {"model": "quiz.position", "pk": 46, "fields": {"startX": 172.0, "startY": 225.0, "name": "OL", "formation": 6, "routeCoordinates": null, "progressionRank": null, "routeNum": null, "blocker": null, "runner": null}}, {"model": "quiz.position", "pk": 47, "fields": {"startX": 200.0, "startY": 220.0, "name": "OL", "formation": 6, "routeCoordinates": null, "progressionRank": null, "routeNum": null, "blocker": null, "runner": null}}, {"model": "quiz.position", "pk": 48, "fields": {"startX": 228.0, "startY": 225.0, "name": "OL", "formation": 6, "routeCoordinates": null, "progressionRank": null, "routeNum": null, "blocker": null, "runner": null}}, {"model": "quiz.position", "pk": 49, "fields": {"startX": 256.0, "startY": 225.0, "name": "OL", "formation": 6, "routeCoordinates": null, "progressionRank": null, "routeNum": null, "blocker": null, "runner": null}}, {"model": "quiz.position", "pk": 50, "fields": {"startX": 200.0, "startY": 248.0, "name": "QB", "formation": 6, "routeCoordinates": null, "progressionRank": null, "routeNum": null, "blocker": null, "runner": null}}, {"model": "quiz.position", "pk": 51, "fields": {"startX": 316.0, "startY": 237.333312988281, "name": "WR", "formation": 6, "routeCoordinates": null, "progressionRank": null, "routeNum": null, "blocker": null, "runner": null}}, {"model": "quiz.position", "pk": 52, "fields": {"startX": 343.0, "startY": 249.333312988281, "name": "WR", "formation": 6, "routeCoordinates": null, "progressionRank": null, "routeNum": null, "blocker": null, "runner": null}}, {"model": "quiz.position", "pk": 53, "fields": {"startX": 370.0, "startY": 229.333312988281, "name": "WR", "formation": 6, "routeCoordinates": null, "progressionRank": null, "routeNum": null, "blocker": null, "runner": null}}, {"model": "quiz.position", "pk": 54, "fields": {"startX": 203.0, "startY": 303.333312988281, "name": "RB", "formation": 6, "routeCoordinates": null, "progressionRank": null, "routeNum": null, "blocker": null, "runner": null}}, {"model": "quiz.position", "pk": 55, "fields": {"startX": 115.0, "startY": 233.333312988281, "name": "TE", "formation": 6, "routeCoordinates": null, "progressionRank": null, "routeNum": null, "blocker": null, "runner": null}}, {"model": "quiz.position", "pk": 56, "fields": {"startX": 144.0, "startY": 225.0, "name": "OL", "formation": 7, "routeCoordinates": null, "progressionRank": null, "routeNum": null, "blocker": null, "runner": null}}, {"model": "quiz.position", "pk": 57, "fields": {"startX": 172.0, "startY": 225.0, "name": "OL", "formation": 7, "routeCoordinates": null, "progressionRank": null, "routeNum": null, "blocker": null, "runner": null}}, {"model": "quiz.position", "pk": 58, "fields": {"startX": 200.0, "startY": 220.0, "name": "OL", "formation": 7, "routeCoordinates": null, "progressionRank": null, "routeNum": null, "blocker": null, "runner": null}}, {"model": "quiz.position", "pk": 59, "fields": {"startX": 228.0, "startY": 225.0, "name": "OL", "formation": 7, "routeCoordinates": null, "progressionRank": null, "routeNum": null, "blocker": null, "runner": null}}, {"model": "quiz.position", "pk": 60, "fields": {"startX": 256.0, "startY": 225.0, "name": "OL", "formation": 7, "routeCoordinates": null, "progressionRank": null, "routeNum": null, "blocker": null, "runner": null}}, {"model": "quiz.position", "pk": 61, "fields": {"startX": 200.0, "startY": 248.0, "name": "QB", "formation": 7, "routeCoordinates": null, "progressionRank": null, "routeNum": null, "blocker": null, "runner": null}}, {"model": "quiz.position", "pk": 62, "fields": {"startX": 119.0, "startY": 233.333312988281, "name": "TE", "formation": 7, "routeCoordinates": null, "progressionRank": null, "routeNum": null, "blocker": null, "runner": null}}, {"model": "quiz.position", "pk": 63, "fields": {"startX": 279.0, "startY": 235.333312988281, "name": "TE", "formation": 7, "routeCoordinates": null, "progressionRank": null, "routeNum": null, "blocker": null, "runner": null}}, {"model": "quiz.position", "pk": 64, "fields": {"startX": 303.0, "startY": 248.333312988281, "name": "TE", "formation": 7, "routeCoordinates": null, "progressionRank": null, "routeNum": null, "blocker": null, "runner": null}}, {"model": "quiz.position", "pk": 65, "fields": {"startX": 200.0, "startY": 288.333312988281, "name": "RB", "formation": 7, "routeCoordinates": null, "progressionRank": null, "routeNum": null, "blocker": null, "runner": null}}, {"model": "quiz.position", "pk": 66, "fields": {"startX": 199.0, "startY": 321.333312988281, "name": "RB", "formation": 7, "routeCoordinates": null, "progressionRank": null, "routeNum": null, "blocker": null, "runner": null}}, {"model": "quiz.position", "pk": 67, "fields": {"startX": 144.0, "startY": 225.0, "name": "OL", "formation": 8, "routeCoordinates": null, "progressionRank": null, "routeNum": null, "blocker": null, "runner": null}}, {"model": "quiz.position", "pk": 68, "fields": {"startX": 172.0, "startY": 225.0, "name": "OL", "formation": 8, "routeCoordinates": null, "progressionRank": null, "routeNum": null, "blocker": null, "runner": null}}, {"model": "quiz.position", "pk": 69, "fields": {"startX": 200.0, "startY": 220.0, "name": "OL", "formation": 8, "routeCoordinates": null, "progressionRank": null, "routeNum": null, "blocker": null, "runner": null}}, {"model": "quiz.position", "pk": 70, "fields": {"startX": 228.0, "startY": 225.0, "name": "OL", "formation": 8, "routeCoordinates": null, "progressionRank": null, "routeNum": null, "blocker": null, "runner": null}}, {"model": "quiz.position", "pk": 71, "fields": {"startX": 256.0, "startY": 225.0, "name": "OL", "formation": 8, "routeCoordinates": null, "progressionRank": null, "routeNum": null, "blocker": null, "runner": null}}, {"model": "quiz.position", "pk": 72, "fields": {"startX": 200.0, "startY": 248.0, "name": "QB", "formation": 8, "routeCoordinates": null, "progressionRank": null, "routeNum": null, "blocker": null, "runner": null}}, {"model": "quiz.position", "pk": 73, "fields": {"startX": 120.0, "startY": 237.333312988281, "name": "TE", "formation": 8, "routeCoordinates": null, "progressionRank": null, "routeNum": null, "blocker": null, "runner": null}}, {"model": "quiz.position", "pk": 74, "fields": {"startX": 55.0, "startY": 251.333312988281, "name": "TE", "formation": 8, "routeCoordinates": null, "progressionRank": null, "routeNum": null, "blocker": null, "runner": null}}, {"model": "quiz.position", "pk": 75, "fields": {"startX": 42.0, "startY": 313.333312988281, "name": "RB", "formation": 8, "routeCoordinates": null, "progressionRank": null, "routeNum": null, "blocker": null, "runner": null}}, {"model": "quiz.position", "pk": 76, "fields": {"startX": 106.0, "startY": 308.333312988281, "name": "RB", "formation": 8, "routeCoordinates": null, "progressionRank": null, "routeNum": null, "blocker": null, "runner": null}}, {"model": "quiz.position", "pk": 77, "fields": {"startX": 142.0, "startY": 296.333312988281, "name": "RB", "formation": 8, "routeCoordinates": null, "progressionRank": null, "routeNum": null, "blocker": null, "runner": null}}, {"model": "quiz.position", "pk": 78, "fields": {"startX": 144.0, "startY": 225.0, "name": "OL", "formation": 9, "routeCoordinates": null, "progressionRank": null, "routeNum": null, "blocker": null, "runner": null}}, {"model": "quiz.position", "pk": 79, "fields": {"startX": 172.0, "startY": 225.0, "name": "OL", "formation": 9, "routeCoordinates": null, "progressionRank": null, "routeNum": null, "blocker": null, "runner": null}}, {"model": "quiz.position", "pk": 80, "fields": {"startX": 200.0, "startY": 220.0, "name": "OL", "formation": 9, "routeCoordinates": null, "progressionRank": null, "routeNum": null, "blocker": null, "runner": null}}, {"model": "quiz.position", "pk": 81, "fields": {"startX": 228.0, "startY": 225.0, "name": "OL", "formation": 9, "routeCoordinates": null, "progressionRank": null, "routeNum": null, "blocker": null, "runner": null}}, {"model": "quiz.position", "pk": 82, "fields": {"startX": 256.0, "startY": 225.0, "name": "OL", "formation": 9, "routeCoordinates": null, "progressionRank": null, "routeNum": null, "blocker": null, "runner": null}}, {"model": "quiz.position", "pk": 83, "fields": {"startX": 200.0, "startY": 248.0, "name": "QB", "formation": 9, "routeCoordinates": null, "progressionRank": null, "routeNum": null, "blocker": null, "runner": null}}, {"model": "quiz.position", "pk": 84, "fields": {"startX": 240.0, "startY": 316.333312988281, "name": "WR", "formation": 9, "routeCoordinates": null, "progressionRank": null, "routeNum": null, "blocker": null, "runner": null}}, {"model": "quiz.position", "pk": 85, "fields": {"startX": 343.0, "startY": 209.333312988281, "name": "WR", "formation": 9, "routeCoordinates": null, "progressionRank": null, "routeNum": null, "blocker": null, "runner": null}}, {"model": "quiz.position", "pk": 86, "fields": {"startX": 240.0, "startY": 83.3333129882812, "name": "WR", "formation": 9, "routeCoordinates": null, "progressionRank": null, "routeNum": null, "blocker": null, "runner": null}}, {"model": "quiz.position", "pk": 87, "fields": {"startX": 315.0, "startY": 232.333312988281, "name": "WR", "formation": 9, "routeCoordinates": null, "progressionRank": null, "routeNum": null, "blocker": null, "runner": null}}, {"model": "quiz.position", "pk": 88, "fields": {"startX": 303.0, "startY": 293.333312988281, "name": "WR", "formation": 9, "routeCoordinates": null, "progressionRank": null, "routeNum": null, "blocker": null, "runner": null}}, {"model": "quiz.position", "pk": 89, "fields": {"startX": 144.0, "startY": 225.0, "name": "OL", "formation": 10, "routeCoordinates": null, "progressionRank": null, "routeNum": null, "blocker": null, "runner": null}}, {"model": "quiz.position", "pk": 90, "fields": {"startX": 172.0, "startY": 225.0, "name": "OL", "formation": 10, "routeCoordinates": null, "progressionRank": null, "routeNum": null, "blocker": null, "runner": null}}, {"model": "quiz.position", "pk": 91, "fields": {"startX": 200.0, "startY": 220.0, "name": "OL", "formation": 10, "routeCoordinates": null, "progressionRank": null, "routeNum": null, "blocker": null, "runner": null}}, {"model": "quiz.position", "pk": 92, "fields": {"startX": 228.0, "startY": 225.0, "name": "OL", "formation": 10, "routeCoordinates": null, "progressionRank": null, "routeNum": null, "blocker": null, "runner": null}}, {"model": "quiz.position", "pk": 93, "fields": {"startX": 256.0, "startY": 225.0, "name": "OL", "formation": 10, "routeCoordinates": null, "progressionRank": null, "routeNum": null, "blocker": null, "runner": null}}, {"model": "quiz.position", "pk": 94, "fields": {"startX": 200.0, "startY": 248.0, "name": "QB", "formation": 10, "routeCoordinates": null, "progressionRank": null, "routeNum": null, "blocker": null, "runner": null}}, {"model": "quiz.position", "pk": 95, "fields": {"startX": 224.0, "startY": 321.333312988281, "name": "WR", "formation": 10, "routeCoordinates": null, "progressionRank": null, "routeNum": null, "blocker": null, "runner": null}}, {"model": "quiz.position", "pk": 96, "fields": {"startX": 118.0, "startY": 281.333312988281, "name": "WR", "formation": 10, "routeCoordinates": null, "progressionRank": null, "routeNum": null, "blocker": null, "runner": null}}, {"model": "quiz.position", "pk": 97, "fields": {"startX": 143.0, "startY": 309.333312988281, "name": "RB", "formation": 10, "routeCoordinates": null, "progressionRank": null, "routeNum": null, "blocker": null, "runner": null}}, {"model": "quiz.position", "pk": 98, "fields": {"startX": 187.0, "startY": 317.333312988281, "name": "TE", "formation": 10, "routeCoordinates": null, "progressionRank": null, "routeNum": null, "blocker": null, "runner": null}}, {"model": "quiz.position", "pk": 99, "fields": {"startX": 260.0, "startY": 285.333312988281, "name": "WR", "formation": 10, "routeCoordinates": null, "progressionRank": null, "routeNum": null, "blocker": null, "runner": null}}, {"model": "quiz.position", "pk": 100, "fields": {"startX": 144.0, "startY": 225.0, "name": "OL", "formation": 11, "routeCoordinates": null, "progressionRank": null, "routeNum": null, "blocker": null, "runner": null}}, {"model": "quiz.position", "pk": 101, "fields": {"startX": 172.0, "startY": 225.0, "name": "OL", "formation": 11, "routeCoordinates": null, "progressionRank": null, "routeNum": null, "blocker": null, "runner": null}}, {"model": "quiz.position", "pk": 102, "fields": {"startX": 200.0, "startY": 220.0, "name": "OL", "formation": 11, "routeCoordinates": null, "progressionRank": null, "routeNum": null, "blocker": null, "runner": null}}, {"model": "quiz.position", "pk": 103, "fields": {"startX": 228.0, "startY": 225.0, "name": "OL", "formation": 11, "routeCoordinates": null, "progressionRank": null, "routeNum": null, "blocker": null, "runner": null}}, {"model": "quiz.position", "pk": 104, "fields": {"startX": 256.0, "startY": 225.0, "name": "OL", "formation": 11, "routeCoordinates": null, "progressionRank": null, "routeNum": null, "blocker": null, "runner": null}}, {"model": "quiz.position", "pk": 105, "fields": {"startX": 200.0, "startY": 248.0, "name": "QB", "formation": 11, "routeCoordinates": null, "progressionRank": null, "routeNum": null, "blocker": null, "runner": null}}, {"model": "quiz.position", "pk": 106, "fields": {"startX": 74.0, "startY": 319.333312988281, "name": "RB", "formation": 11, "routeCoordinates": null, "progressionRank": null, "routeNum": null, "blocker": null, "runner": null}}, {"model": "quiz.position", "pk": 107, "fields": {"startX": 127.0, "startY": 267.333312988281, "name": "RB", "formation": 11, "routeCoordinates": null, "progressionRank": null, "routeNum": null, "blocker": null, "runner": null}}, {"model": "quiz.position", "pk": 108, "fields": {"startX": 188.0, "startY": 309.333312988281, "name": "TE", "formation": 11, "routeCoordinates": null, "progressionRank": null, "routeNum": null, "blocker": null, "runner": null}}, {"model": "quiz.position", "pk": 109, "fields": {"startX": 234.0, "startY": 329.333312988281, "name": "WR", "formation": 11, "routeCoordinates": null, "progressionRank": null, "routeNum": null, "blocker": null, "runner": null}}, {"model": "quiz.position", "pk": 110, "fields": {"startX": 288.0, "startY": 256.333312988281, "name": "WR", "formation": 11, "routeCoordinates": null, "progressionRank": null, "routeNum": null, "blocker": null, "runner": null}}, {"model": "quiz.position", "pk": 111, "fields": {"startX": 144.0, "startY": 225.0, "name": "OL", "formation": 12, "routeCoordinates": null, "progressionRank": null, "routeNum": null, "blocker": null, "runner": null}}, {"model": "quiz.position", "pk": 112, "fields": {"startX": 172.0, "startY": 225.0, "name": "OL", "formation": 12, "routeCoordinates": null, "progressionRank": null, "routeNum": null, "blocker": null, "runner": null}}, {"model": "quiz.position", "pk": 113, "fields": {"startX": 200.0, "startY": 220.0, "name": "OL", "formation": 12, "routeCoordinates": null, "progressionRank": null, "routeNum": null, "blocker": null, "runner": null}}, {"model": "quiz.position", "pk": 114, "fields": {"startX": 228.0, "startY": 225.0, "name": "OL", "formation": 12, "routeCoordinates": null, "progressionRank": null, "routeNum": null, "blocker": null, "runner": null}}, {"model": "quiz.position", "pk": 115, "fields": {"startX": 256.0, "startY": 225.0, "name": "OL", "formation": 12, "routeCoordinates": null, "progressionRank": null, "routeNum": null, "blocker": null, "runner": null}}, {"model": "quiz.position", "pk": 116, "fields": {"startX": 200.0, "startY": 248.0, "name": "QB", "formation": 12, "routeCoordinates": null, "progressionRank": null, "routeNum": null, "blocker": null, "runner": null}}, {"model": "quiz.position", "pk": 117, "fields": {"startX": 56.0, "startY": 271.333312988281, "name": "RB", "formation": 12, "routeCoordinates": null, "progressionRank": null, "routeNum": null, "blocker": null, "runner": null}}, {"model": "quiz.position", "pk": 118, "fields": {"startX": 119.0, "startY": 305.333312988281, "name": "RB", "formation": 12, "routeCoordinates": null, "progressionRank": null, "routeNum": null, "blocker": null, "runner": null}}, {"model": "quiz.position", "pk": 119, "fields": {"startX": 188.0, "startY": 325.333312988281, "name": "TE", "formation": 12, "routeCoordinates": null, "progressionRank": null, "routeNum": null, "blocker": null, "runner": null}}, {"model": "quiz.position", "pk": 120, "fields": {"startX": 263.0, "startY": 293.333312988281, "name": "WR", "formation": 12, "routeCoordinates": null, "progressionRank": null, "routeNum": null, "blocker": null, "runner": null}}, {"model": "quiz.position", "pk": 121, "fields": {"startX": 255.0, "startY": 103.333312988281, "name": "WR", "formation": 12, "routeCoordinates": null, "progressionRank": null, "routeNum": null, "blocker": null, "runner": null}}, {"model": "quiz.position", "pk": 122, "fields": {"startX": 144.0, "startY": 225.0, "name": "OL", "formation": 13, "routeCoordinates": null, "progressionRank": null, "routeNum": null, "blocker": null, "runner": null}}, {"model": "quiz.position", "pk": 123, "fields": {"startX": 172.0, "startY": 225.0, "name": "OL", "formation": 13, "routeCoordinates": null, "progressionRank": null, "routeNum": null, "blocker": null, "runner": null}}, {"model": "quiz.position", "pk": 124, "fields": {"startX": 200.0, "startY": 220.0, "name": "OL", "formation": 13, "routeCoordinates": null, "progressionRank": null, "routeNum": null, "blocker": null, "runner": null}}, {"model": "quiz.position", "pk": 125, "fields": {"startX": 228.0, "startY": 225.0, "name": "OL", "formation": 13, "routeCoordinates": null, "progressionRank": null, "routeNum": null, "blocker": null, "runner": null}}, {"model": "quiz.position", "pk": 126, "fields": {"startX": 256.0, "startY": 225.0, "name": "OL", "formation": 13, "routeCoordinates": null, "progressionRank": null, "routeNum": null, "blocker": null, "runner": null}}, {"model": "quiz.position", "pk": 127, "fields": {"startX": 200.0, "startY": 248.0, "name": "QB", "formation": 13, "routeCoordinates": null, "progressionRank": null, "routeNum": null, "blocker": null, "runner": null}}, {"model": "quiz.position", "pk": 128, "fields": {"startX": 83.0, "startY": 275.333312988281, "name": "RB", "formation": 13, "routeCoordinates": null, "progressionRank": null, "routeNum": null, "blocker": null, "runner": null}}, {"model": "quiz.position", "pk": 129, "fields": {"startX": 159.0, "startY": 288.333312988281, "name": "TE", "formation": 13, "routeCoordinates": null, "progressionRank": null, "routeNum": null, "blocker": null, "runner": null}}, {"model": "quiz.position", "pk": 130, "fields": {"startX": 254.0, "startY": 288.333312988281, "name": "WR", "formation": 13, "routeCoordinates": null, "progressionRank": null, "routeNum": null, "blocker": null, "runner": null}}, {"model": "quiz.position", "pk": 131, "fields": {"startX": 134.0, "startY": 168.333312988281, "name": "TE", "formation": 13, "routeCoordinates": null, "progressionRank": null, "routeNum": null, "blocker": null, "runner": null}}, {"model": "quiz.position", "pk": 132, "fields": {"startX": 230.0, "startY": 84.3333129882812, "name": "WR", "formation": 13, "routeCoordinates": null, "progressionRank": null, "routeNum": null, "blocker": null, "runner": null}}, {"model": "quiz.position", "pk": 133, "fields": {"startX": 144.0, "startY": 225.0, "name": "OL", "formation": 14, "routeCoordinates": null, "progressionRank": null, "routeNum": null, "blocker": null, "runner": null}}, {"model": "quiz.position", "pk": 134, "fields": {"startX": 172.0, "startY": 225.0, "name": "OL", "formation": 14, "routeCoordinates": null, "progressionRank": null, "routeNum": null, "blocker": null, "runner": null}}, {"model": "quiz.position", "pk": 135, "fields": {"startX": 200.0, "startY": 220.0, "name": "OL", "formation": 14, "routeCoordinates": null, "progressionRank": null, "routeNum": null, "blocker": null, "runner": null}}, {"model": "quiz.position", "pk": 136, "fields": {"startX": 228.0, "startY": 225.0, "name": "OL", "formation": 14, "routeCoordinates": null, "progressionRank": null, "routeNum": null, "blocker": null, "runner": null}}, {"model": "quiz.position", "pk": 137, "fields": {"startX": 256.0, "startY": 225.0, "name": "OL", "formation": 14, "routeCoordinates": null, "progressionRank": null, "routeNum": null, "blocker": null, "runner": null}}, {"model": "quiz.position", "pk": 138, "fields": {"startX": 200.0, "startY": 248.0, "name": "QB", "formation": 14, "routeCoordinates": null, "progressionRank": null, "routeNum": null, "blocker": null, "runner": null}}, {"model": "quiz.position", "pk": 139, "fields": {"startX": 282.0, "startY": 236.333312988281, "name": "TE", "formation": 14, "routeCoordinates": null, "progressionRank": null, "routeNum": null, "blocker": null, "runner": null}}, {"model": "quiz.position", "pk": 140, "fields": {"startX": 67.0, "startY": 232.333312988281, "name": "WR", "formation": 14, "routeCoordinates": null, "progressionRank": null, "routeNum": null, "blocker": null, "runner": null}}, {"model": "quiz.position", "pk": 141, "fields": {"startX": 202.0, "startY": 316.333312988281, "name": "RB", "formation": 14, "routeCoordinates": null, "progressionRank": null, "routeNum": null, "blocker": null, "runner": null}}, {"model": "quiz.position", "pk": 142, "fields": {"startX": 339.0, "startY": 253.333312988281, "name": "WR", "formation": 14, "routeCoordinates": null, "progressionRank": null, "routeNum": null, "blocker": null, "runner": null}}, {"model": "quiz.position", "pk": 143, "fields": {"startX": 118.0, "startY": 235.333312988281, "name": "TE", "formation": 14, "routeCoordinates": null, "progressionRank": null, "routeNum": null, "blocker": null, "runner": null}}, {"model": "quiz.position", "pk": 144, "fields": {"startX": 144.0, "startY": 225.0, "name": "OL", "formation": 15, "routeCoordinates": null, "progressionRank": null, "routeNum": null, "blocker": null, "runner": null}}, {"model": "quiz.position", "pk": 145, "fields": {"startX": 172.0, "startY": 225.0, "name": "OL", "formation": 15, "routeCoordinates": null, "progressionRank": null, "routeNum": null, "blocker": null, "runner": null}}, {"model": "quiz.position", "pk": 146, "fields": {"startX": 200.0, "startY": 220.0, "name": "OL", "formation": 15, "routeCoordinates": null, "progressionRank": null, "routeNum": null, "blocker": null, "runner": null}}, {"model": "quiz.position", "pk": 147, "fields": {"startX": 228.0, "startY": 225.0, "name": "OL", "formation": 15, "routeCoordinates": null, "progressionRank": null, "routeNum": null, "blocker": null, "runner": null}}, {"model": "quiz.position", "pk": 148, "fields": {"startX": 256.0, "startY": 225.0, "name": "OL", "formation": 15, "routeCoordinates": null, "progressionRank": null, "routeNum": null, "blocker": null, "runner": null}}, {"model": "quiz.position", "pk": 149, "fields": {"startX": 200.0, "startY": 248.0, "name": "QB", "formation": 15, "routeCoordinates": null, "progressionRank": null, "routeNum": null, "blocker": null, "runner": null}}, {"model": "quiz.position", "pk": 150, "fields": {"startX": 202.0, "startY": 315.333312988281, "name": "RB", "formation": 15, "routeCoordinates": null, "progressionRank": null, "routeNum": null, "blocker": null, "runner": null}}, {"model": "quiz.position", "pk": 151, "fields": {"startX": 338.0, "startY": 235.333312988281, "name": "WR", "formation": 15, "routeCoordinates": null, "progressionRank": null, "routeNum": null, "blocker": null, "runner": null}}, {"model": "quiz.position", "pk": 152, "fields": {"startX": 62.0, "startY": 233.333312988281, "name": "WR", "formation": 15, "routeCoordinates": null, "progressionRank": null, "routeNum": null, "blocker": null, "runner": null}}, {"model": "quiz.position", "pk": 153, "fields": {"startX": 146.0, "startY": 328.333312988281, "name": "RB", "formation": 15, "routeCoordinates": null, "progressionRank": null, "routeNum": null, "blocker": null, "runner": null}}, {"model": "quiz.position", "pk": 154, "fields": {"startX": 118.0, "startY": 284.333312988281, "name": "RB", "formation": 15, "routeCoordinates": null, "progressionRank": null, "routeNum": null, "blocker": null, "runner": null}}, {"model": "quiz.position", "pk": 157, "fields": {"startX": 144.0, "startY": 225.0, "name": "OL", "formation": null, "routeCoordinates": null, "progressionRank": null, "routeNum": null, "blocker": null, "runner": null}}, {"model": "quiz.position", "pk": 158, "fields": {"startX": 172.0, "startY": 225.0, "name": "OL", "formation": null, "routeCoordinates": null, "progressionRank": null, "routeNum": null, "blocker": null, "runner": null}}, {"model": "quiz.position", "pk": 159, "fields": {"startX": 200.0, "startY": 220.0, "name": "OL", "formation": null, "routeCoordinates": null, "progressionRank": null, "routeNum": null, "blocker": null, "runner": null}}, {"model": "quiz.position", "pk": 160, "fields": {"startX": 228.0, "startY": 225.0, "name": "OL", "formation": null, "routeCoordinates": null, "progressionRank": null, "routeNum": null, "blocker": null, "runner": null}}, {"model": "quiz.position", "pk": 161, "fields": {"startX": 256.0, "startY": 225.0, "name": "OL", "formation": null, "routeCoordinates": null, "progressionRank": null, "routeNum": null, "blocker": null, "runner": null}}, {"model": "quiz.position", "pk": 162, "fields": {"startX": 200.0, "startY": 248.0, "name": "QB", "formation": null, "routeCoordinates": null, "progressionRank": null, "routeNum": null, "blocker": null, "runner": null}}, {"model": "quiz.position", "pk": 163, "fields": {"startX": 202.0, "startY": 323.333312988281, "name": "RB", "formation": null, "routeCoordinates": null, "progressionRank": null, "routeNum": null, "blocker": null, "runner": null}}, {"model": "quiz.position", "pk": 164, "fields": {"startX": 62.0, "startY": 241.333312988281, "name": "WR", "formation": null, "routeCoordinates": null, "progressionRank": null, "routeNum": null, "blocker": null, "runner": null}}, {"model": "quiz.position", "pk": 165, "fields": {"startX": 342.0, "startY": 244.333312988281, "name": "WR", "formation": null, "routeCoordinates": null, "progressionRank": null, "routeNum": null, "blocker": null, "runner": null}}, {"model": "quiz.position", "pk": 166, "fields": {"startX": 144.0, "startY": 225.0, "name": "OL", "formation": null, "routeCoordinates": null, "progressionRank": null, "routeNum": null, "blocker": null, "runner": null}}, {"model": "quiz.position", "pk": 167, "fields": {"startX": 172.0, "startY": 225.0, "name": "OL", "formation": null, "routeCoordinates": null, "progressionRank": null, "routeNum": null, "blocker": null, "runner": null}}, {"model": "quiz.position", "pk": 168, "fields": {"startX": 144.0, "startY": 225.0, "name": "OL", "formation": null, "routeCoordinates": null, "progressionRank": null, "routeNum": null, "blocker": null, "runner": null}}, {"model": "quiz.position", "pk": 169, "fields": {"startX": 144.0, "startY": 225.0, "name": "OL", "formation": null, "routeCoordinates": "[[44, 46], [55, 57]]", "progressionRank": null, "routeNum": null, "blocker": null, "runner": null}}, {"model": "quiz.position", "pk": 170, "fields": {"startX": 144.0, "startY": 225.0, "name": "OL", "formation": null, "routeCoordinates": "[[144, 225]]", "progressionRank": null, "routeNum": null, "blocker": null, "runner": null}}, {"model": "quiz.position", "pk": 171, "fields": {"startX": 172.0, "startY": 225.0, "name": "OL", "formation": null, "routeCoordinates": "[[172, 225]]", "progressionRank": null, "routeNum": null, "blocker": null, "runner": null}}, {"model": "quiz.position", "pk": 172, "fields": {"startX": 200.0, "startY": 220.0, "name": "OL", "formation": null, "routeCoordinates": "[[200, 220]]", "progressionRank": null, "routeNum": null, "blocker": null, "runner": null}}, {"model": "quiz.position", "pk": 173, "fields": {"startX": 228.0, "startY": 225.0, "name": "OL", "formation": null, "routeCoordinates": null, "progressionRank": null, "routeNum": null, "blocker": null, "runner": null}}, {"model": "quiz.position", "pk": 174, "fields": {"startX": 144.0, "startY": 225.0, "name": "OL", "formation": null, "routeCoordinates": "[[144, 225]]", "progressionRank": null, "routeNum": null, "blocker": null, "runner": null}}, {"model": "quiz.position", "pk": 175, "fields": {"startX": 172.0, "startY": 225.0, "name": "OL", "formation": null, "routeCoordinates": "[[172, 225]]", "progressionRank": null, "routeNum": null, "blocker": null, "runner": null}}, {"model": "quiz.position", "pk": 176, "fields": {"startX": 200.0, "startY": 220.0, "name": "OL", "formation": null, "routeCoordinates": "[[200, 220]]", "progressionRank": null, "routeNum": null, "blocker": null, "runner": null}}, {"model": "quiz.position", "pk": 177, "fields": {"startX": 228.0, "startY": 225.0, "name": "OL", "formation": null, "routeCoordinates": "[[228, 225]]", "progressionRank": null, "routeNum": null, "blocker": null, "runner": null}}, {"model": "quiz.position", "pk": 178, "fields": {"startX": 256.0, "startY": 225.0, "name": "OL", "formation": null, "routeCoordinates": "[[256, 225]]", "progressionRank": null, "routeNum": null, "blocker": null, "runner": null}}, {"model": "quiz.position", "pk": 179, "fields": {"startX": 200.0, "startY": 248.0, "name": "QB", "formation": null, "routeCoordinates": "[[200, 248]]", "progressionRank": null, "routeNum": null, "blocker": null, "runner": null}}, {"model": "quiz.position", "pk": 180, "fields": {"startX": 202.0, "startY": 323.333312988281, "name": "RB", "formation": null, "routeCoordinates": "[[202, 323.333312988281]]", "progressionRank": null, "routeNum": null, "blocker": null, "runner": null}}, {"model": "quiz.position", "pk": 181, "fields": {"startX": 62.0, "startY": 241.333312988281, "name": "WR", "formation": null, "routeCoordinates": "[[62, 241.333312988281]]", "progressionRank": null, "routeNum": null, "blocker": null, "runner": null}}, {"model": "quiz.position", "pk": 182, "fields": {"startX": 342.0, "startY": 244.333312988281, "name": "WR", "formation": null, "routeCoordinates": "[[342, 244.333312988281]]", "progressionRank": null, "routeNum": null, "blocker": null, "runner": null}}, {"model": "quiz.position", "pk": 183, "fields": {"startX": 120.0, "startY": 236.333312988281, "name": "TE", "formation": null, "routeCoordinates": "[[120, 236.333312988281]]", "progressionRank": null, "routeNum": null, "blocker": null, "runner": null}}, {"model": "quiz.position", "pk": 184, "fields": {"startX": 288.0, "startY": 231.333312988281, "name": "TE", "formation": null, "routeCoordinates": "[[288, 231.333312988281]]", "progressionRank": null, "routeNum": null, "blocker": null, "runner": null}}, {"model": "quiz.position", "pk": 185, "fields": {"startX": 144.0, "startY": 225.0, "name": "OL", "formation": null, "routeCoordinates": "[[144, 225]]", "progressionRank": null, "routeNum": null, "blocker": null, "runner": null}}, {"model": "quiz.position", "pk": 186, "fields": {"startX": 172.0, "startY": 225.0, "name": "OL", "formation": null, "routeCoordinates": "[[172, 225]]", "progressionRank": null, "routeNum": null, "blocker": null, "runner": null}}, {"model": "quiz.position", "pk": 187, "fields": {"startX": 200.0, "startY": 220.0, "name": "OL", "formation": null, "routeCoordinates": "[[200, 220]]", "progressionRank": null, "routeNum": null, "blocker": null, "runner": null}}, {"model": "quiz.position", "pk": 188, "fields": {"startX": 228.0, "startY": 225.0, "name": "OL", "formation": null, "routeCoordinates": "[[228, 225]]", "progressionRank": null, "routeNum": null, "blocker": null, "runner": null}}, {"model": "quiz.position", "pk": 189, "fields": {"startX": 256.0, "startY": 225.0, "name": "OL", "formation": null, "routeCoordinates": "[[256, 225]]", "progressionRank": null, "routeNum": null, "blocker": null, "runner": null}}, {"model": "quiz.position", "pk": 190, "fields": {"startX": 200.0, "startY": 248.0, "name": "QB", "formation": null, "routeCoordinates": "[[200, 248]]", "progressionRank": null, "routeNum": null, "blocker": null, "runner": null}}, {"model": "quiz.position", "pk": 191, "fields": {"startX": 202.0, "startY": 323.333312988281, "name": "RB", "formation": null, "routeCoordinates": "[[202, 323.333312988281], [212, 92.33331298828125], [342, 57.33331298828125]]", "progressionRank": null, "routeNum": null, "blocker": null, "runner": null}}, {"model": "quiz.position", "pk": 192, "fields": {"startX": 62.0, "startY": 241.333312988281, "name": "WR", "formation": null, "routeCoordinates": "[[62, 241.333312988281], [35, 167.33331298828125], [147, 95.33331298828125]]", "progressionRank": null, "routeNum": null, "blocker": null, "runner": null}}, {"model": "quiz.position", "pk": 193, "fields": {"startX": 342.0, "startY": 244.333312988281, "name": "WR", "formation": null, "routeCoordinates": "[[342, 244.333312988281], [342, 87.33331298828125]]", "progressionRank": null, "routeNum": null, "blocker": null, "runner": null}}, {"model": "quiz.position", "pk": 194, "fields": {"startX": 120.0, "startY": 236.333312988281, "name": "TE", "formation": null, "routeCoordinates": "[[120, 236.333312988281], [171, 127.33331298828125], [247, 71.33331298828125]]", "progressionRank": null, "routeNum": null, "blocker": null, "runner": null}}, {"model": "quiz.position", "pk": 195, "fields": {"startX": 288.0, "startY": 231.333312988281, "name": "TE", "formation": null, "routeCoordinates": "[[288, 231.333312988281], [102, 28.33331298828125]]", "progressionRank": null, "routeNum": null, "blocker": null, "runner": null}}, {"model": "quiz.position", "pk": 196, "fields": {"startX": 144.0, "startY": 225.0, "name": "OL", "formation": null, "routeCoordinates": "[[144, 225]]", "progressionRank": null, "routeNum": null, "blocker": null, "runner": null}}, {"model": "quiz.position", "pk": 197, "fields": {"startX": 144.0, "startY": 225.0, "name": "OL", "formation": null, "routeCoordinates": "[[144, 225]]", "progressionRank": null, "routeNum": null, "blocker": false, "runner": false}}, {"model": "quiz.position", "pk": 198, "fields": {"startX": 172.0, "startY": 225.0, "name": "OL", "formation": null, "routeCoordinates": "[[172, 225]]", "progressionRank": null, "routeNum": null, "blocker": false, "runner": false}}, {"model": "quiz.position", "pk": 199, "fields": {"startX": 200.0, "startY": 220.0, "name": "OL", "formation": null, "routeCoordinates": "[[200, 220]]", "progressionRank": null, "routeNum": null, "blocker": false, "runner": false}}, {"model": "quiz.position", "pk": 200, "fields": {"startX": 228.0, "startY": 225.0, "name": "OL", "formation": null, "routeCoordinates": "[[228, 225]]", "progressionRank": null, "routeNum": null, "blocker": false, "runner": false}}, {"model": "quiz.position", "pk": 201, "fields": {"startX": 256.0, "startY": 225.0, "name": "OL", "formation": null, "routeCoordinates": "[[256, 225]]", "progressionRank": null, "routeNum": null, "blocker": false, "runner": false}}, {"model": "quiz.position", "pk": 202, "fields": {"startX": 200.0, "startY": 248.0, "name": "QB", "formation": null, "routeCoordinates": "[[200, 248]]", "progressionRank": null, "routeNum": null, "blocker": false, "runner": false}}, {"model": "quiz.position", "pk": 203, "fields": {"startX": 202.0, "startY": 323.333312988281, "name": "RB", "formation": null, "routeCoordinates": "[[202, 323.333312988281]]", "progressionRank": null, "routeNum": null, "blocker": false, "runner": false}}, {"model": "quiz.position", "pk": 204, "fields": {"startX": 62.0, "startY": 241.333312988281, "name": "WR", "formation": null, "routeCoordinates": "[[62, 241.333312988281], [63, 148.33331298828125]]", "progressionRank": null, "routeNum": null, "blocker": false, "runner": false}}, {"model": "quiz.position", "pk": 205, "fields": {"startX": 342.0, "startY": 244.333312988281, "name": "WR", "formation": null, "routeCoordinates": "[[342, 244.333312988281]]", "progressionRank": null, "routeNum": null, "blocker": false, "runner": false}}, {"model": "quiz.position", "pk": 206, "fields": {"startX": 120.0, "startY": 236.333312988281, "name": "TE", "formation": null, "routeCoordinates": "[[120, 236.333312988281]]", "progressionRank": null, "routeNum": null, "blocker": false, "runner": false}}, {"model": "quiz.position", "pk": 207, "fields": {"startX": 288.0, "startY": 231.333312988281, "name": "TE", "formation": null, "routeCoordinates": "[[288, 231.333312988281]]", "progressionRank": null, "routeNum": null, "blocker": false, "runner": false}}, {"model": "quiz.position", "pk": 208, "fields": {"startX": 144.0, "startY": 225.0, "name": "OL", "formation": null, "routeCoordinates": "[[144, 225]]", "progressionRank": null, "routeNum": null, "blocker": false, "runner": false}}, {"model": "quiz.position", "pk": 209, "fields": {"startX": 172.0, "startY": 225.0, "name": "OL", "formation": null, "routeCoordinates": "[[172, 225]]", "progressionRank": null, "routeNum": null, "blocker": false, "runner": false}}, {"model": "quiz.position", "pk": 210, "fields": {"startX": 200.0, "startY": 220.0, "name": "OL", "formation": null, "routeCoordinates": "[[200, 220]]", "progressionRank": null, "routeNum": null, "blocker": false, "runner": false}}, {"model": "quiz.position", "pk": 211, "fields": {"startX": 228.0, "startY": 225.0, "name": "OL", "formation": null, "routeCoordinates": "[[228, 225]]", "progressionRank": null, "routeNum": null, "blocker": false, "runner": false}}, {"model": "quiz.position", "pk": 212, "fields": {"startX": 256.0, "startY": 225.0, "name": "OL", "formation": null, "routeCoordinates": "[[256, 225]]", "progressionRank": null, "routeNum": null, "blocker": false, "runner": false}}, {"model": "quiz.position", "pk": 213, "fields": {"startX": 200.0, "startY": 248.0, "name": "QB", "formation": null, "routeCoordinates": "[[200, 248]]", "progressionRank": null, "routeNum": null, "blocker": false, "runner": false}}, {"model": "quiz.position", "pk": 214, "fields": {"startX": 202.0, "startY": 323.333312988281, "name": "RB", "formation": null, "routeCoordinates": "[[202, 323.333312988281]]", "progressionRank": null, "routeNum": null, "blocker": false, "runner": false}}, {"model": "quiz.position", "pk": 215, "fields": {"startX": 62.0, "startY": 241.333312988281, "name": "WR", "formation": null, "routeCoordinates": "[[62, 241.333312988281], [66, 127.33331298828125], [164, 77.33331298828125]]", "progressionRank": null, "routeNum": null, "blocker": false, "runner": false}}, {"model": "quiz.position", "pk": 216, "fields": {"startX": 342.0, "startY": 244.333312988281, "name": "WR", "formation": null, "routeCoordinates": "[[342, 244.333312988281]]", "progressionRank": null, "routeNum": null, "blocker": false, "runner": false}}, {"model": "quiz.position", "pk": 217, "fields": {"startX": 120.0, "startY": 236.333312988281, "name": "TE", "formation": null, "routeCoordinates": "[[120, 236.333312988281]]", "progressionRank": null, "routeNum": null, "blocker": false, "runner": false}}, {"model": "quiz.position", "pk": 218, "fields": {"startX": 288.0, "startY": 231.333312988281, "name": "TE", "formation": null, "routeCoordinates": "[[288, 231.333312988281]]", "progressionRank": null, "routeNum": null, "blocker": false, "runner": false}}, {"model": "quiz.position", "pk": 219, "fields": {"startX": 144.0, "startY": 225.0, "name": "OL", "formation": null, "routeCoordinates": "[[144, 225]]", "progressionRank": null, "routeNum": null, "blocker": false, "runner": false}}, {"model": "quiz.position", "pk": 220, "fields": {"startX": 172.0, "startY": 225.0, "name": "OL", "formation": null, "routeCoordinates": "[[172, 225]]", "progressionRank": null, "routeNum": null, "blocker": false, "runner": false}}, {"model": "quiz.position", "pk": 221, "fields": {"startX": 200.0, "startY": 220.0, "name": "OL", "formation": null, "routeCoordinates": "[[200, 220]]", "progressionRank": null, "routeNum": null, "blocker": false, "runner": false}}, {"model": "quiz.position", "pk": 222, "fields": {"startX": 228.0, "startY": 225.0, "name": "OL", "formation": null, "routeCoordinates": "[[228, 225]]", "progressionRank": null, "routeNum": null, "blocker": false, "runner": false}}, {"model": "quiz.position", "pk": 223, "fields": {"startX": 256.0, "startY": 225.0, "name": "OL", "formation": null, "routeCoordinates": "[[256, 225]]", "progressionRank": null, "routeNum": null, "blocker": false, "runner": false}}, {"model": "quiz.position", "pk": 224, "fields": {"startX": 200.0, "startY": 248.0, "name": "QB", "formation": null, "routeCoordinates": "[[200, 248]]", "progressionRank": null, "routeNum": null, "blocker": false, "runner": false}}, {"model": "quiz.position", "pk": 225, "fields": {"startX": 202.0, "startY": 323.333312988281, "name": "RB", "formation": null, "routeCoordinates": "[[202, 323.333312988281]]", "progressionRank": null, "routeNum": null, "blocker": false, "runner": false}}, {"model": "quiz.position", "pk": 226, "fields": {"startX": 62.0, "startY": 241.333312988281, "name": "WR", "formation": null, "routeCoordinates": "[[62, 241.333312988281], [46, 149.33331298828125]]", "progressionRank": null, "routeNum": null, "blocker": false, "runner": false}}, {"model": "quiz.position", "pk": 227, "fields": {"startX": 342.0, "startY": 244.333312988281, "name": "WR", "formation": null, "routeCoordinates": "[[342, 244.333312988281]]", "progressionRank": null, "routeNum": null, "blocker": false, "runner": false}}, {"model": "quiz.position", "pk": 228, "fields": {"startX": 120.0, "startY": 236.333312988281, "name": "TE", "formation": null, "routeCoordinates": "[[120, 236.333312988281], [119, 120.33331298828125], [255, 45.33331298828125]]", "progressionRank": null, "routeNum": null, "blocker": false, "runner": false}}, {"model": "quiz.position", "pk": 229, "fields": {"startX": 288.0, "startY": 231.333312988281, "name": "TE", "formation": null, "routeCoordinates": "[[288, 231.333312988281], [286, 107.33331298828125], [214, 123.33331298828125]]", "progressionRank": null, "routeNum": null, "blocker": false, "runner": false}}, {"model": "quiz.position", "pk": 230, "fields": {"startX": 144.0, "startY": 225.0, "name": "OL", "formation": null, "routeCoordinates": "[[144, 225]]", "progressionRank": null, "routeNum": null, "blocker": false, "runner": false}}, {"model": "quiz.position", "pk": 231, "fields": {"startX": 172.0, "startY": 225.0, "name": "OL", "formation": null, "routeCoordinates": "[[172, 225]]", "progressionRank": null, "routeNum": null, "blocker": false, "runner": false}}, {"model": "quiz.position", "pk": 232, "fields": {"startX": 200.0, "startY": 220.0, "name": "OL", "formation": null, "routeCoordinates": "[[200, 220]]", "progressionRank": null, "routeNum": null, "blocker": false, "runner": false}}, {"model": "quiz.position", "pk": 233, "fields": {"startX": 228.0, "startY": 225.0, "name": "OL", "formation": null, "routeCoordinates": "[[228, 225]]", "progressionRank": null, "routeNum": null, "blocker": false, "runner": false}}, {"model": "quiz.position", "pk": 234, "fields": {"startX": 256.0, "startY": 225.0, "name": "OL", "formation": null, "routeCoordinates": "[[256, 225]]", "progressionRank": null, "routeNum": null, "blocker": false, "runner": false}}, {"model": "quiz.position", "pk": 235, "fields": {"startX": 200.0, "startY": 248.0, "name": "QB", "formation": null, "routeCoordinates": "[[200, 248]]", "progressionRank": null, "routeNum": null, "blocker": false, "runner": false}}, {"model": "quiz.position", "pk": 236, "fields": {"startX": 119.0, "startY": 233.333312988281, "name": "TE", "formation": null, "routeCoordinates": "[[119, 233.333312988281], [88, 153.33331298828125]]", "progressionRank": null, "routeNum": null, "blocker": false, "runner": false}}, {"model": "quiz.position", "pk": 237, "fields": {"startX": 279.0, "startY": 235.333312988281, "name": "TE", "formation": null, "routeCoordinates": "[[279, 235.333312988281], [272, 73.33331298828125], [348, 77.33331298828125]]", "progressionRank": null, "routeNum": null, "blocker": false, "runner": false}}, {"model": "quiz.position", "pk": 238, "fields": {"startX": 303.0, "startY": 248.333312988281, "name": "TE", "formation": null, "routeCoordinates": "[[303, 248.333312988281]]", "progressionRank": null, "routeNum": null, "blocker": false, "runner": false}}, {"model": "quiz.position", "pk": 239, "fields": {"startX": 200.0, "startY": 288.333312988281, "name": "RB", "formation": null, "routeCoordinates": "[[200, 288.333312988281]]", "progressionRank": null, "routeNum": null, "blocker": false, "runner": false}}, {"model": "quiz.position", "pk": 240, "fields": {"startX": 199.0, "startY": 321.333312988281, "name": "RB", "formation": null, "routeCoordinates": "[[199, 321.333312988281]]", "progressionRank": null, "routeNum": null, "blocker": false, "runner": false}}, {"model": "quiz.position", "pk": 241, "fields": {"startX": 144.0, "startY": 225.0, "name": "OL", "formation": null, "routeCoordinates": "[[144, 225]]", "progressionRank": null, "routeNum": null, "blocker": false, "runner": false}}, {"model": "quiz.position", "pk": 242, "fields": {"startX": 172.0, "startY": 225.0, "name": "OL", "formation": null, "routeCoordinates": "[[172, 225]]", "progressionRank": null, "routeNum": null, "blocker": false, "runner": false}}, {"model": "quiz.position", "pk": 243, "fields": {"startX": 200.0, "startY": 220.0, "name": "OL", "formation": null, "routeCoordinates": "[[200, 220]]", "progressionRank": null, "routeNum": null, "blocker": false, "runner": false}}, {"model": "quiz.position", "pk": 244, "fields": {"startX": 228.0, "startY": 225.0, "name": "OL", "formation": null, "routeCoordinates": "[[228, 225]]", "progressionRank": null, "routeNum": null, "blocker": false, "runner": false}}, {"model": "quiz.position", "pk": 245, "fields": {"startX": 256.0, "startY": 225.0, "name": "OL", "formation": null, "routeCoordinates": "[[256, 225]]", "progressionRank": null, "routeNum": null, "blocker": false, "runner": false}}, {"model": "quiz.position", "pk": 246, "fields": {"startX": 200.0, "startY": 248.0, "name": "QB", "formation": null, "routeCoordinates": "[[200, 248]]", "progressionRank": null, "routeNum": null, "blocker": false, "runner": false}}, {"model": "quiz.position", "pk": 247, "fields": {"startX": 120.0, "startY": 237.333312988281, "name": "TE", "formation": null, "routeCoordinates": "[[120, 237.333312988281], [124, 88.33331298828125], [272, 87.33331298828125]]", "progressionRank": null, "routeNum": null, "blocker": false, "runner": false}}, {"model": "quiz.position", "pk": 248, "fields": {"startX": 55.0, "startY": 251.333312988281, "name": "TE", "formation": null, "routeCoordinates": "[[55, 251.333312988281], [18, 144.33331298828125]]", "progressionRank": null, "routeNum": null, "blocker": false, "runner": false}}, {"model": "quiz.position", "pk": 249, "fields": {"startX": 42.0, "startY": 313.333312988281, "name": "RB", "formation": null, "routeCoordinates": "[[42, 313.333312988281]]", "progressionRank": null, "routeNum": null, "blocker": false, "runner": false}}, {"model": "quiz.position", "pk": 250, "fields": {"startX": 106.0, "startY": 308.333312988281, "name": "RB", "formation": null, "routeCoordinates": "[[106, 308.333312988281]]", "progressionRank": null, "routeNum": null, "blocker": false, "runner": false}}, {"model": "quiz.position", "pk": 251, "fields": {"startX": 142.0, "startY": 296.333312988281, "name": "RB", "formation": null, "routeCoordinates": "[[142, 296.333312988281]]", "progressionRank": null, "routeNum": null, "blocker": false, "runner": false}}, {"model": "quiz.position", "pk": 252, "fields": {"startX": 144.0, "startY": 225.0, "name": "OL", "formation": null, "routeCoordinates": "[[144, 225]]", "progressionRank": null, "routeNum": null, "blocker": false, "runner": false}}, {"model": "quiz.position", "pk": 253, "fields": {"startX": 172.0, "startY": 225.0, "name": "OL", "formation": null, "routeCoordinates": "[[172, 225]]", "progressionRank": null, "routeNum": null, "blocker": false, "runner": false}}, {"model": "quiz.position", "pk": 254, "fields": {"startX": 200.0, "startY": 220.0, "name": "OL", "formation": null, "routeCoordinates": "[[200, 220]]", "progressionRank": null, "routeNum": null, "blocker": false, "runner": false}}, {"model": "quiz.position", "pk": 255, "fields": {"startX": 228.0, "startY": 225.0, "name": "OL", "formation": null, "routeCoordinates": "[[228, 225]]", "progressionRank": null, "routeNum": null, "blocker": false, "runner": false}}, {"model": "quiz.position", "pk": 256, "fields": {"startX": 256.0, "startY": 225.0, "name": "OL", "formation": null, "routeCoordinates": "[[256, 225]]", "progressionRank": null, "routeNum": null, "blocker": false, "runner": false}}, {"model": "quiz.position", "pk": 257, "fields": {"startX": 200.0, "startY": 248.0, "name": "QB", "formation": null, "routeCoordinates": "[[200, 248]]", "progressionRank": null, "routeNum": null, "blocker": false, "runner": false}}, {"model": "quiz.position", "pk": 258, "fields": {"startX": 202.0, "startY": 323.333312988281, "name": "RB", "formation": null, "routeCoordinates": "[[202, 323.333312988281]]", "progressionRank": null, "routeNum": null, "blocker": false, "runner": false}}, {"model": "quiz.position", "pk": 259, "fields": {"startX": 62.0, "startY": 241.333312988281, "name": "WR", "formation": null, "routeCoordinates": "[[62, 241.333312988281]]", "progressionRank": null, "routeNum": null, "blocker": false, "runner": false}}, {"model": "quiz.position", "pk": 260, "fields": {"startX": 342.0, "startY": 244.333312988281, "name": "WR", "formation": null, "routeCoordinates": "[[342, 244.333312988281]]", "progressionRank": null, "routeNum": null, "blocker": false, "runner": false}}, {"model": "quiz.position", "pk": 261, "fields": {"startX": 120.0, "startY": 236.333312988281, "name": "TE", "formation": null, "routeCoordinates": "[[120, 236.333312988281]]", "progressionRank": null, "routeNum": null, "blocker": false, "runner": false}}, {"model": "quiz.position", "pk": 262, "fields": {"startX": 288.0, "startY": 231.333312988281, "name": "TE", "formation": null, "routeCoordinates": "[[288, 231.333312988281]]", "progressionRank": null, "routeNum": null, "blocker": false, "runner": false}}, {"model": "quiz.position", "pk": 263, "fields": {"startX": 144.0, "startY": 225.0, "name": "OL", "formation": null, "routeCoordinates": "[[144, 225]]", "progressionRank": null, "routeNum": null, "blocker": false, "runner": false}}, {"model": "quiz.position", "pk": 264, "fields": {"startX": 172.0, "startY": 225.0, "name": "OL", "formation": null, "routeCoordinates": "[[172, 225]]", "progressionRank": null, "routeNum": null, "blocker": false, "runner": false}}, {"model": "quiz.position", "pk": 265, "fields": {"startX": 200.0, "startY": 220.0, "name": "OL", "formation": null, "routeCoordinates": "[[200, 220]]", "progressionRank": null, "routeNum": null, "blocker": false, "runner": false}}, {"model": "quiz.position", "pk": 266, "fields": {"startX": 228.0, "startY": 225.0, "name": "OL", "formation": null, "routeCoordinates": "[[228, 225]]", "progressionRank": null, "routeNum": null, "blocker": false, "runner": false}}, {"model": "quiz.position", "pk": 267, "fields": {"startX": 256.0, "startY": 225.0, "name": "OL", "formation": null, "routeCoordinates": "[[256, 225]]", "progressionRank": null, "routeNum": null, "blocker": false, "runner": false}}, {"model": "quiz.position", "pk": 268, "fields": {"startX": 200.0, "startY": 248.0, "name": "QB", "formation": null, "routeCoordinates": "[[200, 248]]", "progressionRank": null, "routeNum": null, "blocker": false, "runner": false}}, {"model": "quiz.position", "pk": 269, "fields": {"startX": 202.0, "startY": 323.333312988281, "name": "RB", "formation": null, "routeCoordinates": "[[202, 323.333312988281]]", "progressionRank": null, "routeNum": null, "blocker": false, "runner": false}}, {"model": "quiz.position", "pk": 270, "fields": {"startX": 62.0, "startY": 241.333312988281, "name": "WR", "formation": null, "routeCoordinates": "[[62, 241.333312988281]]", "progressionRank": null, "routeNum": null, "blocker": false, "runner": false}}, {"model": "quiz.position", "pk": 271, "fields": {"startX": 342.0, "startY": 244.333312988281, "name": "WR", "formation": null, "routeCoordinates": "[[342, 244.333312988281]]", "progressionRank": null, "routeNum": null, "blocker": false, "runner": false}}, {"model": "quiz.position", "pk": 272, "fields": {"startX": 120.0, "startY": 236.333312988281, "name": "TE", "formation": null, "routeCoordinates": "[[120, 236.333312988281]]", "progressionRank": null, "routeNum": null, "blocker": false, "runner": false}}, {"model": "quiz.position", "pk": 273, "fields": {"startX": 288.0, "startY": 231.333312988281, "name": "TE", "formation": null, "routeCoordinates": "[[288, 231.333312988281]]", "progressionRank": null, "routeNum": null, "blocker": false, "runner": false}}, {"model": "quiz.position", "pk": 274, "fields": {"startX": 144.0, "startY": 225.0, "name": "OL", "formation": null, "routeCoordinates": "[[144, 225]]", "progressionRank": null, "routeNum": null, "blocker": false, "runner": false}}, {"model": "quiz.position", "pk": 275, "fields": {"startX": 172.0, "startY": 225.0, "name": "OL", "formation": null, "routeCoordinates": "[[172, 225]]", "progressionRank": null, "routeNum": null, "blocker": false, "runner": false}}, {"model": "quiz.position", "pk": 276, "fields": {"startX": 200.0, "startY": 220.0, "name": "OL", "formation": null, "routeCoordinates": "[[200, 220]]", "progressionRank": null, "routeNum": null, "blocker": false, "runner": false}}, {"model": "quiz.position", "pk": 277, "fields": {"startX": 228.0, "startY": 225.0, "name": "OL", "formation": null, "routeCoordinates": "[[228, 225]]", "progressionRank": null, "routeNum": null, "blocker": false, "runner": false}}, {"model": "quiz.position", "pk": 278, "fields": {"startX": 256.0, "startY": 225.0, "name": "OL", "formation": null, "routeCoordinates": "[[256, 225]]", "progressionRank": null, "routeNum": null, "blocker": false, "runner": false}}, {"model": "quiz.position", "pk": 279, "fields": {"startX": 200.0, "startY": 248.0, "name": "QB", "formation": null, "routeCoordinates": "[[200, 248]]", "progressionRank": null, "routeNum": null, "blocker": false, "runner": false}}, {"model": "quiz.position", "pk": 280, "fields": {"startX": 202.0, "startY": 323.333312988281, "name": "RB", "formation": null, "routeCoordinates": "[[202, 323.333312988281]]", "progressionRank": null, "routeNum": null, "blocker": false, "runner": false}}, {"model": "quiz.position", "pk": 281, "fields": {"startX": 62.0, "startY": 241.333312988281, "name": "WR", "formation": null, "routeCoordinates": "[[62, 241.333312988281]]", "progressionRank": null, "routeNum": null, "blocker": false, "runner": false}}, {"model": "quiz.position", "pk": 282, "fields": {"startX": 342.0, "startY": 244.333312988281, "name": "WR", "formation": null, "routeCoordinates": "[[342, 244.333312988281]]", "progressionRank": null, "routeNum": null, "blocker": false, "runner": false}}, {"model": "quiz.position", "pk": 283, "fields": {"startX": 120.0, "startY": 236.333312988281, "name": "TE", "formation": null, "routeCoordinates": "[[120, 236.333312988281]]", "progressionRank": null, "routeNum": null, "blocker": false, "runner": false}}, {"model": "quiz.position", "pk": 284, "fields": {"startX": 288.0, "startY": 231.333312988281, "name": "TE", "formation": null, "routeCoordinates": "[[288, 231.333312988281]]", "progressionRank": null, "routeNum": null, "blocker": false, "runner": false}}, {"model": "quiz.position", "pk": 285, "fields": {"startX": 144.0, "startY": 225.0, "name": "OL", "formation": null, "routeCoordinates": "[[144, 225]]", "progressionRank": null, "routeNum": null, "blocker": false, "runner": false}}, {"model": "quiz.position", "pk": 286, "fields": {"startX": 172.0, "startY": 225.0, "name": "OL", "formation": null, "routeCoordinates": "[[172, 225]]", "progressionRank": null, "routeNum": null, "blocker": false, "runner": false}}, {"model": "quiz.position", "pk": 287, "fields": {"startX": 200.0, "startY": 220.0, "name": "OL", "formation": null, "routeCoordinates": "[[200, 220]]", "progressionRank": null, "routeNum": null, "blocker": false, "runner": false}}, {"model": "quiz.position", "pk": 288, "fields": {"startX": 228.0, "startY": 225.0, "name": "OL", "formation": null, "routeCoordinates": "[[228, 225]]", "progressionRank": null, "routeNum": null, "blocker": false, "runner": false}}, {"model": "quiz.position", "pk": 289, "fields": {"startX": 256.0, "startY": 225.0, "name": "OL", "formation": null, "routeCoordinates": "[[256, 225]]", "progressionRank": null, "routeNum": null, "blocker": false, "runner": false}}, {"model": "quiz.position", "pk": 290, "fields": {"startX": 200.0, "startY": 248.0, "name": "QB", "formation": null, "routeCoordinates": "[[200, 248]]", "progressionRank": null, "routeNum": null, "blocker": false, "runner": false}}, {"model": "quiz.position", "pk": 291, "fields": {"startX": 202.0, "startY": 323.333312988281, "name": "RB", "formation": null, "routeCoordinates": "[[202, 323.333312988281]]", "progressionRank": null, "routeNum": null, "blocker": false, "runner": false}}, {"model": "quiz.position", "pk": 292, "fields": {"startX": 62.0, "startY": 241.333312988281, "name": "WR", "formation": null, "routeCoordinates": "[[62, 241.333312988281]]", "progressionRank": null, "routeNum": null, "blocker": false, "runner": false}}, {"model": "quiz.position", "pk": 293, "fields": {"startX": 342.0, "startY": 244.333312988281, "name": "WR", "formation": null, "routeCoordinates": "[[342, 244.333312988281]]", "progressionRank": null, "routeNum": null, "blocker": false, "runner": false}}, {"model": "quiz.position", "pk": 294, "fields": {"startX": 120.0, "startY": 236.333312988281, "name": "TE", "formation": null, "routeCoordinates": "[[120, 236.333312988281]]", "progressionRank": null, "routeNum": null, "blocker": false, "runner": false}}, {"model": "quiz.position", "pk": 295, "fields": {"startX": 288.0, "startY": 231.333312988281, "name": "TE", "formation": null, "routeCoordinates": "[[288, 231.333312988281]]", "progressionRank": null, "routeNum": null, "blocker": false, "runner": false}}, {"model": "quiz.position", "pk": 296, "fields": {"startX": 144.0, "startY": 225.0, "name": "OL", "formation": null, "routeCoordinates": "[[144, 225]]", "progressionRank": 0, "routeNum": null, "blocker": false, "runner": false}}, {"model": "quiz.position", "pk": 297, "fields": {"startX": 172.0, "startY": 225.0, "name": "OL", "formation": null, "routeCoordinates": "[[172, 225]]", "progressionRank": 0, "routeNum": null, "blocker": false, "runner": false}}, {"model": "quiz.position", "pk": 298, "fields": {"startX": 200.0, "startY": 220.0, "name": "OL", "formation": null, "routeCoordinates": "[[200, 220]]", "progressionRank": 0, "routeNum": null, "blocker": false, "runner": false}}, {"model": "quiz.position", "pk": 299, "fields": {"startX": 228.0, "startY": 225.0, "name": "OL", "formation": null, "routeCoordinates": "[[228, 225]]", "progressionRank": 0, "routeNum": null, "blocker": false, "runner": false}}, {"model": "quiz.position", "pk": 300, "fields": {"startX": 256.0, "startY": 225.0, "name": "OL", "formation": null, "routeCoordinates": "[[256, 225]]", "progressionRank": 0, "routeNum": null, "blocker": false, "runner": false}}, {"model": "quiz.position", "pk": 301, "fields": {"startX": 200.0, "startY": 248.0, "name": "QB", "formation": null, "routeCoordinates": "[[200, 248]]", "progressionRank": 0, "routeNum": null, "blocker": false, "runner": false}}, {"model": "quiz.position", "pk": 302, "fields": {"startX": 202.0, "startY": 323.333312988281, "name": "RB", "formation": null, "routeCoordinates": "[[202, 323.333312988281]]", "progressionRank": 3, "routeNum": null, "blocker": false, "runner": false}}, {"model": "quiz.position", "pk": 303, "fields": {"startX": 62.0, "startY": 241.333312988281, "name": "WR", "formation": null, "routeCoordinates": "[[62, 241.333312988281]]", "progressionRank": 1, "routeNum": null, "blocker": false, "runner": false}}, {"model": "quiz.position", "pk": 304, "fields": {"startX": 342.0, "startY": 244.333312988281, "name": "WR", "formation": null, "routeCoordinates": "[[342, 244.333312988281]]", "progressionRank": 0, "routeNum": null, "blocker": false, "runner": false}}, {"model": "quiz.position", "pk": 305, "fields": {"startX": 120.0, "startY": 236.333312988281, "name": "TE", "formation": null, "routeCoordinates": "[[120, 236.333312988281]]", "progressionRank": 2, "routeNum": null, "blocker": false, "runner": false}}, {"model": "quiz.position", "pk": 306, "fields": {"startX": 288.0, "startY": 231.333312988281, "name": "TE", "formation": null, "routeCoordinates": "[[288, 231.333312988281]]", "progressionRank": 0, "routeNum": null, "blocker": false, "runner": false}}, {"model": "quiz.position", "pk": 307, "fields": {"startX": 144.0, "startY": 225.0, "name": "OL", "formation": null, "routeCoordinates": "[[144, 225]]", "progressionRank": 0, "routeNum": null, "blocker": false, "runner": false}}, {"model": "quiz.position", "pk": 308, "fields": {"startX": 172.0, "startY": 225.0, "name": "OL", "formation": null, "routeCoordinates": "[[172, 225]]", "progressionRank": 0, "routeNum": null, "blocker": false, "runner": false}}, {"model": "quiz.position", "pk": 309, "fields": {"startX": 200.0, "startY": 220.0, "name": "OL", "formation": null, "routeCoordinates": "[[200, 220]]", "progressionRank": 0, "routeNum": null, "blocker": false, "runner": false}}, {"model": "quiz.position", "pk": 310, "fields": {"startX": 228.0, "startY": 225.0, "name": "OL", "formation": null, "routeCoordinates": "[[228, 225]]", "progressionRank": 0, "routeNum": null, "blocker": false, "runner": false}}, {"model": "quiz.position", "pk": 311, "fields": {"startX": 256.0, "startY": 225.0, "name": "OL", "formation": null, "routeCoordinates": "[[256, 225]]", "progressionRank": 0, "routeNum": null, "blocker": false, "runner": false}}, {"model": "quiz.position", "pk": 312, "fields": {"startX": 200.0, "startY": 248.0, "name": "QB", "formation": null, "routeCoordinates": "[[200, 248]]", "progressionRank": 0, "routeNum": null, "blocker": false, "runner": false}}, {"model": "quiz.position", "pk": 313, "fields": {"startX": 202.0, "startY": 323.333312988281, "name": "RB", "formation": null, "routeCoordinates": "[[202, 323.333312988281], [195, 125.33331298828125], [378, 127.33331298828125]]", "progressionRank": 5, "routeNum": null, "blocker": false, "runner": false}}, {"model": "quiz.position", "pk": 314, "fields": {"startX": 62.0, "startY": 241.333312988281, "name": "WR", "formation": null, "routeCoordinates": "[[62, 241.333312988281], [76, 132.33331298828125], [178, 64.33331298828125]]", "progressionRank": 1, "routeNum": null, "blocker": false, "runner": false}}, {"model": "quiz.position", "pk": 315, "fields": {"startX": 342.0, "startY": 244.333312988281, "name": "WR", "formation": null, "routeCoordinates": "[[342, 244.333312988281], [352, 120.33331298828125], [208, 68.33331298828125]]", "progressionRank": 4, "routeNum": null, "blocker": false, "runner": false}}, {"model": "quiz.position", "pk": 316, "fields": {"startX": 120.0, "startY": 236.333312988281, "name": "TE", "formation": null, "routeCoordinates": "[[120, 236.333312988281], [7, 152.33331298828125]]", "progressionRank": 2, "routeNum": null, "blocker": false, "runner": false}}, {"model": "quiz.position", "pk": 317, "fields": {"startX": 288.0, "startY": 231.333312988281, "name": "TE", "formation": null, "routeCoordinates": "[[288, 231.333312988281], [324, 317.33331298828125]]", "progressionRank": 3, "routeNum": null, "blocker": false, "runner": false}}, {"model": "quiz.position", "pk": 318, "fields": {"startX": 144.0, "startY": 225.0, "name": "OL", "formation": null, "routeCoordinates": "[[144, 225]]", "progressionRank": 0, "routeNum": null, "blocker": false, "runner": false}}, {"model": "quiz.position", "pk": 319, "fields": {"startX": 172.0, "startY": 225.0, "name": "OL", "formation": null, "routeCoordinates": "[[172, 225]]", "progressionRank": 0, "routeNum": null, "blocker": false, "runner": false}}, {"model": "quiz.position", "pk": 320, "fields": {"startX": 200.0, "startY": 220.0, "name": "OL", "formation": null, "routeCoordinates": "[[200, 220]]", "progressionRank": 0, "routeNum": null, "blocker": false, "runner": false}}, {"model": "quiz.position", "pk": 321, "fields": {"startX": 228.0, "startY": 225.0, "name": "OL", "formation": null, "routeCoordinates": "[[228, 225]]", "progressionRank": 0, "routeNum": null, "blocker": false, "runner": false}}, {"model": "quiz.position", "pk": 322, "fields": {"startX": 256.0, "startY": 225.0, "name": "OL", "formation": null, "routeCoordinates": "[[256, 225]]", "progressionRank": 0, "routeNum": null, "blocker": false, "runner": false}}, {"model": "quiz.position", "pk": 323, "fields": {"startX": 200.0, "startY": 248.0, "name": "QB", "formation": null, "routeCoordinates": "[[200, 248]]", "progressionRank": 0, "routeNum": null, "blocker": false, "runner": false}}, {"model": "quiz.position", "pk": 324, "fields": {"startX": 119.0, "startY": 233.333312988281, "name": "TE", "formation": null, "routeCoordinates": "[[119, 233.333312988281], [110, 96.33331298828125], [234, 52.33331298828125]]", "progressionRank": 1, "routeNum": null, "blocker": false, "runner": false}}, {"model": "quiz.position", "pk": 325, "fields": {"startX": 279.0, "startY": 235.333312988281, "name": "TE", "formation": null, "routeCoordinates": "[[279, 235.333312988281]]", "progressionRank": 0, "routeNum": null, "blocker": false, "runner": false}}, {"model": "quiz.position", "pk": 326, "fields": {"startX": 303.0, "startY": 248.333312988281, "name": "TE", "formation": null, "routeCoordinates": "[[303, 248.333312988281], [282, 99.33331298828125], [190, 127.33331298828125]]", "progressionRank": 2, "routeNum": null, "blocker": false, "runner": false}}, {"model": "quiz.position", "pk": 327, "fields": {"startX": 200.0, "startY": 288.333312988281, "name": "RB", "formation": null, "routeCoordinates": "[[200, 288.333312988281]]", "progressionRank": 0, "routeNum": null, "blocker": false, "runner": false}}, {"model": "quiz.position", "pk": 328, "fields": {"startX": 199.0, "startY": 321.333312988281, "name": "RB", "formation": null, "routeCoordinates": "[[199, 321.333312988281]]", "progressionRank": 0, "routeNum": null, "blocker": false, "runner": false}}, {"model": "quiz.position", "pk": 329, "fields": {"startX": 144.0, "startY": 225.0, "name": "OL", "formation": null, "routeCoordinates": "[[144, 225]]", "progressionRank": 0, "routeNum": null, "blocker": false, "runner": false}}, {"model": "quiz.position", "pk": 330, "fields": {"startX": 172.0, "startY": 225.0, "name": "OL", "formation": null, "routeCoordinates": "[[172, 225]]", "progressionRank": 0, "routeNum": null, "blocker": false, "runner": false}}, {"model": "quiz.position", "pk": 331, "fields": {"startX": 200.0, "startY": 220.0, "name": "OL", "formation": null, "routeCoordinates": "[[200, 220]]", "progressionRank": 0, "routeNum": null, "blocker": false, "runner": false}}, {"model": "quiz.position", "pk": 332, "fields": {"startX": 228.0, "startY": 225.0, "name": "OL", "formation": null, "routeCoordinates": "[[228, 225]]", "progressionRank": 0, "routeNum": null, "blocker": false, "runner": false}}, {"model": "quiz.position", "pk": 333, "fields": {"startX": 256.0, "startY": 225.0, "name": "OL", "formation": null, "routeCoordinates": "[[256, 225]]", "progressionRank": 0, "routeNum": null, "blocker": false, "runner": false}}, {"model": "quiz.position", "pk": 334, "fields": {"startX": 200.0, "startY": 248.0, "name": "QB", "formation": null, "routeCoordinates": "[[200, 248]]", "progressionRank": 0, "routeNum": null, "blocker": false, "runner": false}}, {"model": "quiz.position", "pk": 335, "fields": {"startX": 120.0, "startY": 237.333312988281, "name": "TE", "formation": null, "routeCoordinates": "[[120, 237.333312988281], [107, 92.33331298828125], [228, 79.33331298828125]]", "progressionRank": 2, "routeNum": null, "blocker": false, "runner": false}}, {"model": "quiz.position", "pk": 336, "fields": {"startX": 55.0, "startY": 251.333312988281, "name": "TE", "formation": null, "routeCoordinates": "[[55, 251.333312988281], [46, 159.33331298828125], [258, 109.33331298828125], [10, 376.33331298828125]]", "progressionRank": 1, "routeNum": null, "blocker": false, "runner": false}}, {"model": "quiz.position", "pk": 337, "fields": {"startX": 42.0, "startY": 313.333312988281, "name": "RB", "formation": null, "routeCoordinates": "[[42, 313.333312988281]]", "progressionRank": 0, "routeNum": null, "blocker": false, "runner": false}}, {"model": "quiz.position", "pk": 338, "fields": {"startX": 106.0, "startY": 308.333312988281, "name": "RB", "formation": null, "routeCoordinates": "[[106, 308.333312988281]]", "progressionRank": 0, "routeNum": null, "blocker": false, "runner": false}}, {"model": "quiz.position", "pk": 339, "fields": {"startX": 142.0, "startY": 296.333312988281, "name": "RB", "formation": null, "routeCoordinates": "[[142, 296.333312988281]]", "progressionRank": 0, "routeNum": null, "blocker": false, "runner": false}}, {"model": "quiz.position", "pk": 340, "fields": {"startX": 144.0, "startY": 225.0, "name": "OL", "formation": null, "routeCoordinates": "[[144, 225]]", "progressionRank": 0, "routeNum": null, "blocker": false, "runner": false}}, {"model": "quiz.position", "pk": 341, "fields": {"startX": 172.0, "startY": 225.0, "name": "OL", "formation": null, "routeCoordinates": "[[172, 225]]", "progressionRank": 0, "routeNum": null, "blocker": false, "runner": false}}, {"model": "quiz.position", "pk": 342, "fields": {"startX": 200.0, "startY": 220.0, "name": "OL", "formation": null, "routeCoordinates": "[[200, 220]]", "progressionRank": 0, "routeNum": null, "blocker": false, "runner": false}}, {"model": "quiz.position", "pk": 343, "fields": {"startX": 228.0, "startY": 225.0, "name": "OL", "formation": null, "routeCoordinates": "[[228, 225]]", "progressionRank": 0, "routeNum": null, "blocker": false, "runner": false}}, {"model": "quiz.position", "pk": 344, "fields": {"startX": 256.0, "startY": 225.0, "name": "OL", "formation": null, "routeCoordinates": "[[256, 225]]", "progressionRank": 0, "routeNum": null, "blocker": false, "runner": false}}, {"model": "quiz.position", "pk": 345, "fields": {"startX": 200.0, "startY": 248.0, "name": "QB", "formation": null, "routeCoordinates": "[[200, 248]]", "progressionRank": 0, "routeNum": null, "blocker": false, "runner": false}}, {"model": "quiz.position", "pk": 346, "fields": {"startX": 202.0, "startY": 323.333312988281, "name": "RB", "formation": null, "routeCoordinates": "[[202, 323.333312988281], [219, 45.33331298828125]]", "progressionRank": 5, "routeNum": null, "blocker": false, "runner": false}}, {"model": "quiz.position", "pk": 347, "fields": {"startX": 62.0, "startY": 241.333312988281, "name": "WR", "formation": null, "routeCoordinates": "[[62, 241.333312988281], [58, 44.33331298828125]]", "progressionRank": 1, "routeNum": null, "blocker": false, "runner": false}}, {"model": "quiz.position", "pk": 348, "fields": {"startX": 342.0, "startY": 244.333312988281, "name": "WR", "formation": null, "routeCoordinates": "[[342, 244.333312988281], [342, 45.33331298828125]]", "progressionRank": 4, "routeNum": null, "blocker": false, "runner": false}}, {"model": "quiz.position", "pk": 349, "fields": {"startX": 120.0, "startY": 236.333312988281, "name": "TE", "formation": null, "routeCoordinates": "[[120, 236.333312988281], [107, 43.33331298828125], [24, 172.33331298828125]]", "progressionRank": 2, "routeNum": null, "blocker": false, "runner": false}}, {"model": "quiz.position", "pk": 350, "fields": {"startX": 288.0, "startY": 231.333312988281, "name": "TE", "formation": null, "routeCoordinates": "[[288, 231.333312988281], [290, 35.33331298828125]]", "progressionRank": 3, "routeNum": null, "blocker": false, "runner": false}}, {"model": "quiz.position", "pk": 351, "fields": {"startX": 144.0, "startY": 225.0, "name": "OL", "formation": null, "routeCoordinates": "[[144, 225]]", "progressionRank": 0, "routeNum": null, "blocker": false, "runner": false}}, {"model": "quiz.position", "pk": 352, "fields": {"startX": 172.0, "startY": 225.0, "name": "OL", "formation": null, "routeCoordinates": "[[172, 225]]", "progressionRank": 0, "routeNum": null, "blocker": false, "runner": false}}, {"model": "quiz.position", "pk": 353, "fields": {"startX": 200.0, "startY": 220.0, "name": "OL", "formation": null, "routeCoordinates": "[[200, 220]]", "progressionRank": 0, "routeNum": null, "blocker": false, "runner": false}}, {"model": "quiz.position", "pk": 354, "fields": {"startX": 228.0, "startY": 225.0, "name": "OL", "formation": null, "routeCoordinates": "[[228, 225]]", "progressionRank": 0, "routeNum": null, "blocker": false, "runner": false}}, {"model": "quiz.position", "pk": 355, "fields": {"startX": 256.0, "startY": 225.0, "name": "OL", "formation": null, "routeCoordinates": "[[256, 225]]", "progressionRank": 0, "routeNum": null, "blocker": false, "runner": false}}, {"model": "quiz.position", "pk": 356, "fields": {"startX": 200.0, "startY": 248.0, "name": "QB", "formation": null, "routeCoordinates": "[[200, 248]]", "progressionRank": 0, "routeNum": null, "blocker": false, "runner": false}}, {"model": "quiz.position", "pk": 357, "fields": {"startX": 119.0, "startY": 233.333312988281, "name": "TE", "formation": null, "routeCoordinates": "[[119, 233.333312988281], [118, 73.33331298828125]]", "progressionRank": 1, "routeNum": null, "blocker": false, "runner": false}}, {"model": "quiz.position", "pk": 358, "fields": {"startX": 279.0, "startY": 235.333312988281, "name": "TE", "formation": null, "routeCoordinates": "[[279, 235.333312988281], [272, 51.33331298828125]]", "progressionRank": 2, "routeNum": null, "blocker": false, "runner": false}}, {"model": "quiz.position", "pk": 359, "fields": {"startX": 303.0, "startY": 248.333312988281, "name": "TE", "formation": null, "routeCoordinates": "[[303, 248.333312988281], [311, 43.33331298828125]]", "progressionRank": 3, "routeNum": null, "blocker": false, "runner": false}}, {"model": "quiz.position", "pk": 360, "fields": {"startX": 200.0, "startY": 288.333312988281, "name": "RB", "formation": null, "routeCoordinates": "[[200, 288.333312988281], [191, 51.33331298828125]]", "progressionRank": 4, "routeNum": null, "blocker": false, "runner": false}}, {"model": "quiz.position", "pk": 361, "fields": {"startX": 199.0, "startY": 321.333312988281, "name": "RB", "formation": null, "routeCoordinates": "[[199, 321.333312988281]]", "progressionRank": 5, "routeNum": null, "blocker": false, "runner": false}}, {"model": "quiz.position", "pk": 362, "fields": {"startX": 144.0, "startY": 225.0, "name": "OL", "formation": null, "routeCoordinates": "[[144, 225]]", "progressionRank": 0, "routeNum": null, "blocker": false, "runner": false}}, {"model": "quiz.position", "pk": 363, "fields": {"startX": 172.0, "startY": 225.0, "name": "OL", "formation": null, "routeCoordinates": "[[172, 225]]", "progressionRank": 0, "routeNum": null, "blocker": false, "runner": false}}, {"model": "quiz.position", "pk": 364, "fields": {"startX": 200.0, "startY": 220.0, "name": "OL", "formation": null, "routeCoordinates": "[[200, 220]]", "progressionRank": 0, "routeNum": null, "blocker": false, "runner": false}}, {"model": "quiz.position", "pk": 365, "fields": {"startX": 228.0, "startY": 225.0, "name": "OL", "formation": null, "routeCoordinates": "[[228, 225]]", "progressionRank": 0, "routeNum": null, "blocker": false, "runner": false}}, {"model": "quiz.position", "pk": 366, "fields": {"startX": 256.0, "startY": 225.0, "name": "OL", "formation": null, "routeCoordinates": "[[256, 225]]", "progressionRank": 0, "routeNum": null, "blocker": false, "runner": false}}, {"model": "quiz.position", "pk": 367, "fields": {"startX": 200.0, "startY": 248.0, "name": "QB", "formation": null, "routeCoordinates": "[[200, 248]]", "progressionRank": 0, "routeNum": null, "blocker": false, "runner": false}}, {"model": "quiz.position", "pk": 368, "fields": {"startX": 120.0, "startY": 237.333312988281, "name": "TE", "formation": null, "routeCoordinates": "[[120, 237.333312988281], [28, 197.33331298828125]]", "progressionRank": 2, "routeNum": null, "blocker": false, "runner": false}}, {"model": "quiz.position", "pk": 369, "fields": {"startX": 55.0, "startY": 251.333312988281, "name": "TE", "formation": null, "routeCoordinates": "[[55, 251.333312988281], [166, 109.33331298828125]]", "progressionRank": 1, "routeNum": null, "blocker": false, "runner": false}}, {"model": "quiz.position", "pk": 370, "fields": {"startX": 42.0, "startY": 313.333312988281, "name": "RB", "formation": null, "routeCoordinates": "[[42, 313.333312988281]]", "progressionRank": 3, "routeNum": null, "blocker": false, "runner": false}}, {"model": "quiz.position", "pk": 371, "fields": {"startX": 106.0, "startY": 308.333312988281, "name": "RB", "formation": null, "routeCoordinates": "[[106, 308.333312988281], [314, 285.33331298828125]]", "progressionRank": 4, "routeNum": null, "blocker": false, "runner": false}}, {"model": "quiz.position", "pk": 372, "fields": {"startX": 142.0, "startY": 296.333312988281, "name": "RB", "formation": null, "routeCoordinates": "[[142, 296.333312988281]]", "progressionRank": 5, "routeNum": null, "blocker": false, "runner": false}}, {"model": "quiz.position", "pk": 373, "fields": {"startX": 144.0, "startY": 225.0, "name": "OL", "formation": null, "routeCoordinates": "[[144, 225]]", "progressionRank": 0, "routeNum": null, "blocker": false, "runner": false}}, {"model": "quiz.position", "pk": 374, "fields": {"startX": 172.0, "startY": 225.0, "name": "OL", "formation": null, "routeCoordinates": "[[172, 225]]", "progressionRank": 0, "routeNum": null, "blocker": false, "runner": false}}, {"model": "quiz.position", "pk": 375, "fields": {"startX": 200.0, "startY": 220.0, "name": "OL", "formation": null, "routeCoordinates": "[[200, 220]]", "progressionRank": 0, "routeNum": null, "blocker": false, "runner": false}}, {"model": "quiz.position", "pk": 376, "fields": {"startX": 228.0, "startY": 225.0, "name": "OL", "formation": null, "routeCoordinates": "[[228, 225]]", "progressionRank": 0, "routeNum": null, "blocker": false, "runner": false}}, {"model": "quiz.position", "pk": 377, "fields": {"startX": 256.0, "startY": 225.0, "name": "OL", "formation": null, "routeCoordinates": "[[256, 225]]", "progressionRank": 0, "routeNum": null, "blocker": false, "runner": false}}, {"model": "quiz.position", "pk": 378, "fields": {"startX": 200.0, "startY": 248.0, "name": "QB", "formation": null, "routeCoordinates": "[[200, 248]]", "progressionRank": 0, "routeNum": null, "blocker": false, "runner": false}}, {"model": "quiz.position", "pk": 379, "fields": {"startX": 202.0, "startY": 323.333312988281, "name": "RB", "formation": null, "routeCoordinates": "[[202, 323.333312988281]]", "progressionRank": 0, "routeNum": null, "blocker": false, "runner": false}}, {"model": "quiz.position", "pk": 380, "fields": {"startX": 62.0, "startY": 241.333312988281, "name": "WR", "formation": null, "routeCoordinates": "[[62, 241.333312988281], [70, 96.33331298828125], [232, 75.33331298828125]]", "progressionRank": 0, "routeNum": null, "blocker": false, "runner": false}}, {"model": "quiz.position", "pk": 381, "fields": {"startX": 342.0, "startY": 244.333312988281, "name": "WR", "formation": null, "routeCoordinates": "[[342, 244.333312988281]]", "progressionRank": 0, "routeNum": null, "blocker": false, "runner": false}}, {"model": "quiz.position", "pk": 382, "fields": {"startX": 120.0, "startY": 236.333312988281, "name": "TE", "formation": null, "routeCoordinates": "[[120, 236.333312988281]]", "progressionRank": 0, "routeNum": null, "blocker": false, "runner": false}}, {"model": "quiz.position", "pk": 383, "fields": {"startX": 288.0, "startY": 231.333312988281, "name": "TE", "formation": null, "routeCoordinates": "[[288, 231.333312988281]]", "progressionRank": 0, "routeNum": null, "blocker": false, "runner": false}}, {"model": "quiz.test", "pk": 1, "fields": {"type_of_test": "QBProgression", "player": 8, "score": 0, "skips": 0, "incorrect_guesses": 0, "deadline": "2016-01-27T23:22:05Z", "completed": false, "in_progress": false, "created_at": "2015-12-23T23:22:11.097Z", "updated_at": "2015-12-23T23:22:11.097Z"}}, {"model": "quiz.play", "pk": 5, "fields": {"name": "adam", "team": 1, "formation": 5, "created_at": "2015-12-31T19:12:47.811Z", "updated_at": "2015-12-31T19:12:47.811Z", "players": [], "positions": [], "tests": []}}, {"model": "quiz.play", "pk": 6, "fields": {"name": "", "team": 1, "formation": 5, "created_at": "2015-12-31T19:13:08.562Z", "updated_at": "2015-12-31T19:13:08.562Z", "players": [], "positions": [], "tests": []}}, {"model": "quiz.play", "pk": 7, "fields": {"name": "", "team": 1, "formation": 5, "created_at": "2015-12-31T19:13:14.565Z", "updated_at": "2015-12-31T19:13:14.565Z", "players": [], "positions": [], "tests": []}}, {"model": "quiz.play", "pk": 8, "fields": {"name": "newplay", "team": 1, "formation": 5, "created_at": "2015-12-31T19:13:58.219Z", "updated_at": "2015-12-31T19:13:58.219Z", "players": [], "positions": [], "tests": []}}, {"model": "quiz.play", "pk": 9, "fields": {"name": "", "team": 1, "formation": 5, "created_at": "2015-12-31T19:14:54.253Z", "updated_at": "2015-12-31T19:14:54.253Z", "players": [], "positions": [], "tests": []}}, {"model": "quiz.play", "pk": 10, "fields": {"name": "", "team": 1, "formation": 5, "created_at": "2015-12-31T19:15:20.723Z", "updated_at": "2015-12-31T19:15:20.723Z", "players": [], "positions": [], "tests": []}}, {"model": "quiz.play", "pk": 11, "fields": {"name": "", "team": 1, "formation": 5, "created_at": "2015-12-31T19:15:41.825Z", "updated_at": "2015-12-31T19:15:41.825Z", "players": [], "positions": [], "tests": []}}, {"model": "quiz.play", "pk": 12, "fields": {"name": "", "team": 1, "formation": 5, "created_at": "2015-12-31T19:15:46.249Z", "updated_at": "2015-12-31T19:15:46.249Z", "players": [], "positions": [], "tests": []}}, {"model": "quiz.play", "pk": 13, "fields": {"name": "lkjdljcljdfs", "team": 1, "formation": 14, "created_at": "2016-01-04T18:31:29.561Z", "updated_at": "2016-01-04T18:31:29.561Z", "players": [], "positions": [], "tests": []}}, {"model": "quiz.play", "pk": 14, "fields": {"name": "", "team": 1, "formation": 5, "created_at": "2016-01-04T22:26:00.705Z", "updated_at": "2016-01-04T22:26:00.705Z", "players": [], "positions": [], "tests": []}}, {"model": "quiz.play", "pk": 15, "fields": {"name": "", "team": 1, "formation": 5, "created_at": "2016-01-04T22:27:02.115Z", "updated_at": "2016-01-04T22:27:02.115Z", "players": [], "positions": [], "tests": []}}, {"model": "quiz.play", "pk": 16, "fields": {"name": "[", "team": 1, "formation": 5, "created_at": "2016-01-04T22:29:23.587Z", "updated_at": "2016-01-04T22:29:23.587Z", "players": [], "positions": [], "tests": []}}, {"model": "quiz.play", "pk": 17, "fields": {"name": "", "team": 1, "formation": 5, "created_at": "2016-01-04T22:41:55.705Z", "updated_at": "2016-01-04T22:41:55.705Z", "players": [], "positions": [], "tests": []}}, {"model": "quiz.play", "pk": 18, "fields": {"name": "", "team": 1, "formation": 5, "created_at": "2016-01-04T22:45:06.092Z", "updated_at": "2016-01-04T22:45:06.092Z", "players": [], "positions": [], "tests": []}}, {"model": "quiz.play", "pk": 19, "fields": {"name": "", "team": 1, "formation": 5, "created_at": "2016-01-04T22:48:00.653Z", "updated_at": "2016-01-04T22:48:00.654Z", "players": [], "positions": [], "tests": []}}, {"model": "quiz.play", "pk": 20, "fields": {"name": "", "team": 1, "formation": 5, "created_at": "2016-01-04T22:48:29.915Z", "updated_at": "2016-01-04T22:48:29.915Z", "players": [], "positions": [], "tests": []}}, {"model": "quiz.play", "pk": 21, "fields": {"name": "", "team": 1, "formation": 5, "created_at": "2016-01-04T22:49:35.112Z", "updated_at": "2016-01-04T22:49:35.112Z", "players": [], "positions": [], "tests": []}}, {"model": "quiz.play", "pk": 22, "fields": {"name": "", "team": 1, "formation": 5, "created_at": "2016-01-04T22:51:19.022Z", "updated_at": "2016-01-04T22:51:19.022Z", "players": [], "positions": [], "tests": []}}, {"model": "quiz.play", "pk": 23, "fields": {"name": "", "team": 1, "formation": 5, "created_at": "2016-01-04T22:54:43.101Z", "updated_at": "2016-01-04T22:54:43.101Z", "players": [], "positions": [157, 158, 159, 160, 161, 162, 163, 164, 165], "tests": []}}, {"model": "quiz.play", "pk": 24, "fields": {"name": "", "team": 1, "formation": 5, "created_at": "2016-01-04T23:03:20.971Z", "updated_at": "2016-01-04T23:03:20.971Z", "players": [], "positions": [166, 167], "tests": []}}, {"model": "quiz.play", "pk": 25, "fields": {"name": "[", "team": 1, "formation": 5, "created_at": "2016-01-04T23:07:20.362Z", "updated_at": "2016-01-04T23:07:20.362Z", "players": [], "positions": [168], "tests": []}}, {"model": "quiz.play", "pk": 26, "fields": {"name": "", "team": 1, "formation": 5, "created_at": "2016-01-04T23:07:56.417Z", "updated_at": "2016-01-04T23:07:56.417Z", "players": [], "positions": [169], "tests": []}}, {"model": "quiz.play", "pk": 27, "fields": {"name": "", "team": 1, "formation": 5, "created_at": "2016-01-04T23:08:54.762Z", "updated_at": "2016-01-04T23:08:54.762Z", "players": [], "positions": [170, 171, 172, 173], "tests": []}}, {"model": "quiz.play", "pk": 28, "fields": {"name": "", "team": 1, "formation": 5, "created_at": "2016-01-04T23:08:56.959Z", "updated_at": "2016-01-04T23:08:56.959Z", "players": [], "positions": [], "tests": []}}, {"model": "quiz.play", "pk": 29, "fields": {"name": "", "team": 1, "formation": 5, "created_at": "2016-01-04T23:09:48.328Z", "updated_at": "2016-01-04T23:09:48.328Z", "players": [], "positions": [174, 175, 176, 177, 178, 179, 180, 181, 182, 183, 184], "tests": []}}, {"model": "quiz.play", "pk": 30, "fields": {"name": "", "team": 1, "formation": 5, "created_at": "2016-01-04T23:10:24.280Z", "updated_at": "2016-01-04T23:10:24.280Z", "players": [], "positions": [185, 186, 187, 188, 189, 190, 191, 192, 193, 194, 195], "tests": []}}, {"model": "quiz.play", "pk": 31, "fields": {"name": "", "team": 1, "formation": 5, "created_at": "2016-01-04T23:40:08.249Z", "updated_at": "2016-01-04T23:40:08.249Z", "players": [], "positions": [196], "tests": []}}, {"model": "quiz.play", "pk": 32, "fields": {"name": "\u0010Spider2\u0010Y\u0010Banana", "team": 1, "formation": 5, "created_at": "2016-01-05T00:00:12.048Z", "updated_at": "2016-01-05T00:00:12.048Z", "players": [], "positions": [], "tests": []}}, {"model": "quiz.play", "pk": 33, "fields": {"name": "goallineplay", "team": 1, "formation": 7, "created_at": "2016-01-05T00:00:32.342Z", "updated_at": "2016-01-05T00:00:32.342Z", "players": [], "positions": [], "tests": []}}, {"model": "quiz.play", "pk": 34, "fields": {"name": "lastplay", "team": 1, "formation": 11, "created_at": "2016-01-05T00:00:54.687Z", "updated_at": "2016-01-05T00:00:54.687Z", "players": [], "positions": [], "tests": []}}, {"model": "quiz.play", "pk": 35, "fields": {"name": "", "team": 1, "formation": 5, "created_at": "2016-01-05T00:06:12.056Z", "updated_at": "2016-01-05T00:06:12.057Z", "players": [], "positions": [197, 198, 199, 200, 201, 202, 203, 204, 205, 206, 207], "tests": []}}, {"model": "quiz.play", "pk": 36, "fields": {"name": "hello", "team": 1, "formation": 5, "created_at": "2016-01-05T00:07:17.965Z", "updated_at": "2016-01-05T00:07:18.014Z", "players": [], "positions": [218, 208, 209, 210, 211, 212, 213, 214, 215, 216, 217], "tests": []}}, {"model": "quiz.play", "pk": 48, "fields": {"name": "allstreaks", "team": 1, "formation": 5, "created_at": "2016-01-05T19:05:28.877Z", "updated_at": "2016-01-05T19:06:29.419Z", "players": [], "positions": [340, 341, 342, 343, 344, 345, 346, 347, 348, 349, 350], "tests": [1]}}, {"model": "quiz.play", "pk": 49, "fields": {"name": "allstreaksgoallline", "team": 1, "formation": 7, "created_at": "2016-01-05T19:05:49.511Z", "updated_at": "2016-01-05T19:06:35.282Z", "players": [], "positions": [351, 352, 353, 354, 355, 356, 357, 358, 359, 360, 361], "tests": [1]}}, {"model": "quiz.play", "pk": 50, "fields": {"name": "weird", "team": 1, "formation": 8, "created_at": "2016-01-05T19:06:22.823Z", "updated_at": "2016-01-05T19:06:41.342Z", "players": [], "positions": [362, 363, 364, 365, 366, 367, 368, 369, 370, 371, 372], "tests": [1]}}, {"model": "quiz.play", "pk": 51, "fields": {"name": "", "team": 1, "formation": 5, "created_at": "2016-01-05T21:17:30.712Z", "updated_at": "2016-01-05T21:17:30.785Z", "players": [], "positions": [373, 374, 375, 376, 377, 378, 379, 380, 381, 382, 383], "tests": []}}, {"model": "admin.logentry", "pk": 1, "fields": {"action_time": "2015-12-16T19:00:09.115Z", "user": 1, "content_type": 9, "object_id": "8", "object_repr": "Peyton Manning", "action_flag": 1, "change_message": "Added."}}, {"model": "admin.logentry", "pk": 2, "fields": {"action_time": "2015-12-16T19:00:46.452Z", "user": 1, "content_type": 9, "object_id": "9", "object_repr": "Brock Osweiler", "action_flag": 1, "change_message": "Added."}}, {"model": "admin.logentry", "pk": 3, "fields": {"action_time": "2015-12-16T19:02:41.898Z", "user": 1, "content_type": 9, "object_id": "10", "object_repr": "CJ Anderson", "action_flag": 1, "change_message": "Added."}}, {"model": "admin.logentry", "pk": 4, "fields": {"action_time": "2015-12-16T19:02:55.339Z", "user": 1, "content_type": 9, "object_id": "11", "object_repr": "Ronnie Hillman", "action_flag": 1, "change_message": "Added."}}, {"model": "admin.logentry", "pk": 5, "fields": {"action_time": "2015-12-16T19:03:06.669Z", "user": 1, "content_type": 9, "object_id": "12", "object_repr": "Demaryius Thomas", "action_flag": 1, "change_message": "Added."}}, {"model": "admin.logentry", "pk": 6, "fields": {"action_time": "2015-12-16T19:03:25.474Z", "user": 1, "content_type": 9, "object_id": "13", "object_repr": "Emmanuel Sanders", "action_flag": 1, "change_message": "Added."}}, {"model": "admin.logentry", "pk": 7, "fields": {"action_time": "2015-12-16T19:03:39.042Z", "user": 1, "content_type": 9, "object_id": "14", "object_repr": "Jordan Norwood", "action_flag": 1, "change_message": "Added."}}, {"model": "admin.logentry", "pk": 8, "fields": {"action_time": "2015-12-16T19:04:06.720Z", "user": 1, "content_type": 9, "object_id": "15", "object_repr": "Ryan Harris", "action_flag": 1, "change_message": "Added."}}, {"model": "admin.logentry", "pk": 9, "fields": {"action_time": "2015-12-16T19:04:19.776Z", "user": 1, "content_type": 9, "object_id": "16", "object_repr": "Louis Vazquez", "action_flag": 1, "change_message": "Added."}}, {"model": "admin.logentry", "pk": 10, "fields": {"action_time": "2015-12-16T19:04:38.465Z", "user": 1, "content_type": 9, "object_id": "17", "object_repr": "Matt Paradis", "action_flag": 1, "change_message": "Added."}}, {"model": "admin.logentry", "pk": 11, "fields": {"action_time": "2015-12-16T19:04:49.067Z", "user": 1, "content_type": 9, "object_id": "18", "object_repr": "Evan Mathis", "action_flag": 1, "change_message": "Added."}}, {"model": "admin.logentry", "pk": 12, "fields": {"action_time": "2015-12-16T19:05:04.898Z", "user": 1, "content_type": 9, "object_id": "19", "object_repr": "Michael Schofield", "action_flag": 1, "change_message": "Added."}}, {"model": "admin.logentry", "pk": 13, "fields": {"action_time": "2015-12-16T19:58:11.643Z", "user": 1, "content_type": 9, "object_id": "20", "object_repr": "Chris Harris Jr.", "action_flag": 1, "change_message": "Added."}}, {"model": "admin.logentry", "pk": 14, "fields": {"action_time": "2015-12-16T19:58:23.785Z", "user": 1, "content_type": 9, "object_id": "21", "object_repr": "Aqib Talib", "action_flag": 1, "change_message": "Added."}}, {"model": "admin.logentry", "pk": 15, "fields": {"action_time": "2015-12-16T19:58:35.067Z", "user": 1, "content_type": 9, "object_id": "22", "object_repr": "Bradley Roby", "action_flag": 1, "change_message": "Added."}}, {"model": "admin.logentry", "pk": 16, "fields": {"action_time": "2015-12-16T19:58:49.387Z", "user": 1, "content_type": 9, "object_id": "23", "object_repr": "Darian Stewart", "action_flag": 1, "change_message": "Added."}}, {"model": "admin.logentry", "pk": 17, "fields": {"action_time": "2015-12-16T19:59:03.780Z", "user": 1, "content_type": 9, "object_id": "24", "object_repr": "T.J Ward", "action_flag": 1, "change_message": "Added."}}, {"model": "admin.logentry", "pk": 18, "fields": {"action_time": "2015-12-16T19:59:17.489Z", "user": 1, "content_type": 9, "object_id": "25", "object_repr": "Brandon Marshall", "action_flag": 1, "change_message": "Added."}}, {"model": "admin.logentry", "pk": 19, "fields": {"action_time": "2015-12-16T20:01:09.236Z", "user": 1, "content_type": 9, "object_id": "26", "object_repr": "Danny Trevathan", "action_flag": 1, "change_message": "Added."}}, {"model": "admin.logentry", "pk": 20, "fields": {"action_time": "2015-12-16T20:01:19.515Z", "user": 1, "content_type": 9, "object_id": "27", "object_repr": "Von Miller", "action_flag": 1, "change_message": "Added."}}, {"model": "admin.logentry", "pk": 21, "fields": {"action_time": "2015-12-16T20:01:38.769Z", "user": 1, "content_type": 9, "object_id": "28", "object_repr": "DeMarcus Ware", "action_flag": 1, "change_message": "Added."}}, {"model": "admin.logentry", "pk": 22, "fields": {"action_time": "2015-12-16T20:01:51.135Z", "user": 1, "content_type": 9, "object_id": "29", "object_repr": "Sylvester Williams", "action_flag": 1, "change_message": "Added."}}, {"model": "admin.logentry", "pk": 23, "fields": {"action_time": "2015-12-16T20:02:07.506Z", "user": 1, "content_type": 9, "object_id": "30", "object_repr": "Derek Wolfe", "action_flag": 1, "change_message": "Added."}}, {"model": "admin.logentry", "pk": 24, "fields": {"action_time": "2015-12-16T20:02:20.029Z", "user": 1, "content_type": 9, "object_id": "31", "object_repr": "Malik Jackson", "action_flag": 1, "change_message": "Added."}}, {"model": "admin.logentry", "pk": 25, "fields": {"action_time": "2015-12-23T23:22:11.104Z", "user": 1, "content_type": 11, "object_id": "1", "object_repr": "Test object", "action_flag": 1, "change_message": "Added."}}, {"model": "admin.logentry", "pk": 26, "fields": {"action_time": "2015-12-23T23:35:36.657Z", "user": 1, "content_type": 9, "object_id": "32", "object_repr": "Vernon Davis", "action_flag": 1, "change_message": "Added."}}, {"model": "admin.logentry", "pk": 27, "fields": {"action_time": "2015-12-23T23:35:50.372Z", "user": 1, "content_type": 9, "object_id": "33", "object_repr": "Owen Daniels", "action_flag": 1, "change_message": "Added."}}, {"model": "admin.logentry", "pk": 28, "fields": {"action_time": "2015-12-23T23:37:31.588Z", "user": 1, "content_type": 10, "object_id": "1", "object_repr": "Formation object", "action_flag": 1, "change_message": "Added."}}, {"model": "admin.logentry", "pk": 29, "fields": {"action_time": "2015-12-23T23:37:32.905Z", "user": 1, "content_type": 12, "object_id": "1", "object_repr": "Play object", "action_flag": 1, "change_message": "Added."}}, {"model": "admin.logentry", "pk": 30, "fields": {"action_time": "2015-12-28T18:08:44.550Z", "user": 1, "content_type": 12, "object_id": "1", "object_repr": "spider2Y", "action_flag": 2, "change_message": "No fields changed."}}, {"model": "admin.logentry", "pk": 31, "fields": {"action_time": "2015-12-28T18:11:35.287Z", "user": 1, "content_type": 12, "object_id": "2", "object_repr": "511 Hawaii", "action_flag": 1, "change_message": "Added."}}, {"model": "admin.logentry", "pk": 32, "fields": {"action_time": "2015-12-28T18:11:58.534Z", "user": 1, "content_type": 12, "object_id": "3", "object_repr": "bootSlide", "action_flag": 1, "change_message": "Added."}}, {"model": "admin.logentry", "pk": 33, "fields": {"action_time": "2015-12-30T20:22:11.429Z", "user": 1, "content_type": 10, "object_id": "1", "object_repr": "formationExample", "action_flag": 3, "change_message": ""}}, {"model": "admin.logentry", "pk": 34, "fields": {"action_time": "2015-12-30T20:46:47.199Z", "user": 1, "content_type": 10, "object_id": "4", "object_repr": "", "action_flag": 3, "change_message": ""}}, {"model": "admin.logentry", "pk": 35, "fields": {"action_time": "2015-12-30T20:46:47.218Z", "user": 1, "content_type": 10, "object_id": "3", "object_repr": "blah blah", "action_flag": 3, "change_message": ""}}, {"model": "admin.logentry", "pk": 36, "fields": {"action_time": "2015-12-30T20:46:47.219Z", "user": 1, "content_type": 10, "object_id": "2", "object_repr": "hello play", "action_flag": 3, "change_message": ""}}, {"model": "admin.logentry", "pk": 37, "fields": {"action_time": "2016-01-05T00:10:43.560Z", "user": 1, "content_type": 12, "object_id": "37", "object_repr": "spider2y", "action_flag": 2, "change_message": "Changed tests."}}, {"model": "admin.logentry", "pk": 38, "fields": {"action_time": "2016-01-05T00:10:51.307Z", "user": 1, "content_type": 12, "object_id": "38", "object_repr": "second\u0010Play", "action_flag": 2, "change_message": "Changed tests."}}, {"model": "admin.logentry", "pk": 39, "fields": {"action_time": "2016-01-05T00:11:06.446Z", "user": 1, "content_type": 12, "object_id": "39", "object_repr": "thirdplay", "action_flag": 2, "change_message": "Changed tests."}}, {"model": "admin.logentry", "pk": 40, "fields": {"action_time": "2016-01-05T18:28:05.285Z", "user": 1, "content_type": 12, "object_id": "44", "object_repr": "", "action_flag": 3, "change_message": ""}}, {"model": "admin.logentry", "pk": 41, "fields": {"action_time": "2016-01-05T18:28:05.287Z", "user": 1, "content_type": 12, "object_id": "43", "object_repr": "", "action_flag": 3, "change_message": ""}}, {"model": "admin.logentry", "pk": 42, "fields": {"action_time": "2016-01-05T18:28:05.289Z", "user": 1, "content_type": 12, "object_id": "42", "object_repr": "", "action_flag": 3, "change_message": ""}}, {"model": "admin.logentry", "pk": 43, "fields": {"action_time": "2016-01-05T18:28:05.290Z", "user": 1, "content_type": 12, "object_id": "41", "object_repr": "", "action_flag": 3, "change_message": ""}}, {"model": "admin.logentry", "pk": 44, "fields": {"action_time": "2016-01-05T18:28:05.291Z", "user": 1, "content_type": 12, "object_id": "40", "object_repr": "[\u0012j", "action_flag": 3, "change_message": ""}}, {"model": "admin.logentry", "pk": 45, "fields": {"action_time": "2016-01-05T18:28:05.292Z", "user": 1, "content_type": 12, "object_id": "39", "object_repr": "thirdplay", "action_flag": 3, "change_message": ""}}, {"model": "admin.logentry", "pk": 46, "fields": {"action_time": "2016-01-05T18:28:05.293Z", "user": 1, "content_type": 12, "object_id": "38", "object_repr": "second\u0010Play", "action_flag": 3, "change_message": ""}}, {"model": "admin.logentry", "pk": 47, "fields": {"action_time": "2016-01-05T18:28:05.294Z", "user": 1, "content_type": 12, "object_id": "37", "object_repr": "spider2y", "action_flag": 3, "change_message": ""}}, {"model": "admin.logentry", "pk": 48, "fields": {"action_time": "2016-01-05T18:28:48.608Z", "user": 1, "content_type": 12, "object_id": "45", "object_repr": "\u0010Spider2\u0010Y", "action_flag": 2, "change_message": "Changed tests."}}, {"model": "admin.logentry", "pk": 49, "fields": {"action_time": "2016-01-05T18:29:35.720Z", "user": 1, "content_type": 12, "object_id": "46", "object_repr": "goallineplay", "action_flag": 2, "change_message": "Changed tests."}}, {"model": "admin.logentry", "pk": 50, "fields": {"action_time": "2016-01-05T18:29:40.748Z", "user": 1, "content_type": 12, "object_id": "47", "object_repr": "weirdplay", "action_flag": 2, "change_message": "Changed tests."}}, {"model": "admin.logentry", "pk": 51, "fields": {"action_time": "2016-01-05T19:04:53.403Z", "user": 1, "content_type": 12, "object_id": "47", "object_repr": "weirdplay", "action_flag": 3, "change_message": ""}}, {"model": "admin.logentry", "pk": 52, "fields": {"action_time": "2016-01-05T19:04:53.405Z", "user": 1, "content_type": 12, "object_id": "46", "object_repr": "goallineplay", "action_flag": 3, "change_message": ""}}, {"model": "admin.logentry", "pk": 53, "fields": {"action_time": "2016-01-05T19:04:53.406Z", "user": 1, "content_type": 12, "object_id": "45", "object_repr": "\u0010Spider2\u0010Y", "action_flag": 3, "change_message": ""}}, {"model": "admin.logentry", "pk": 54, "fields": {"action_time": "2016-01-05T19:06:29.425Z", "user": 1, "content_type": 12, "object_id": "48", "object_repr": "allstreaks", "action_flag": 2, "change_message": "Changed name and tests."}}, {"model": "admin.logentry", "pk": 55, "fields": {"action_time": "2016-01-05T19:06:35.289Z", "user": 1, "content_type": 12, "object_id": "49", "object_repr": "allstreaksgoallline", "action_flag": 2, "change_message": "Changed tests."}}, {"model": "admin.logentry", "pk": 56, "fields": {"action_time": "2016-01-05T19:06:41.348Z", "user": 1, "content_type": 12, "object_id": "50", "object_repr": "weird", "action_flag": 2, "change_message": "Changed tests."}}]