[{"model": "auth.user", "pk": 1, "fields": {"password": "pbkdf2_sha256$24000$A07Jcjmfuihy$cbspgcZkkpYN42rwj5gpo/opKYkzq8yf2cdhHaa9pAs=", "last_login": "2016-06-02T21:00:29.837Z", "is_superuser": true, "username": "adammoelis", "first_name": "", "last_name": "", "email": "adam.moelis@gmail.com", "is_staff": true, "is_active": true, "date_joined": "2016-02-09T22:16:51.192Z", "groups": [], "user_permissions": []}}, {"model": "auth.user", "pk": 2, "fields": {"password": "pbkdf2_sha256$24000$Kg1Q6WGDK4Ap$aKmNPtGyR10Nd2aZXpz5eXht58YBqe+wY/Onr/SNZPk=", "last_login": "2016-02-16T18:13:08.565Z", "is_superuser": false, "username": "ericstudes", "first_name": "Eric", "last_name": "Studes", "email": "eric@studes.com", "is_staff": false, "is_active": true, "date_joined": "2016-02-09T22:17:32.102Z", "groups": [], "user_permissions": []}}, {"model": "auth.user", "pk": 3, "fields": {"password": "pbkdf2_sha256$24000$bHKveAuq8ayD$0juqd54HGkKAeagY/kUfrEXKqiEmAdPHvBr5SwGdimc=", "last_login": "2016-02-09T22:27:08.762Z", "is_superuser": false, "username": "peytonmanning", "first_name": "Peyton", "last_name": "Manning", "email": "peyton@manning.com", "is_staff": false, "is_active": true, "date_joined": "2016-02-09T22:27:08.698Z", "groups": [], "user_permissions": []}}, {"model": "auth.user", "pk": 4, "fields": {"password": "pbkdf2_sha256$24000$ItVoxXyVcS2q$Aa8rGzqoOWLv+RfbvuL1MzmHU4Ie8Kevc+xGevYKiyg=", "last_login": "2016-02-16T21:11:51.464Z", "is_superuser": false, "username": "adsads", "first_name": "ads", "last_name": "ads", "email": "ads@ads.com", "is_staff": false, "is_active": true, "date_joined": "2016-02-16T21:11:51.404Z", "groups": [], "user_permissions": []}}, {"model": "auth.user", "pk": 5, "fields": {"password": "pbkdf2_sha256$24000$YvMPUca1ZbIN$MDpLdI1Wv376LWWHzIDTuH8ANKGaqXT9/5gGMrinPz0=", "last_login": "2016-04-11T21:44:36.191Z", "is_superuser": false, "username": "davidshaw", "first_name": "David", "last_name": "Shaw", "email": "dshaw@stanford.edu", "is_staff": false, "is_active": true, "date_joined": "2016-04-11T21:44:35.773Z", "groups": [], "user_permissions": []}}, {"model": "auth.user", "pk": 6, "fields": {"password": "pbkdf2_sha256$24000$pR1t2cGW7owK$eAqDU/Y6+xnYau7hNN38VPwDa4ClNuCz2ckNFaJ9vl0=", "last_login": "2016-06-02T21:24:36.058Z", "is_superuser": false, "username": "connercrane", "first_name": "Conner", "last_name": "Crane", "email": "conner@crane.com", "is_staff": false, "is_active": true, "date_joined": "2016-04-11T21:45:16.018Z", "groups": [], "user_permissions": []}}, {"model": "auth.user", "pk": 7, "fields": {"password": "pbkdf2_sha256$24000$wGh0ttTFXSO6$WR6vWZYOOHdMAuiIqM8+QgNgJipxWINz/oSFU+DdLQw=", "last_login": "2016-04-13T18:08:52.838Z", "is_superuser": false, "username": "jefffisher", "first_name": "Jeff", "last_name": "Fisher", "email": "jefffisher@rams.com", "is_staff": false, "is_active": true, "date_joined": "2016-04-13T18:08:52.222Z", "groups": [], "user_permissions": []}}, {"model": "auth.user", "pk": 8, "fields": {"password": "pbkdf2_sha256$24000$WVTcrCpmpjdW$hMcOrgbs4qpNDn1GyL0qvLzl0+rUJdnkznW6YYCaIUE=", "last_login": "2016-04-15T15:45:48.067Z", "is_superuser": false, "username": "casekeenum", "first_name": "Case", "last_name": "Keenum", "email": "case@keenum.com", "is_staff": false, "is_active": true, "date_joined": "2016-04-13T18:10:18.454Z", "groups": [], "user_permissions": []}}, {"model": "auth.user", "pk": 9, "fields": {"password": "pbkdf2_sha256$24000$CH47uaqLUkno$hE6zDaJZxg4EwshxniBKZzkxUTAH21Mp6D5Lthxuy3I=", "last_login": "2016-04-15T15:47:44.469Z", "is_superuser": false, "username": "tavonaustin", "first_name": "Tavon", "last_name": "Austin", "email": "tavon@austin.com", "is_staff": false, "is_active": true, "date_joined": "2016-04-13T18:12:03.913Z", "groups": [], "user_permissions": []}}, {"model": "auth.user", "pk": 10, "fields": {"password": "pbkdf2_sha256$24000$iPhLpIo1e13H$70aIYO3y9cQ9vJ0J7G7n24Lrp7JZa+tFk21MI6rkn4A=", "last_login": "2016-04-14T22:05:31.432Z", "is_superuser": false, "username": "toddgurley", "first_name": "Todd", "last_name": "Gurley", "email": "todd@gurley.com", "is_staff": false, "is_active": true, "date_joined": "2016-04-13T18:13:22.760Z", "groups": [], "user_permissions": []}}, {"model": "auth.user", "pk": 11, "fields": {"password": "pbkdf2_sha256$24000$igvX6ZW63wlb$9Ze6K3ERPX4ELzDClSpcm6pPX+4eASlZUj/nGXAjvFU=", "last_login": "2016-04-16T19:47:58.120Z", "is_superuser": false, "username": "mikemccoy", "first_name": "Mike", "last_name": "McCoy", "email": "mike@mccoy.com", "is_staff": false, "is_active": true, "date_joined": "2016-04-16T19:47:57.637Z", "groups": [], "user_permissions": []}}, {"model": "auth.user", "pk": 12, "fields": {"password": "pbkdf2_sha256$24000$Qa0nWNaF2ydB$i5P9NoNX52wf1DyFz0+1BHu2z+oTn0IgkTLhuB//P4U=", "last_login": "2016-05-29T17:51:24.304Z", "is_superuser": false, "username": "philiprivers", "first_name": "Philip", "last_name": "Rivers", "email": "philip@rivers.com", "is_staff": false, "is_active": true, "date_joined": "2016-04-16T19:51:07.578Z", "groups": [], "user_permissions": []}}, {"model": "auth.user", "pk": 13, "fields": {"password": "pbkdf2_sha256$24000$espzWQeETfbF$GA78207DarjTAB5xWTTf5vYN11ZKJWpFnpd5/odikF8=", "last_login": "2016-05-19T17:07:57.446Z", "is_superuser": false, "username": "keenanallen", "first_name": "Keenan", "last_name": "Allen", "email": "keenan@allen.com", "is_staff": false, "is_active": true, "date_joined": "2016-04-16T19:54:58.609Z", "groups": [], "user_permissions": []}}, {"model": "auth.user", "pk": 15, "fields": {"password": "pbkdf2_sha256$24000$sSdCLavWoEA9$fCWPdN1h1Sb3Q3Mlkk3e/yC2K8HqsRna2SOQGvMQ4Mg=", "last_login": "2016-04-16T19:57:06.467Z", "is_superuser": false, "username": "melvingordon", "first_name": "Melvin", "last_name": "Gordon", "email": "melvin@gordon.com", "is_staff": false, "is_active": true, "date_joined": "2016-04-16T19:57:05.933Z", "groups": [], "user_permissions": []}}, {"model": "auth.user", "pk": 16, "fields": {"password": "pbkdf2_sha256$24000$0bqFS15j3GDj$6CMbhg5K6+ByVBafmW8d7ylzWq70qlcq+99RuvdQHyY=", "last_login": "2016-06-02T17:00:01.830Z", "is_superuser": false, "username": "bengardner", "first_name": "Ben", "last_name": "Gardner", "email": "ben@gardner.com", "is_staff": false, "is_active": true, "date_joined": "2016-05-10T13:45:55.925Z", "groups": [], "user_permissions": []}}, {"model": "auth.user", "pk": 17, "fields": {"password": "pbkdf2_sha256$24000$joevFeai39e1$UuqfX2QZhmsoi+pYw5uKRL4hoIUtgtfzsmL1bmDWo5w=", "last_login": "2016-05-19T15:09:46.178Z", "is_superuser": false, "username": "mikezimmer", "first_name": "Mike", "last_name": "Zimmer", "email": "mike@zimmer.com", "is_staff": false, "is_active": true, "date_joined": "2016-05-19T15:09:45.669Z", "groups": [], "user_permissions": []}}, {"model": "auth.user", "pk": 18, "fields": {"password": "pbkdf2_sha256$24000$nFy09oAkG4Kh$DvgTmsu7gf0guVDeVzj7p+dJiXD12Vkwgdy1OUwT5CQ=", "last_login": "2016-05-24T16:43:25.077Z", "is_superuser": false, "username": "sonnydykes", "first_name": "Sonny", "last_name": "Dykes", "email": "sonny@dykes.com", "is_staff": false, "is_active": true, "date_joined": "2016-05-19T16:55:33.430Z", "groups": [], "user_permissions": []}}, {"model": "auth.user", "pk": 19, "fields": {"password": "pbkdf2_sha256$24000$PzufU950vgww$ia2LvsofXBcJnECp+nXmbXJ11+8qTub1N1zeZgLxSG8=", "last_login": "2016-05-19T17:11:05.758Z", "is_superuser": false, "username": "tonysanchez", "first_name": "Tony", "last_name": "Sanchez", "email": "tony@sanchez.com", "is_staff": false, "is_active": true, "date_joined": "2016-05-19T17:11:05.187Z", "groups": [], "user_permissions": []}}, {"model": "auth.user", "pk": 20, "fields": {"password": "pbkdf2_sha256$24000$tLm1aDaoB0Xt$KiCTvmlCqMoUWaC4Lvekx90kirslVZ5yeYVlC3CgQOw=", "last_login": "2016-05-23T17:13:32.808Z", "is_superuser": false, "username": "steveaddazio", "first_name": "Steve", "last_name": "Addazio", "email": "steve@addazio.com", "is_staff": false, "is_active": true, "date_joined": "2016-05-23T17:13:32.245Z", "groups": [], "user_permissions": []}}, {"model": "auth.user", "pk": 21, "fields": {"password": "pbkdf2_sha256$24000$STpf0qowFkQL$VuJkrRUMP0c3WAZsjQsqaFpQAJvy50RhnAXb9QyESOM=", "last_login": "2016-05-24T20:21:39.646Z", "is_superuser": false, "username": "billbelichick", "first_name": "Bill", "last_name": "Belichick", "email": "bill@belichick.com", "is_staff": false, "is_active": true, "date_joined": "2016-05-24T20:21:38.510Z", "groups": [], "user_permissions": []}}, {"model": "auth.user", "pk": 22, "fields": {"password": "pbkdf2_sha256$24000$wzmJbH60MdOa$droFbDfGXvmIm12r5CV6qMIemMOeByimvxzPvPGZF10=", "last_login": "2016-05-25T01:07:56.308Z", "is_superuser": false, "username": "garykubiak", "first_name": "Gary", "last_name": "Kubiak", "email": "gary@kubiak.com", "is_staff": false, "is_active": true, "date_joined": "2016-05-25T01:07:55.615Z", "groups": [], "user_permissions": []}}, {"model": "auth.user", "pk": 23, "fields": {"password": "pbkdf2_sha256$24000$Mvkmyxe4xElQ$60q1IkXzt/H0q2jpgVgMPcN4no7ClmDwPg9vkeiyGSI=", "last_login": "2016-06-02T19:00:13.011Z", "is_superuser": false, "username": "daviddecastro", "first_name": "David", "last_name": "DeCastro", "email": "david@decastro.com", "is_staff": false, "is_active": true, "date_joined": "2016-06-02T00:24:43.683Z", "groups": [], "user_permissions": []}}, {"model": "auth.user", "pk": 24, "fields": {"password": "pbkdf2_sha256$24000$uWsASxT3nkk8$EEEEowzaXMGAuhhF69VDYBqDPAIZNbs6VIQh2C0dAGM=", "last_login": "2016-06-02T21:34:19.002Z", "is_superuser": false, "username": "vernondavis", "first_name": "Vernon", "last_name": "Davis", "email": "vernon@davis.com", "is_staff": false, "is_active": true, "date_joined": "2016-06-02T21:34:18.445Z", "groups": [], "user_permissions": []}}, {"model": "sessions.session", "pk": "2b24qpy7vok0j31kfv9aflawyedj7gl7", "fields": {"session_data": "YzgzMWE5MWQ5NGJiMmZiZGU0OGEyYjgyNTQxZTk0OTU3YzY5YjBiNTp7Il9hdXRoX3VzZXJfaGFzaCI6IjUyMTdlZTlkMTM3N2E4ODYzNjVlODk4ZjE1ZmM4NzM4ODQyZGJjMzYiLCJfYXV0aF91c2VyX2JhY2tlbmQiOiJkamFuZ28uY29udHJpYi5hdXRoLmJhY2tlbmRzLk1vZGVsQmFja2VuZCIsIl9hdXRoX3VzZXJfaWQiOiIyNCJ9", "expire_date": "2016-06-16T21:34:19.005Z"}}, {"model": "sessions.session", "pk": "3kdn7kb50k2tsrdndm6lof01um2wf86c", "fields": {"session_data": "ZjY2Y2UyZTE0ZWZlNjUxODQ0ZWE4YThjYjlmYzU1NDNlMWVmN2Q2YTp7Il9hdXRoX3VzZXJfaGFzaCI6IjIzZDAyM2QxZDcwNDBmZDEzYmU2ZTE1MmE2Yzc3Y2FiY2JiOGU4ZGYiLCJfYXV0aF91c2VyX2JhY2tlbmQiOiJkamFuZ28uY29udHJpYi5hdXRoLmJhY2tlbmRzLk1vZGVsQmFja2VuZCIsIl9hdXRoX3VzZXJfaWQiOiIxMyJ9", "expire_date": "2016-06-02T17:07:57.451Z"}}, {"model": "sessions.session", "pk": "a4hf5oihi6u5arsyeh1g9sg26wbl70s1", "fields": {"session_data": "NmU2NDBmMDVjY2JlOTczN2Q4YjhhZWE0YTZhY2MyMDJiOGM1NjU1YTp7Il9hdXRoX3VzZXJfaGFzaCI6ImQyZjEzODhmZjc1Y2EzZTg3Y2ZjNGZkYmYzNTU5MmNlMDAxMjFlZTQiLCJfYXV0aF91c2VyX2JhY2tlbmQiOiJkamFuZ28uY29udHJpYi5hdXRoLmJhY2tlbmRzLk1vZGVsQmFja2VuZCIsIl9hdXRoX3VzZXJfaWQiOiIyMiJ9", "expire_date": "2016-06-08T01:07:56.317Z"}}, {"model": "sessions.session", "pk": "acxfgfn8d96jz1yzd3itgl8cmprjhtg7", "fields": {"session_data": "M2Y5NjcwNzRmZTYyYmQwMWRkYTU5YjcwMTZkM2RlMGUwNTg4MjgxZjp7Il9hdXRoX3VzZXJfaGFzaCI6IjIxMGIxYzk4NjYyZDYxNThiMDc0OWFlNmI0YzM0M2Y3NWJjMjljNGUiLCJfYXV0aF91c2VyX2JhY2tlbmQiOiJkamFuZ28uY29udHJpYi5hdXRoLmJhY2tlbmRzLk1vZGVsQmFja2VuZCIsIl9hdXRoX3VzZXJfaWQiOiIxIn0=", "expire_date": "2016-04-27T18:45:26.225Z"}}, {"model": "sessions.session", "pk": "c7mghc0hiyjrwdqcjq3c3pi3brw249o8", "fields": {"session_data": "M2Y5NjcwNzRmZTYyYmQwMWRkYTU5YjcwMTZkM2RlMGUwNTg4MjgxZjp7Il9hdXRoX3VzZXJfaGFzaCI6IjIxMGIxYzk4NjYyZDYxNThiMDc0OWFlNmI0YzM0M2Y3NWJjMjljNGUiLCJfYXV0aF91c2VyX2JhY2tlbmQiOiJkamFuZ28uY29udHJpYi5hdXRoLmJhY2tlbmRzLk1vZGVsQmFja2VuZCIsIl9hdXRoX3VzZXJfaWQiOiIxIn0=", "expire_date": "2016-03-01T20:23:42.201Z"}}, {"model": "sessions.session", "pk": "cx2l6lvojo3cqf20m4ry09swcm06b7ot", "fields": {"session_data": "M2Y5NjcwNzRmZTYyYmQwMWRkYTU5YjcwMTZkM2RlMGUwNTg4MjgxZjp7Il9hdXRoX3VzZXJfaGFzaCI6IjIxMGIxYzk4NjYyZDYxNThiMDc0OWFlNmI0YzM0M2Y3NWJjMjljNGUiLCJfYXV0aF91c2VyX2JhY2tlbmQiOiJkamFuZ28uY29udHJpYi5hdXRoLmJhY2tlbmRzLk1vZGVsQmFja2VuZCIsIl9hdXRoX3VzZXJfaWQiOiIxIn0=", "expire_date": "2016-05-24T13:17:16.324Z"}}, {"model": "sessions.session", "pk": "e5a2dne1vubwaannycgi7uek06rr6gaw", "fields": {"session_data": "MzNkNTg1ODA1MDU2MGUxZDRkMDhlYTYzY2ZlYTI4YWRiYWRjYmQyZTp7Il9hdXRoX3VzZXJfaGFzaCI6ImNiMTViZmNjMzFmZmU5M2EzYjE4OTc0MDNiNzQxMzAwOTk4MzViNGQiLCJfYXV0aF91c2VyX2JhY2tlbmQiOiJkamFuZ28uY29udHJpYi5hdXRoLmJhY2tlbmRzLk1vZGVsQmFja2VuZCIsIl9hdXRoX3VzZXJfaWQiOiIxMiJ9", "expire_date": "2016-05-24T17:27:17.018Z"}}, {"model": "sessions.session", "pk": "ezxilvf5uahjqxf58t9mkeonjzogkf4c", "fields": {"session_data": "MGU0NmRlM2EwN2FmNGEzN2YxZTllMTM4NDJlMjgxMjkyNTlmMGQ0MDp7Il9hdXRoX3VzZXJfaGFzaCI6IjMzZjM1ZjgzZjdiZDcwMjY0MGEyZGMzOWE4NDAyMWYyM2I0NGQ2NzMiLCJfYXV0aF91c2VyX2JhY2tlbmQiOiJkamFuZ28uY29udHJpYi5hdXRoLmJhY2tlbmRzLk1vZGVsQmFja2VuZCIsIl9hdXRoX3VzZXJfaWQiOiI2In0=", "expire_date": "2016-06-06T17:14:42.244Z"}}, {"model": "sessions.session", "pk": "fulj88uycp4yndu1ehbllwjdtf0pka4p", "fields": {"session_data": "MDYzMjFmZGQwZjQxYWQ3YmRhMGVjMjMxNWFhNmE3YjcwMDA4YTU5Yjp7Il9hdXRoX3VzZXJfaGFzaCI6IjI0OGRlODZmMTgxMWQ3NWI0NjJkNDk1ZjI1ZjViOWUyZTc1YTgxZGQiLCJfYXV0aF91c2VyX2JhY2tlbmQiOiJkamFuZ28uY29udHJpYi5hdXRoLmJhY2tlbmRzLk1vZGVsQmFja2VuZCIsIl9hdXRoX3VzZXJfaWQiOiIxNiJ9", "expire_date": "2016-06-03T04:21:28.155Z"}}, {"model": "sessions.session", "pk": "ihkwpkm1chur1f6iosyywd4h7tvs3wzt", "fields": {"session_data": "MzNkNTg1ODA1MDU2MGUxZDRkMDhlYTYzY2ZlYTI4YWRiYWRjYmQyZTp7Il9hdXRoX3VzZXJfaGFzaCI6ImNiMTViZmNjMzFmZmU5M2EzYjE4OTc0MDNiNzQxMzAwOTk4MzViNGQiLCJfYXV0aF91c2VyX2JhY2tlbmQiOiJkamFuZ28uY29udHJpYi5hdXRoLmJhY2tlbmRzLk1vZGVsQmFja2VuZCIsIl9hdXRoX3VzZXJfaWQiOiIxMiJ9", "expire_date": "2016-05-23T23:50:51.049Z"}}, {"model": "sessions.session", "pk": "iz7aed83z1y57j8xyof21rjzp1h4yout", "fields": {"session_data": "MGU0NmRlM2EwN2FmNGEzN2YxZTllMTM4NDJlMjgxMjkyNTlmMGQ0MDp7Il9hdXRoX3VzZXJfaGFzaCI6IjMzZjM1ZjgzZjdiZDcwMjY0MGEyZGMzOWE4NDAyMWYyM2I0NGQ2NzMiLCJfYXV0aF91c2VyX2JhY2tlbmQiOiJkamFuZ28uY29udHJpYi5hdXRoLmJhY2tlbmRzLk1vZGVsQmFja2VuZCIsIl9hdXRoX3VzZXJfaWQiOiI2In0=", "expire_date": "2016-06-14T00:29:27.606Z"}}, {"model": "sessions.session", "pk": "kodmiqmtvcrqs3jstf66xkmk0b4o2umn", "fields": {"session_data": "NjgwMDNiZGJlNGQyMjMwYmQ3YzVhMGMzYjMxOGNkZmFhMGRjYzJjMzp7Il9hdXRoX3VzZXJfaGFzaCI6IjRhZTBjMjQzMjIyN2IyZmU1ZmNjOTQxMGY0Y2I3ZTkwZjEzZmU1NjYiLCJfYXV0aF91c2VyX2JhY2tlbmQiOiJkamFuZ28uY29udHJpYi5hdXRoLmJhY2tlbmRzLk1vZGVsQmFja2VuZCIsIl9hdXRoX3VzZXJfaWQiOiI0In0=", "expire_date": "2016-03-01T21:11:51.465Z"}}, {"model": "sessions.session", "pk": "krhhocmk89cnf62hilab3u95j8uq0iun", "fields": {"session_data": "ZDZiMDk1M2RhMGRlZjQxMGJmMjE1NDI1YzliNWMyNDBhM2UxYzkxMjp7Il9hdXRoX3VzZXJfaGFzaCI6ImUyOGY3ODdkZDMyYjZjN2M0MzM4MzBlOTU2MmU0MDgwZGYzYThiZjQiLCJfYXV0aF91c2VyX2JhY2tlbmQiOiJkamFuZ28uY29udHJpYi5hdXRoLmJhY2tlbmRzLk1vZGVsQmFja2VuZCIsIl9hdXRoX3VzZXJfaWQiOiIxMSJ9", "expire_date": "2016-04-30T19:47:58.125Z"}}, {"model": "sessions.session", "pk": "pe02flc39zi3pie2dyfsssz2v2iqfpcs", "fields": {"session_data": "MGU0NmRlM2EwN2FmNGEzN2YxZTllMTM4NDJlMjgxMjkyNTlmMGQ0MDp7Il9hdXRoX3VzZXJfaGFzaCI6IjMzZjM1ZjgzZjdiZDcwMjY0MGEyZGMzOWE4NDAyMWYyM2I0NGQ2NzMiLCJfYXV0aF91c2VyX2JhY2tlbmQiOiJkamFuZ28uY29udHJpYi5hdXRoLmJhY2tlbmRzLk1vZGVsQmFja2VuZCIsIl9hdXRoX3VzZXJfaWQiOiI2In0=", "expire_date": "2016-06-07T20:23:02.962Z"}}, {"model": "sessions.session", "pk": "qsfq5gw5wkeo9sdsdid8q526jyyfqdio", "fields": {"session_data": "MDYzMjFmZGQwZjQxYWQ3YmRhMGVjMjMxNWFhNmE3YjcwMDA4YTU5Yjp7Il9hdXRoX3VzZXJfaGFzaCI6IjI0OGRlODZmMTgxMWQ3NWI0NjJkNDk1ZjI1ZjViOWUyZTc1YTgxZGQiLCJfYXV0aF91c2VyX2JhY2tlbmQiOiJkamFuZ28uY29udHJpYi5hdXRoLmJhY2tlbmRzLk1vZGVsQmFja2VuZCIsIl9hdXRoX3VzZXJfaWQiOiIxNiJ9", "expire_date": "2016-05-25T21:31:33.145Z"}}, {"model": "sessions.session", "pk": "vdhs8nmlpkta5v0lmzvjnt8iqodut5zy", "fields": {"session_data": "ZTVmNDhkNTY4YzJkYjlkYmYwOWRkY2Y2YTEzMTdkZWYwOTUxYjE3MDp7Il9hdXRoX3VzZXJfaGFzaCI6ImI2OTc3MGMxYzNiMTVkNGU1MGEwN2MxNDM2MzFiNDNhOTNlODQ1MmMiLCJfYXV0aF91c2VyX2JhY2tlbmQiOiJkamFuZ28uY29udHJpYi5hdXRoLmJhY2tlbmRzLk1vZGVsQmFja2VuZCIsIl9hdXRoX3VzZXJfaWQiOiIxNSJ9", "expire_date": "2016-04-30T19:57:06.471Z"}}, {"model": "sessions.session", "pk": "wch70ry9k0ghwyra7qw13ky8fcz1hqkr", "fields": {"session_data": "NWE1OTE4MDZlNmM1NjhhZTViMTRkM2JmYzNiNjdjM2E2ZWI5NGY4NTp7Il9hdXRoX3VzZXJfaGFzaCI6IjI2ODVhMTI4MzQxNjRmNzE0MGIzZWYxYzljNTE1NDY4MTU0Y2VkMDMiLCJfYXV0aF91c2VyX2JhY2tlbmQiOiJkamFuZ28uY29udHJpYi5hdXRoLmJhY2tlbmRzLk1vZGVsQmFja2VuZCIsIl9hdXRoX3VzZXJfaWQiOiIxMCJ9", "expire_date": "2016-04-27T18:13:23.219Z"}}, {"model": "quiz.team", "pk": 1, "fields": {"name": "Broncos", "created_at": "2016-02-09T22:17:04.879Z", "updated_at": "2016-02-09T22:17:04.879Z"}}, {"model": "quiz.player", "pk": 1, "fields": {"user": 3, "first_name": "Peyton", "last_name": "Manning", "position": "QB", "unit": null, "number": null, "team": 1, "is_being_tested": false, "image_url": "", "starter": false, "created_at": "2016-02-09T22:27:08.732Z", "updated_at": "2016-02-09T22:27:08.733Z"}}, {"model": "quiz.player", "pk": 2, "fields": {"user": 6, "first_name": "Conner", "last_name": "Crane", "position": "X", "unit": null, "number": null, "team": 1, "is_being_tested": false, "image_url": "", "starter": false, "created_at": "2016-04-11T21:45:16.218Z", "updated_at": "2016-06-02T20:59:25.190Z"}}, {"model": "quiz.player", "pk": 3, "fields": {"user": 8, "first_name": "Case", "last_name": "Keenum", "position": "QB", "unit": null, "number": null, "team": 1, "is_being_tested": false, "image_url": "", "starter": false, "created_at": "2016-04-13T18:10:18.651Z", "updated_at": "2016-04-13T18:10:18.651Z"}}, {"model": "quiz.player", "pk": 4, "fields": {"user": 9, "first_name": "Tavon", "last_name": "Austin", "position": "WR", "unit": null, "number": null, "team": 1, "is_being_tested": false, "image_url": "", "starter": false, "created_at": "2016-04-13T18:12:04.196Z", "updated_at": "2016-04-13T18:12:04.196Z"}}, {"model": "quiz.player", "pk": 5, "fields": {"user": 10, "first_name": "Todd", "last_name": "Gurley", "position": "RB", "unit": null, "number": null, "team": 1, "is_being_tested": false, "image_url": "", "starter": false, "created_at": "2016-04-13T18:13:22.999Z", "updated_at": "2016-04-13T18:13:22.999Z"}}, {"model": "quiz.player", "pk": 6, "fields": {"user": 12, "first_name": "Philip", "last_name": "Rivers", "position": "QB", "unit": null, "number": null, "team": 1, "is_being_tested": false, "image_url": "", "starter": false, "created_at": "2016-04-16T19:51:07.838Z", "updated_at": "2016-04-16T19:51:07.838Z"}}, {"model": "quiz.player", "pk": 7, "fields": {"user": 13, "first_name": "Keenan", "last_name": "Allen", "position": "WR", "unit": null, "number": null, "team": 1, "is_being_tested": false, "image_url": "", "starter": false, "created_at": "2016-04-16T19:54:58.879Z", "updated_at": "2016-04-16T19:54:58.879Z"}}, {"model": "quiz.player", "pk": 8, "fields": {"user": 15, "first_name": "Melvin", "last_name": "Gordon", "position": "RB", "unit": null, "number": null, "team": 1, "is_being_tested": false, "image_url": "", "starter": false, "created_at": "2016-04-16T19:57:06.213Z", "updated_at": "2016-04-16T19:57:06.213Z"}}, {"model": "quiz.player", "pk": 9, "fields": {"user": 16, "first_name": "Ben", "last_name": "Gardner", "position": "S", "unit": null, "number": null, "team": 1, "is_being_tested": false, "image_url": "", "starter": false, "created_at": "2016-05-10T13:45:56.229Z", "updated_at": "2016-05-10T17:20:52.992Z"}}, {"model": "quiz.player", "pk": 10, "fields": {"user": 23, "first_name": "David", "last_name": "DeCastro", "position": "RG", "unit": null, "number": null, "team": 1, "is_being_tested": false, "image_url": "", "starter": false, "created_at": "2016-06-02T00:24:43.970Z", "updated_at": "2016-06-02T00:24:43.970Z"}}, {"model": "quiz.player", "pk": 11, "fields": {"user": 24, "first_name": "Vernon", "last_name": "Davis", "position": "Y", "unit": null, "number": null, "team": 1, "is_being_tested": false, "image_url": "", "starter": false, "created_at": "2016-06-02T21:34:18.729Z", "updated_at": "2016-06-02T21:34:18.729Z"}}, {"model": "quiz.formation", "pk": 44, "fields": {"name": "\u0010Nickel \u0010Cover 2", "playName": "", "offensiveFormationID": 54, "unit": "defense", "team": 1, "created_at": "2016-05-10T16:44:55.769Z", "updated_at": "2016-06-02T21:03:53.441Z", "offensivePlayers": []}}, {"model": "quiz.formation", "pk": 45, "fields": {"name": "\u0010Nickel \u0010Cover 2", "playName": "", "offensiveFormationID": 54, "unit": "defense", "team": 1, "created_at": "2016-05-10T16:47:22.114Z", "updated_at": "2016-06-02T21:04:07.842Z", "offensivePlayers": []}}, {"model": "quiz.formation", "pk": 54, "fields": {"name": "Gun Trips Right", "playName": "", "offensiveFormationID": null, "unit": "offense", "team": 1, "created_at": "2016-06-02T21:03:08.112Z", "updated_at": "2016-06-02T21:03:08.112Z", "offensivePlayers": []}}, {"model": "quiz.position", "pk": 34, "fields": {"startX": 36.5816656494141, "startY": 71.5, "name": "TE", "formation": null, "routeCoordinates": "[[36.5816656494141, 71.5], [36.48166564941406, 91.7]]", "runCoordinates": null, "progressionRank": 3, "playerIndex": null, "routeNum": null, "blocker": false, "runner": false, "CBAssignmentPlayerID": null, "CBAssignmentPlayerIndex": null, "CBAssignmentPlayerPosition": null, "zoneYardX": null, "zoneYardY": null, "zoneHeight": null, "zoneWidth": null, "gapYardX": null, "gapYardY": null, "blockingAssignmentPlayerIndex": null, "blockingAssignmentUnitIndex": null}}, {"model": "quiz.position", "pk": 35, "fields": {"startX": 16.8816656494141, "startY": 71.3, "name": "TE", "formation": null, "routeCoordinates": "[[16.8816656494141, 71.3], [17.081665649414063, 90.3]]", "runCoordinates": null, "progressionRank": 2, "playerIndex": null, "routeNum": null, "blocker": false, "runner": false, "CBAssignmentPlayerID": null, "CBAssignmentPlayerIndex": null, "CBAssignmentPlayerPosition": null, "zoneYardX": null, "zoneYardY": null, "zoneHeight": null, "zoneWidth": null, "gapYardX": null, "gapYardY": null, "blockingAssignmentPlayerIndex": null, "blockingAssignmentUnitIndex": null}}, {"model": "quiz.position", "pk": 36, "fields": {"startX": 26.9816656494141, "startY": 63.1, "name": "RB", "formation": null, "routeCoordinates": "[[26.9816656494141, 63.1], [26.18166564941406, 91.7]]", "runCoordinates": null, "progressionRank": 5, "playerIndex": null, "routeNum": null, "blocker": false, "runner": false, "CBAssignmentPlayerID": null, "CBAssignmentPlayerIndex": null, "CBAssignmentPlayerPosition": null, "zoneYardX": null, "zoneYardY": null, "zoneHeight": null, "zoneWidth": null, "gapYardX": null, "gapYardY": null, "blockingAssignmentPlayerIndex": null, "blockingAssignmentUnitIndex": null}}, {"model": "quiz.position", "pk": 37, "fields": {"startX": 11.7816656494141, "startY": 72.7, "name": "WR", "formation": null, "routeCoordinates": "[[11.7816656494141, 72.7], [11.381665649414062, 90.3]]", "runCoordinates": null, "progressionRank": 1, "playerIndex": null, "routeNum": null, "blocker": false, "runner": false, "CBAssignmentPlayerID": null, "CBAssignmentPlayerIndex": null, "CBAssignmentPlayerPosition": null, "zoneYardX": null, "zoneYardY": null, "zoneHeight": null, "zoneWidth": null, "gapYardX": null, "gapYardY": null, "blockingAssignmentPlayerIndex": null, "blockingAssignmentUnitIndex": null}}, {"model": "quiz.position", "pk": 38, "fields": {"startX": 41.7816656494141, "startY": 72.9, "name": "WR", "formation": null, "routeCoordinates": "[[41.7816656494141, 72.9], [42.28166564941406, 90.9]]", "runCoordinates": null, "progressionRank": 4, "playerIndex": null, "routeNum": null, "blocker": false, "runner": false, "CBAssignmentPlayerID": null, "CBAssignmentPlayerIndex": null, "CBAssignmentPlayerPosition": null, "zoneYardX": null, "zoneYardY": null, "zoneHeight": null, "zoneWidth": null, "gapYardX": null, "gapYardY": null, "blockingAssignmentPlayerIndex": null, "blockingAssignmentUnitIndex": null}}, {"model": "quiz.position", "pk": 39, "fields": {"startX": 26.665, "startY": 70.0, "name": "QB", "formation": null, "routeCoordinates": "[[26.665, 70]]", "runCoordinates": null, "progressionRank": 0, "playerIndex": null, "routeNum": null, "blocker": false, "runner": false, "CBAssignmentPlayerID": null, "CBAssignmentPlayerIndex": null, "CBAssignmentPlayerPosition": null, "zoneYardX": null, "zoneYardY": null, "zoneHeight": null, "zoneWidth": null, "gapYardX": null, "gapYardY": null, "blockingAssignmentPlayerIndex": null, "blockingAssignmentUnitIndex": null}}, {"model": "quiz.position", "pk": 40, "fields": {"startX": 33.665, "startY": 73.0, "name": "RT", "formation": null, "routeCoordinates": "[[33.665, 73]]", "runCoordinates": null, "progressionRank": 0, "playerIndex": null, "routeNum": null, "blocker": false, "runner": false, "CBAssignmentPlayerID": null, "CBAssignmentPlayerIndex": null, "CBAssignmentPlayerPosition": null, "zoneYardX": null, "zoneYardY": null, "zoneHeight": null, "zoneWidth": null, "gapYardX": null, "gapYardY": null, "blockingAssignmentPlayerIndex": null, "blockingAssignmentUnitIndex": null}}, {"model": "quiz.position", "pk": 41, "fields": {"startX": 30.165, "startY": 73.0, "name": "RG", "formation": null, "routeCoordinates": "[[30.165, 73]]", "runCoordinates": null, "progressionRank": 0, "playerIndex": null, "routeNum": null, "blocker": false, "runner": false, "CBAssignmentPlayerID": null, "CBAssignmentPlayerIndex": null, "CBAssignmentPlayerPosition": null, "zoneYardX": null, "zoneYardY": null, "zoneHeight": null, "zoneWidth": null, "gapYardX": null, "gapYardY": null, "blockingAssignmentPlayerIndex": null, "blockingAssignmentUnitIndex": null}}, {"model": "quiz.position", "pk": 42, "fields": {"startX": 26.665, "startY": 73.5, "name": "C", "formation": null, "routeCoordinates": "[[26.665, 73.5]]", "runCoordinates": null, "progressionRank": 0, "playerIndex": null, "routeNum": null, "blocker": false, "runner": false, "CBAssignmentPlayerID": null, "CBAssignmentPlayerIndex": null, "CBAssignmentPlayerPosition": null, "zoneYardX": null, "zoneYardY": null, "zoneHeight": null, "zoneWidth": null, "gapYardX": null, "gapYardY": null, "blockingAssignmentPlayerIndex": null, "blockingAssignmentUnitIndex": null}}, {"model": "quiz.position", "pk": 43, "fields": {"startX": 23.165, "startY": 73.0, "name": "LG", "formation": null, "routeCoordinates": "[[23.165, 73]]", "runCoordinates": null, "progressionRank": 0, "playerIndex": null, "routeNum": null, "blocker": false, "runner": false, "CBAssignmentPlayerID": null, "CBAssignmentPlayerIndex": null, "CBAssignmentPlayerPosition": null, "zoneYardX": null, "zoneYardY": null, "zoneHeight": null, "zoneWidth": null, "gapYardX": null, "gapYardY": null, "blockingAssignmentPlayerIndex": null, "blockingAssignmentUnitIndex": null}}, {"model": "quiz.position", "pk": 44, "fields": {"startX": 19.665, "startY": 73.0, "name": "LT", "formation": null, "routeCoordinates": "[[19.665, 73]]", "runCoordinates": null, "progressionRank": 0, "playerIndex": null, "routeNum": null, "blocker": false, "runner": false, "CBAssignmentPlayerID": null, "CBAssignmentPlayerIndex": null, "CBAssignmentPlayerPosition": null, "zoneYardX": null, "zoneYardY": null, "zoneHeight": null, "zoneWidth": null, "gapYardX": null, "gapYardY": null, "blockingAssignmentPlayerIndex": null, "blockingAssignmentUnitIndex": null}}, {"model": "quiz.position", "pk": 45, "fields": {"startX": 36.5816656494141, "startY": 71.5, "name": "TE", "formation": null, "routeCoordinates": "[[36.5816656494141, 71.5], [36.48166564941406, 81.3], [44.08166564941406, 80.6]]", "runCoordinates": null, "progressionRank": 3, "playerIndex": null, "routeNum": null, "blocker": false, "runner": false, "CBAssignmentPlayerID": null, "CBAssignmentPlayerIndex": null, "CBAssignmentPlayerPosition": null, "zoneYardX": null, "zoneYardY": null, "zoneHeight": null, "zoneWidth": null, "gapYardX": null, "gapYardY": null, "blockingAssignmentPlayerIndex": null, "blockingAssignmentUnitIndex": null}}, {"model": "quiz.position", "pk": 46, "fields": {"startX": 16.8816656494141, "startY": 71.3, "name": "TE", "formation": null, "routeCoordinates": "[[16.8816656494141, 71.3], [16.48166564941406, 86.6], [9.281665649414062, 86.6]]", "runCoordinates": null, "progressionRank": 2, "playerIndex": null, "routeNum": null, "blocker": false, "runner": false, "CBAssignmentPlayerID": null, "CBAssignmentPlayerIndex": null, "CBAssignmentPlayerPosition": null, "zoneYardX": null, "zoneYardY": null, "zoneHeight": null, "zoneWidth": null, "gapYardX": null, "gapYardY": null, "blockingAssignmentPlayerIndex": null, "blockingAssignmentUnitIndex": null}}, {"model": "quiz.position", "pk": 47, "fields": {"startX": 26.9816656494141, "startY": 63.1, "name": "RB", "formation": null, "routeCoordinates": "[[26.9816656494141, 63.1]]", "runCoordinates": null, "progressionRank": 0, "playerIndex": null, "routeNum": null, "blocker": false, "runner": false, "CBAssignmentPlayerID": null, "CBAssignmentPlayerIndex": null, "CBAssignmentPlayerPosition": null, "zoneYardX": null, "zoneYardY": null, "zoneHeight": null, "zoneWidth": null, "gapYardX": null, "gapYardY": null, "blockingAssignmentPlayerIndex": null, "blockingAssignmentUnitIndex": null}}, {"model": "quiz.position", "pk": 48, "fields": {"startX": 11.7816656494141, "startY": 72.7, "name": "WR", "formation": null, "routeCoordinates": "[[11.7816656494141, 72.7], [11.681665649414061, 81.5], [8.481665649414062, 81.5]]", "runCoordinates": null, "progressionRank": 1, "playerIndex": null, "routeNum": null, "blocker": false, "runner": false, "CBAssignmentPlayerID": null, "CBAssignmentPlayerIndex": null, "CBAssignmentPlayerPosition": null, "zoneYardX": null, "zoneYardY": null, "zoneHeight": null, "zoneWidth": null, "gapYardX": null, "gapYardY": null, "blockingAssignmentPlayerIndex": null, "blockingAssignmentUnitIndex": null}}, {"model": "quiz.position", "pk": 49, "fields": {"startX": 41.7816656494141, "startY": 72.9, "name": "WR", "formation": null, "routeCoordinates": "[[41.7816656494141, 72.9], [41.48166564941406, 85.8], [44.98166564941406, 85.9]]", "runCoordinates": null, "progressionRank": 4, "playerIndex": null, "routeNum": null, "blocker": false, "runner": false, "CBAssignmentPlayerID": null, "CBAssignmentPlayerIndex": null, "CBAssignmentPlayerPosition": null, "zoneYardX": null, "zoneYardY": null, "zoneHeight": null, "zoneWidth": null, "gapYardX": null, "gapYardY": null, "blockingAssignmentPlayerIndex": null, "blockingAssignmentUnitIndex": null}}, {"model": "quiz.position", "pk": 50, "fields": {"startX": 26.665, "startY": 70.0, "name": "QB", "formation": null, "routeCoordinates": "[[26.665, 70]]", "runCoordinates": null, "progressionRank": 0, "playerIndex": null, "routeNum": null, "blocker": false, "runner": false, "CBAssignmentPlayerID": null, "CBAssignmentPlayerIndex": null, "CBAssignmentPlayerPosition": null, "zoneYardX": null, "zoneYardY": null, "zoneHeight": null, "zoneWidth": null, "gapYardX": null, "gapYardY": null, "blockingAssignmentPlayerIndex": null, "blockingAssignmentUnitIndex": null}}, {"model": "quiz.position", "pk": 51, "fields": {"startX": 33.665, "startY": 73.0, "name": "RT", "formation": null, "routeCoordinates": "[[33.665, 73]]", "runCoordinates": null, "progressionRank": 0, "playerIndex": null, "routeNum": null, "blocker": false, "runner": false, "CBAssignmentPlayerID": null, "CBAssignmentPlayerIndex": null, "CBAssignmentPlayerPosition": null, "zoneYardX": null, "zoneYardY": null, "zoneHeight": null, "zoneWidth": null, "gapYardX": null, "gapYardY": null, "blockingAssignmentPlayerIndex": null, "blockingAssignmentUnitIndex": null}}, {"model": "quiz.position", "pk": 52, "fields": {"startX": 30.165, "startY": 73.0, "name": "RG", "formation": null, "routeCoordinates": "[[30.165, 73]]", "runCoordinates": null, "progressionRank": 0, "playerIndex": null, "routeNum": null, "blocker": false, "runner": false, "CBAssignmentPlayerID": null, "CBAssignmentPlayerIndex": null, "CBAssignmentPlayerPosition": null, "zoneYardX": null, "zoneYardY": null, "zoneHeight": null, "zoneWidth": null, "gapYardX": null, "gapYardY": null, "blockingAssignmentPlayerIndex": null, "blockingAssignmentUnitIndex": null}}, {"model": "quiz.position", "pk": 53, "fields": {"startX": 26.665, "startY": 73.5, "name": "C", "formation": null, "routeCoordinates": "[[26.665, 73.5]]", "runCoordinates": null, "progressionRank": 0, "playerIndex": null, "routeNum": null, "blocker": false, "runner": false, "CBAssignmentPlayerID": null, "CBAssignmentPlayerIndex": null, "CBAssignmentPlayerPosition": null, "zoneYardX": null, "zoneYardY": null, "zoneHeight": null, "zoneWidth": null, "gapYardX": null, "gapYardY": null, "blockingAssignmentPlayerIndex": null, "blockingAssignmentUnitIndex": null}}, {"model": "quiz.position", "pk": 54, "fields": {"startX": 23.165, "startY": 73.0, "name": "LG", "formation": null, "routeCoordinates": "[[23.165, 73]]", "runCoordinates": null, "progressionRank": 0, "playerIndex": null, "routeNum": null, "blocker": false, "runner": false, "CBAssignmentPlayerID": null, "CBAssignmentPlayerIndex": null, "CBAssignmentPlayerPosition": null, "zoneYardX": null, "zoneYardY": null, "zoneHeight": null, "zoneWidth": null, "gapYardX": null, "gapYardY": null, "blockingAssignmentPlayerIndex": null, "blockingAssignmentUnitIndex": null}}, {"model": "quiz.position", "pk": 55, "fields": {"startX": 19.665, "startY": 73.0, "name": "LT", "formation": null, "routeCoordinates": "[[19.665, 73]]", "runCoordinates": null, "progressionRank": 0, "playerIndex": null, "routeNum": null, "blocker": false, "runner": false, "CBAssignmentPlayerID": null, "CBAssignmentPlayerIndex": null, "CBAssignmentPlayerPosition": null, "zoneYardX": null, "zoneYardY": null, "zoneHeight": null, "zoneWidth": null, "gapYardX": null, "gapYardY": null, "blockingAssignmentPlayerIndex": null, "blockingAssignmentUnitIndex": null}}, {"model": "quiz.position", "pk": 310, "fields": {"startX": 19.665, "startY": 73.0, "name": "LT", "formation": null, "routeCoordinates": "[[19.665, 73]]", "runCoordinates": null, "progressionRank": 0, "playerIndex": null, "routeNum": null, "blocker": false, "runner": false, "CBAssignmentPlayerID": null, "CBAssignmentPlayerIndex": null, "CBAssignmentPlayerPosition": null, "zoneYardX": null, "zoneYardY": null, "zoneHeight": null, "zoneWidth": null, "gapYardX": null, "gapYardY": null, "blockingAssignmentPlayerIndex": null, "blockingAssignmentUnitIndex": null}}, {"model": "quiz.position", "pk": 311, "fields": {"startX": 23.165, "startY": 73.0, "name": "LG", "formation": null, "routeCoordinates": "[[23.165, 73]]", "runCoordinates": null, "progressionRank": 0, "playerIndex": null, "routeNum": null, "blocker": false, "runner": false, "CBAssignmentPlayerID": null, "CBAssignmentPlayerIndex": null, "CBAssignmentPlayerPosition": null, "zoneYardX": null, "zoneYardY": null, "zoneHeight": null, "zoneWidth": null, "gapYardX": null, "gapYardY": null, "blockingAssignmentPlayerIndex": null, "blockingAssignmentUnitIndex": null}}, {"model": "quiz.position", "pk": 312, "fields": {"startX": 26.665, "startY": 73.5, "name": "C", "formation": null, "routeCoordinates": "[[26.665, 73.5]]", "runCoordinates": null, "progressionRank": 0, "playerIndex": null, "routeNum": null, "blocker": false, "runner": false, "CBAssignmentPlayerID": null, "CBAssignmentPlayerIndex": null, "CBAssignmentPlayerPosition": null, "zoneYardX": null, "zoneYardY": null, "zoneHeight": null, "zoneWidth": null, "gapYardX": null, "gapYardY": null, "blockingAssignmentPlayerIndex": null, "blockingAssignmentUnitIndex": null}}, {"model": "quiz.position", "pk": 313, "fields": {"startX": 30.165, "startY": 73.0, "name": "RG", "formation": null, "routeCoordinates": "[[30.165, 73]]", "runCoordinates": null, "progressionRank": 0, "playerIndex": null, "routeNum": null, "blocker": false, "runner": false, "CBAssignmentPlayerID": null, "CBAssignmentPlayerIndex": null, "CBAssignmentPlayerPosition": null, "zoneYardX": null, "zoneYardY": null, "zoneHeight": null, "zoneWidth": null, "gapYardX": null, "gapYardY": null, "blockingAssignmentPlayerIndex": null, "blockingAssignmentUnitIndex": null}}, {"model": "quiz.position", "pk": 314, "fields": {"startX": 33.665, "startY": 73.0, "name": "RT", "formation": null, "routeCoordinates": "[[33.665, 73]]", "runCoordinates": null, "progressionRank": 0, "playerIndex": null, "routeNum": null, "blocker": false, "runner": false, "CBAssignmentPlayerID": null, "CBAssignmentPlayerIndex": null, "CBAssignmentPlayerPosition": null, "zoneYardX": null, "zoneYardY": null, "zoneHeight": null, "zoneWidth": null, "gapYardX": null, "gapYardY": null, "blockingAssignmentPlayerIndex": null, "blockingAssignmentUnitIndex": null}}, {"model": "quiz.position", "pk": 315, "fields": {"startX": 26.665, "startY": 70.0, "name": "QB", "formation": null, "routeCoordinates": "[[26.665, 70]]", "runCoordinates": null, "progressionRank": 0, "playerIndex": null, "routeNum": null, "blocker": false, "runner": false, "CBAssignmentPlayerID": null, "CBAssignmentPlayerIndex": null, "CBAssignmentPlayerPosition": null, "zoneYardX": null, "zoneYardY": null, "zoneHeight": null, "zoneWidth": null, "gapYardX": null, "gapYardY": null, "blockingAssignmentPlayerIndex": null, "blockingAssignmentUnitIndex": null}}, {"model": "quiz.position", "pk": 316, "fields": {"startX": 16.6816656494141, "startY": 72.9, "name": "TE", "formation": null, "routeCoordinates": "[[16.6816656494141, 72.9], [14.07125, 92.26666717529297]]", "runCoordinates": null, "progressionRank": 4, "playerIndex": null, "routeNum": null, "blocker": false, "runner": false, "CBAssignmentPlayerID": null, "CBAssignmentPlayerIndex": null, "CBAssignmentPlayerPosition": null, "zoneYardX": null, "zoneYardY": null, "zoneHeight": null, "zoneWidth": null, "gapYardX": null, "gapYardY": null, "blockingAssignmentPlayerIndex": null, "blockingAssignmentUnitIndex": null}}, {"model": "quiz.position", "pk": 317, "fields": {"startX": 36.9816656494141, "startY": 73.3, "name": "TE", "formation": null, "routeCoordinates": "[[36.9816656494141, 73.3], [36.97125, 82.16666717529297], [48.371249999999996, 87.06666717529296]]", "runCoordinates": null, "progressionRank": 2, "playerIndex": null, "routeNum": null, "blocker": false, "runner": false, "CBAssignmentPlayerID": null, "CBAssignmentPlayerIndex": null, "CBAssignmentPlayerPosition": null, "zoneYardX": null, "zoneYardY": null, "zoneHeight": null, "zoneWidth": null, "gapYardX": null, "gapYardY": null, "blockingAssignmentPlayerIndex": null, "blockingAssignmentUnitIndex": null}}, {"model": "quiz.position", "pk": 318, "fields": {"startX": 40.0816656494141, "startY": 72.3, "name": "TE", "formation": null, "routeCoordinates": "[[40.0816656494141, 72.3], [39.27125, 80.06666717529296], [27.27125, 84.26666717529297]]", "runCoordinates": null, "progressionRank": 3, "playerIndex": null, "routeNum": null, "blocker": false, "runner": false, "CBAssignmentPlayerID": null, "CBAssignmentPlayerIndex": null, "CBAssignmentPlayerPosition": null, "zoneYardX": null, "zoneYardY": null, "zoneHeight": null, "zoneWidth": null, "gapYardX": null, "gapYardY": null, "blockingAssignmentPlayerIndex": null, "blockingAssignmentUnitIndex": null}}, {"model": "quiz.position", "pk": 319, "fields": {"startX": 26.8816656494141, "startY": 61.9, "name": "RB", "formation": null, "routeCoordinates": "[[26.8816656494141, 61.9]]", "runCoordinates": null, "progressionRank": 0, "playerIndex": null, "routeNum": null, "blocker": false, "runner": false, "CBAssignmentPlayerID": null, "CBAssignmentPlayerIndex": null, "CBAssignmentPlayerPosition": null, "zoneYardX": null, "zoneYardY": null, "zoneHeight": null, "zoneWidth": null, "gapYardX": null, "gapYardY": null, "blockingAssignmentPlayerIndex": null, "blockingAssignmentUnitIndex": null}}, {"model": "quiz.position", "pk": 320, "fields": {"startX": 26.8816656494141, "startY": 65.8, "name": "RB", "formation": null, "routeCoordinates": "[[26.8816656494141, 65.8], [34.17125, 71.36666717529297], [46.57125, 73.66666717529297]]", "runCoordinates": null, "progressionRank": 1, "playerIndex": null, "routeNum": null, "blocker": false, "runner": false, "CBAssignmentPlayerID": null, "CBAssignmentPlayerIndex": null, "CBAssignmentPlayerPosition": null, "zoneYardX": null, "zoneYardY": null, "zoneHeight": null, "zoneWidth": null, "gapYardX": null, "gapYardY": null, "blockingAssignmentPlayerIndex": null, "blockingAssignmentUnitIndex": null}}, {"model": "quiz.position", "pk": 321, "fields": {"startX": 19.665, "startY": 73.0, "name": "LT", "formation": null, "routeCoordinates": "[[19.665, 73]]", "runCoordinates": null, "progressionRank": 0, "playerIndex": null, "routeNum": null, "blocker": false, "runner": false, "CBAssignmentPlayerID": null, "CBAssignmentPlayerIndex": null, "CBAssignmentPlayerPosition": null, "zoneYardX": null, "zoneYardY": null, "zoneHeight": null, "zoneWidth": null, "gapYardX": null, "gapYardY": null, "blockingAssignmentPlayerIndex": 0, "blockingAssignmentUnitIndex": 0}}, {"model": "quiz.position", "pk": 322, "fields": {"startX": 23.165, "startY": 73.0, "name": "LG", "formation": null, "routeCoordinates": "[[23.165, 73]]", "runCoordinates": null, "progressionRank": 0, "playerIndex": null, "routeNum": null, "blocker": false, "runner": false, "CBAssignmentPlayerID": null, "CBAssignmentPlayerIndex": null, "CBAssignmentPlayerPosition": null, "zoneYardX": null, "zoneYardY": null, "zoneHeight": null, "zoneWidth": null, "gapYardX": null, "gapYardY": null, "blockingAssignmentPlayerIndex": 1, "blockingAssignmentUnitIndex": 0}}, {"model": "quiz.position", "pk": 323, "fields": {"startX": 26.665, "startY": 73.5, "name": "C", "formation": null, "routeCoordinates": "[[26.665, 73.5]]", "runCoordinates": null, "progressionRank": 0, "playerIndex": null, "routeNum": null, "blocker": false, "runner": false, "CBAssignmentPlayerID": null, "CBAssignmentPlayerIndex": null, "CBAssignmentPlayerPosition": null, "zoneYardX": null, "zoneYardY": null, "zoneHeight": null, "zoneWidth": null, "gapYardX": null, "gapYardY": null, "blockingAssignmentPlayerIndex": 1, "blockingAssignmentUnitIndex": 0}}, {"model": "quiz.position", "pk": 324, "fields": {"startX": 30.165, "startY": 73.0, "name": "RG", "formation": null, "routeCoordinates": "[[30.165, 73]]", "runCoordinates": null, "progressionRank": 0, "playerIndex": null, "routeNum": null, "blocker": false, "runner": false, "CBAssignmentPlayerID": null, "CBAssignmentPlayerIndex": null, "CBAssignmentPlayerPosition": null, "zoneYardX": null, "zoneYardY": null, "zoneHeight": null, "zoneWidth": null, "gapYardX": null, "gapYardY": null, "blockingAssignmentPlayerIndex": 2, "blockingAssignmentUnitIndex": 0}}, {"model": "quiz.position", "pk": 325, "fields": {"startX": 33.665, "startY": 73.0, "name": "RT", "formation": null, "routeCoordinates": "[[33.665, 73]]", "runCoordinates": null, "progressionRank": 0, "playerIndex": null, "routeNum": null, "blocker": false, "runner": false, "CBAssignmentPlayerID": null, "CBAssignmentPlayerIndex": null, "CBAssignmentPlayerPosition": null, "zoneYardX": null, "zoneYardY": null, "zoneHeight": null, "zoneWidth": null, "gapYardX": null, "gapYardY": null, "blockingAssignmentPlayerIndex": 3, "blockingAssignmentUnitIndex": 0}}, {"model": "quiz.position", "pk": 326, "fields": {"startX": 26.4816656494141, "startY": 65.1, "name": "QB", "formation": null, "routeCoordinates": "[[26.4816656494141, 65.1]]", "runCoordinates": null, "progressionRank": 0, "playerIndex": null, "routeNum": null, "blocker": false, "runner": false, "CBAssignmentPlayerID": null, "CBAssignmentPlayerIndex": null, "CBAssignmentPlayerPosition": null, "zoneYardX": null, "zoneYardY": null, "zoneHeight": null, "zoneWidth": null, "gapYardX": null, "gapYardY": null, "blockingAssignmentPlayerIndex": null, "blockingAssignmentUnitIndex": null}}, {"model": "quiz.position", "pk": 327, "fields": {"startX": 11.6816656494141, "startY": 72.9, "name": "WR", "formation": null, "routeCoordinates": "[[11.6816656494141, 72.9], [11.271249999999998, 89.06666717529296], [2.7712499999999993, 89.26666717529297]]", "runCoordinates": null, "progressionRank": 2, "playerIndex": null, "routeNum": null, "blocker": false, "runner": false, "CBAssignmentPlayerID": null, "CBAssignmentPlayerIndex": null, "CBAssignmentPlayerPosition": null, "zoneYardX": null, "zoneYardY": null, "zoneHeight": null, "zoneWidth": null, "gapYardX": null, "gapYardY": null, "blockingAssignmentPlayerIndex": null, "blockingAssignmentUnitIndex": null}}, {"model": "quiz.position", "pk": 328, "fields": {"startX": 22.1816656494141, "startY": 63.9, "name": "RB", "formation": null, "routeCoordinates": "[[22.1816656494141, 63.9]]", "runCoordinates": null, "progressionRank": 0, "playerIndex": null, "routeNum": null, "blocker": true, "runner": false, "CBAssignmentPlayerID": null, "CBAssignmentPlayerIndex": null, "CBAssignmentPlayerPosition": null, "zoneYardX": null, "zoneYardY": null, "zoneHeight": null, "zoneWidth": null, "gapYardX": null, "gapYardY": null, "blockingAssignmentPlayerIndex": 0, "blockingAssignmentUnitIndex": 0}}, {"model": "quiz.position", "pk": 329, "fields": {"startX": 42.4816656494141, "startY": 72.9, "name": "WR", "formation": null, "routeCoordinates": "[[42.4816656494141, 72.9], [42.871249999999996, 88.46666717529297], [48.97125, 82.16666717529297]]", "runCoordinates": null, "progressionRank": 4, "playerIndex": null, "routeNum": null, "blocker": false, "runner": false, "CBAssignmentPlayerID": null, "CBAssignmentPlayerIndex": null, "CBAssignmentPlayerPosition": null, "zoneYardX": null, "zoneYardY": null, "zoneHeight": null, "zoneWidth": null, "gapYardX": null, "gapYardY": null, "blockingAssignmentPlayerIndex": null, "blockingAssignmentUnitIndex": null}}, {"model": "quiz.position", "pk": 330, "fields": {"startX": 36.8816656494141, "startY": 71.7, "name": "TE", "formation": null, "routeCoordinates": "[[36.8816656494141, 71.7], [36.77125, 86.06666717529296], [30.471249999999998, 84.06666717529296]]", "runCoordinates": null, "progressionRank": 3, "playerIndex": null, "routeNum": null, "blocker": false, "runner": false, "CBAssignmentPlayerID": null, "CBAssignmentPlayerIndex": null, "CBAssignmentPlayerPosition": null, "zoneYardX": null, "zoneYardY": null, "zoneHeight": null, "zoneWidth": null, "gapYardX": null, "gapYardY": null, "blockingAssignmentPlayerIndex": null, "blockingAssignmentUnitIndex": null}}, {"model": "quiz.position", "pk": 331, "fields": {"startX": 15.8816656494141, "startY": 71.8, "name": "WR", "formation": null, "routeCoordinates": "[[15.8816656494141, 71.8], [16.17125, 90.46666717529297], [26.17125, 96.16666717529297]]", "runCoordinates": null, "progressionRank": 1, "playerIndex": null, "routeNum": null, "blocker": false, "runner": false, "CBAssignmentPlayerID": null, "CBAssignmentPlayerIndex": null, "CBAssignmentPlayerPosition": null, "zoneYardX": null, "zoneYardY": null, "zoneHeight": null, "zoneWidth": null, "gapYardX": null, "gapYardY": null, "blockingAssignmentPlayerIndex": null, "blockingAssignmentUnitIndex": null}}, {"model": "quiz.position", "pk": 332, "fields": {"startX": 19.665, "startY": 73.0, "name": "LT", "formation": null, "routeCoordinates": "[[19.665, 73]]", "runCoordinates": null, "progressionRank": 0, "playerIndex": null, "routeNum": null, "blocker": false, "runner": false, "CBAssignmentPlayerID": null, "CBAssignmentPlayerIndex": null, "CBAssignmentPlayerPosition": null, "zoneYardX": null, "zoneYardY": null, "zoneHeight": null, "zoneWidth": null, "gapYardX": null, "gapYardY": null, "blockingAssignmentPlayerIndex": 0, "blockingAssignmentUnitIndex": 1}}, {"model": "quiz.position", "pk": 333, "fields": {"startX": 23.165, "startY": 73.0, "name": "LG", "formation": null, "routeCoordinates": "[[23.165, 73]]", "runCoordinates": null, "progressionRank": 0, "playerIndex": null, "routeNum": null, "blocker": false, "runner": false, "CBAssignmentPlayerID": null, "CBAssignmentPlayerIndex": null, "CBAssignmentPlayerPosition": null, "zoneYardX": null, "zoneYardY": null, "zoneHeight": null, "zoneWidth": null, "gapYardX": null, "gapYardY": null, "blockingAssignmentPlayerIndex": 0, "blockingAssignmentUnitIndex": 0}}, {"model": "quiz.position", "pk": 334, "fields": {"startX": 26.665, "startY": 73.5, "name": "C", "formation": null, "routeCoordinates": "[[26.665, 73.5]]", "runCoordinates": null, "progressionRank": 0, "playerIndex": null, "routeNum": null, "blocker": false, "runner": false, "CBAssignmentPlayerID": null, "CBAssignmentPlayerIndex": null, "CBAssignmentPlayerPosition": null, "zoneYardX": null, "zoneYardY": null, "zoneHeight": null, "zoneWidth": null, "gapYardX": null, "gapYardY": null, "blockingAssignmentPlayerIndex": 1, "blockingAssignmentUnitIndex": 0}}, {"model": "quiz.position", "pk": 335, "fields": {"startX": 30.165, "startY": 73.0, "name": "RG", "formation": null, "routeCoordinates": "[[30.165, 73]]", "runCoordinates": null, "progressionRank": 0, "playerIndex": null, "routeNum": null, "blocker": false, "runner": false, "CBAssignmentPlayerID": null, "CBAssignmentPlayerIndex": null, "CBAssignmentPlayerPosition": null, "zoneYardX": null, "zoneYardY": null, "zoneHeight": null, "zoneWidth": null, "gapYardX": null, "gapYardY": null, "blockingAssignmentPlayerIndex": 1, "blockingAssignmentUnitIndex": 1}}, {"model": "quiz.position", "pk": 336, "fields": {"startX": 33.665, "startY": 73.0, "name": "RT", "formation": null, "routeCoordinates": "[[33.665, 73]]", "runCoordinates": null, "progressionRank": 0, "playerIndex": null, "routeNum": null, "blocker": false, "runner": false, "CBAssignmentPlayerID": null, "CBAssignmentPlayerIndex": null, "CBAssignmentPlayerPosition": null, "zoneYardX": null, "zoneYardY": null, "zoneHeight": null, "zoneWidth": null, "gapYardX": null, "gapYardY": null, "blockingAssignmentPlayerIndex": 3, "blockingAssignmentUnitIndex": 0}}, {"model": "quiz.position", "pk": 337, "fields": {"startX": 26.4816656494141, "startY": 65.1, "name": "QB", "formation": null, "routeCoordinates": "[[26.4816656494141, 65.1]]", "runCoordinates": null, "progressionRank": 0, "playerIndex": null, "routeNum": null, "blocker": false, "runner": false, "CBAssignmentPlayerID": null, "CBAssignmentPlayerIndex": null, "CBAssignmentPlayerPosition": null, "zoneYardX": null, "zoneYardY": null, "zoneHeight": null, "zoneWidth": null, "gapYardX": null, "gapYardY": null, "blockingAssignmentPlayerIndex": null, "blockingAssignmentUnitIndex": null}}, {"model": "quiz.position", "pk": 338, "fields": {"startX": 11.6816656494141, "startY": 72.9, "name": "WR", "formation": null, "routeCoordinates": "[[11.6816656494141, 72.9], [11.37125, 75.46666717529297], [14.471249999999998, 70.56666717529296]]", "runCoordinates": null, "progressionRank": 1, "playerIndex": null, "routeNum": null, "blocker": false, "runner": false, "CBAssignmentPlayerID": null, "CBAssignmentPlayerIndex": null, "CBAssignmentPlayerPosition": null, "zoneYardX": null, "zoneYardY": null, "zoneHeight": null, "zoneWidth": null, "gapYardX": null, "gapYardY": null, "blockingAssignmentPlayerIndex": null, "blockingAssignmentUnitIndex": null}}, {"model": "quiz.position", "pk": 339, "fields": {"startX": 22.1816656494141, "startY": 63.9, "name": "RB", "formation": null, "routeCoordinates": "[[22.1816656494141, 63.9]]", "runCoordinates": null, "progressionRank": 0, "playerIndex": null, "routeNum": null, "blocker": true, "runner": false, "CBAssignmentPlayerID": null, "CBAssignmentPlayerIndex": null, "CBAssignmentPlayerPosition": null, "zoneYardX": null, "zoneYardY": null, "zoneHeight": null, "zoneWidth": null, "gapYardX": null, "gapYardY": null, "blockingAssignmentPlayerIndex": 0, "blockingAssignmentUnitIndex": 0}}, {"model": "quiz.position", "pk": 340, "fields": {"startX": 42.4816656494141, "startY": 72.9, "name": "WR", "formation": null, "routeCoordinates": "[[42.4816656494141, 72.9], [41.97125, 75.46666717529297], [38.57125, 69.06666717529296]]", "runCoordinates": null, "progressionRank": 2, "playerIndex": null, "routeNum": null, "blocker": false, "runner": false, "CBAssignmentPlayerID": null, "CBAssignmentPlayerIndex": null, "CBAssignmentPlayerPosition": null, "zoneYardX": null, "zoneYardY": null, "zoneHeight": null, "zoneWidth": null, "gapYardX": null, "gapYardY": null, "blockingAssignmentPlayerIndex": null, "blockingAssignmentUnitIndex": null}}, {"model": "quiz.position", "pk": 341, "fields": {"startX": 36.8816656494141, "startY": 71.7, "name": "TE", "formation": null, "routeCoordinates": "[[36.8816656494141, 71.7]]", "runCoordinates": null, "progressionRank": 0, "playerIndex": null, "routeNum": null, "blocker": true, "runner": false, "CBAssignmentPlayerID": null, "CBAssignmentPlayerIndex": null, "CBAssignmentPlayerPosition": null, "zoneYardX": null, "zoneYardY": null, "zoneHeight": null, "zoneWidth": null, "gapYardX": null, "gapYardY": null, "blockingAssignmentPlayerIndex": 2, "blockingAssignmentUnitIndex": 1}}, {"model": "quiz.position", "pk": 342, "fields": {"startX": 15.8816656494141, "startY": 71.8, "name": "WR", "formation": null, "routeCoordinates": "[[15.8816656494141, 71.8]]", "runCoordinates": null, "progressionRank": 0, "playerIndex": null, "routeNum": null, "blocker": true, "runner": false, "CBAssignmentPlayerID": null, "CBAssignmentPlayerIndex": null, "CBAssignmentPlayerPosition": null, "zoneYardX": null, "zoneYardY": null, "zoneHeight": null, "zoneWidth": null, "gapYardX": null, "gapYardY": null, "blockingAssignmentPlayerIndex": 0, "blockingAssignmentUnitIndex": 3}}, {"model": "quiz.position", "pk": 365, "fields": {"startX": 16.0675, "startY": 73.2000004993785, "name": "TE", "formation": null, "routeCoordinates": "[[16.0675, 73.2000004993785], [16.263863636363634, 85.37454595392401], [6.83840909090909, 92.64000049937854]]", "runCoordinates": null, "progressionRank": 2, "playerIndex": null, "routeNum": null, "blocker": false, "runner": false, "CBAssignmentPlayerID": null, "CBAssignmentPlayerIndex": null, "CBAssignmentPlayerPosition": null, "zoneYardX": null, "zoneYardY": null, "zoneHeight": null, "zoneWidth": null, "gapYardX": null, "gapYardY": null, "blockingAssignmentPlayerIndex": null, "blockingAssignmentUnitIndex": null}}, {"model": "quiz.position", "pk": 366, "fields": {"startX": 36.8816656494141, "startY": 71.7, "name": "TE", "formation": null, "routeCoordinates": "[[36.8816656494141, 71.7], [37.47113636363636, 92.934545953924], [30.00931818181818, 100.78909140846946]]", "runCoordinates": null, "progressionRank": 3, "playerIndex": null, "routeNum": null, "blocker": false, "runner": false, "CBAssignmentPlayerID": null, "CBAssignmentPlayerIndex": null, "CBAssignmentPlayerPosition": null, "zoneYardX": null, "zoneYardY": null, "zoneHeight": null, "zoneWidth": null, "gapYardX": null, "gapYardY": null, "blockingAssignmentPlayerIndex": null, "blockingAssignmentUnitIndex": null}}, {"model": "quiz.position", "pk": 367, "fields": {"startX": 42.4816656494141, "startY": 72.9, "name": "WR", "formation": null, "routeCoordinates": "[[42.4816656494141, 72.9], [41.79113636363636, 97.7454550448331], [50.136590909090906, 100.78909140846946]]", "runCoordinates": null, "progressionRank": 4, "playerIndex": null, "routeNum": null, "blocker": false, "runner": false, "CBAssignmentPlayerID": null, "CBAssignmentPlayerIndex": null, "CBAssignmentPlayerPosition": null, "zoneYardX": null, "zoneYardY": null, "zoneHeight": null, "zoneWidth": null, "gapYardX": null, "gapYardY": null, "blockingAssignmentPlayerIndex": null, "blockingAssignmentUnitIndex": null}}, {"model": "quiz.position", "pk": 368, "fields": {"startX": 22.1816656494141, "startY": 63.9, "name": "RB", "formation": null, "routeCoordinates": "[[22.1816656494141, 63.9]]", "runCoordinates": null, "progressionRank": 0, "playerIndex": null, "routeNum": null, "blocker": false, "runner": false, "CBAssignmentPlayerID": null, "CBAssignmentPlayerIndex": null, "CBAssignmentPlayerPosition": null, "zoneYardX": null, "zoneYardY": null, "zoneHeight": null, "zoneWidth": null, "gapYardX": null, "gapYardY": null, "blockingAssignmentPlayerIndex": null, "blockingAssignmentUnitIndex": null}}, {"model": "quiz.position", "pk": 369, "fields": {"startX": 11.1584090909091, "startY": 69.8618186811967, "name": "WR", "formation": null, "routeCoordinates": "[[11.1584090909091, 69.8618186811967], [9.391136363636363, 86.35636413574218], [21.467499999999998, 93.32727322665127]]", "runCoordinates": null, "progressionRank": 1, "playerIndex": null, "routeNum": null, "blocker": false, "runner": false, "CBAssignmentPlayerID": null, "CBAssignmentPlayerIndex": null, "CBAssignmentPlayerPosition": null, "zoneYardX": null, "zoneYardY": null, "zoneHeight": null, "zoneWidth": null, "gapYardX": null, "gapYardY": null, "blockingAssignmentPlayerIndex": null, "blockingAssignmentUnitIndex": null}}, {"model": "quiz.position", "pk": 370, "fields": {"startX": 26.4816656494141, "startY": 65.1, "name": "QB", "formation": null, "routeCoordinates": "[[26.4816656494141, 65.1]]", "runCoordinates": null, "progressionRank": 0, "playerIndex": null, "routeNum": null, "blocker": false, "runner": false, "CBAssignmentPlayerID": null, "CBAssignmentPlayerIndex": null, "CBAssignmentPlayerPosition": null, "zoneYardX": null, "zoneYardY": null, "zoneHeight": null, "zoneWidth": null, "gapYardX": null, "gapYardY": null, "blockingAssignmentPlayerIndex": null, "blockingAssignmentUnitIndex": null}}, {"model": "quiz.position", "pk": 371, "fields": {"startX": 33.665, "startY": 73.0, "name": "RT", "formation": null, "routeCoordinates": "[[33.665, 73]]", "runCoordinates": null, "progressionRank": 0, "playerIndex": null, "routeNum": null, "blocker": false, "runner": false, "CBAssignmentPlayerID": null, "CBAssignmentPlayerIndex": null, "CBAssignmentPlayerPosition": null, "zoneYardX": null, "zoneYardY": null, "zoneHeight": null, "zoneWidth": null, "gapYardX": null, "gapYardY": null, "blockingAssignmentPlayerIndex": null, "blockingAssignmentUnitIndex": null}}, {"model": "quiz.position", "pk": 372, "fields": {"startX": 30.165, "startY": 73.0, "name": "RG", "formation": null, "routeCoordinates": "[[30.165, 73]]", "runCoordinates": null, "progressionRank": 0, "playerIndex": null, "routeNum": null, "blocker": false, "runner": false, "CBAssignmentPlayerID": null, "CBAssignmentPlayerIndex": null, "CBAssignmentPlayerPosition": null, "zoneYardX": null, "zoneYardY": null, "zoneHeight": null, "zoneWidth": null, "gapYardX": null, "gapYardY": null, "blockingAssignmentPlayerIndex": null, "blockingAssignmentUnitIndex": null}}, {"model": "quiz.position", "pk": 373, "fields": {"startX": 26.665, "startY": 73.5, "name": "C", "formation": null, "routeCoordinates": "[[26.665, 73.5]]", "runCoordinates": null, "progressionRank": 0, "playerIndex": null, "routeNum": null, "blocker": false, "runner": false, "CBAssignmentPlayerID": null, "CBAssignmentPlayerIndex": null, "CBAssignmentPlayerPosition": null, "zoneYardX": null, "zoneYardY": null, "zoneHeight": null, "zoneWidth": null, "gapYardX": null, "gapYardY": null, "blockingAssignmentPlayerIndex": null, "blockingAssignmentUnitIndex": null}}, {"model": "quiz.position", "pk": 374, "fields": {"startX": 23.165, "startY": 73.0, "name": "LG", "formation": null, "routeCoordinates": "[[23.165, 73]]", "runCoordinates": null, "progressionRank": 0, "playerIndex": null, "routeNum": null, "blocker": false, "runner": false, "CBAssignmentPlayerID": null, "CBAssignmentPlayerIndex": null, "CBAssignmentPlayerPosition": null, "zoneYardX": null, "zoneYardY": null, "zoneHeight": null, "zoneWidth": null, "gapYardX": null, "gapYardY": null, "blockingAssignmentPlayerIndex": null, "blockingAssignmentUnitIndex": null}}, {"model": "quiz.position", "pk": 375, "fields": {"startX": 19.665, "startY": 73.0, "name": "LT", "formation": null, "routeCoordinates": "[[19.665, 73]]", "runCoordinates": null, "progressionRank": 0, "playerIndex": null, "routeNum": null, "blocker": false, "runner": false, "CBAssignmentPlayerID": null, "CBAssignmentPlayerIndex": null, "CBAssignmentPlayerPosition": null, "zoneYardX": null, "zoneYardY": null, "zoneHeight": null, "zoneWidth": null, "gapYardX": null, "gapYardY": null, "blockingAssignmentPlayerIndex": null, "blockingAssignmentUnitIndex": null}}, {"model": "quiz.position", "pk": 398, "fields": {"startX": 37.9620454545455, "startY": 73.2000004993785, "name": "TE", "formation": null, "routeCoordinates": "[[37.9620454545455, 73.2000004993785], [29.42022727272727, 82.72363686301492]]", "runCoordinates": null, "progressionRank": 1, "playerIndex": null, "routeNum": null, "blocker": false, "runner": false, "CBAssignmentPlayerID": null, "CBAssignmentPlayerIndex": null, "CBAssignmentPlayerPosition": null, "zoneYardX": null, "zoneYardY": null, "zoneHeight": null, "zoneWidth": null, "gapYardX": null, "gapYardY": null, "blockingAssignmentPlayerIndex": null, "blockingAssignmentUnitIndex": null}}, {"model": "quiz.position", "pk": 399, "fields": {"startX": 46.6020454545455, "startY": 71.334545953924, "name": "WR", "formation": null, "routeCoordinates": "[[46.6020454545455, 71.334545953924], [45.71840909090909, 82.82181868119673]]", "runCoordinates": null, "progressionRank": 0, "playerIndex": null, "routeNum": null, "blocker": false, "runner": false, "CBAssignmentPlayerID": null, "CBAssignmentPlayerIndex": null, "CBAssignmentPlayerPosition": null, "zoneYardX": null, "zoneYardY": null, "zoneHeight": null, "zoneWidth": null, "gapYardX": null, "gapYardY": null, "blockingAssignmentPlayerIndex": null, "blockingAssignmentUnitIndex": null}}, {"model": "quiz.position", "pk": 400, "fields": {"startX": 9.19477272727273, "startY": 73.3963641357422, "name": "WR", "formation": null, "routeCoordinates": "[[9.19477272727273, 73.3963641357422], [8.507499999999999, 83.214545953924], [12.925681818181816, 87.14181868119674], [15.47840909090909, 89.40000049937855]]", "runCoordinates": null, "progressionRank": 2, "playerIndex": null, "routeNum": null, "blocker": false, "runner": false, "CBAssignmentPlayerID": null, "CBAssignmentPlayerIndex": null, "CBAssignmentPlayerPosition": null, "zoneYardX": null, "zoneYardY": null, "zoneHeight": null, "zoneWidth": null, "gapYardX": null, "gapYardY": null, "blockingAssignmentPlayerIndex": null, "blockingAssignmentUnitIndex": null}}, {"model": "quiz.position", "pk": 401, "fields": {"startX": 17.6384090909091, "startY": 66.6218186811967, "name": "RB", "formation": null, "routeCoordinates": "[[17.6384090909091, 66.6218186811967], [20.583863636363635, 68.68363686301493]]", "runCoordinates": null, "progressionRank": 3, "playerIndex": null, "routeNum": null, "blocker": false, "runner": false, "CBAssignmentPlayerID": null, "CBAssignmentPlayerIndex": null, "CBAssignmentPlayerPosition": null, "zoneYardX": null, "zoneYardY": null, "zoneHeight": null, "zoneWidth": null, "gapYardX": null, "gapYardY": null, "blockingAssignmentPlayerIndex": null, "blockingAssignmentUnitIndex": null}}, {"model": "quiz.position", "pk": 402, "fields": {"startX": 25.0020454545455, "startY": 64.6581823175604, "name": "RB", "formation": null, "routeCoordinates": "[[25.0020454545455, 64.6581823175604], [38.64931818181818, 67.30909140846947]]", "runCoordinates": null, "progressionRank": 2, "playerIndex": null, "routeNum": null, "blocker": false, "runner": false, "CBAssignmentPlayerID": null, "CBAssignmentPlayerIndex": null, "CBAssignmentPlayerPosition": null, "zoneYardX": null, "zoneYardY": null, "zoneHeight": null, "zoneWidth": null, "gapYardX": null, "gapYardY": null, "blockingAssignmentPlayerIndex": null, "blockingAssignmentUnitIndex": null}}, {"model": "quiz.position", "pk": 403, "fields": {"startX": 26.665, "startY": 70.0, "name": "QB", "formation": null, "routeCoordinates": "[[26.665, 70]]", "runCoordinates": null, "progressionRank": 0, "playerIndex": null, "routeNum": null, "blocker": false, "runner": false, "CBAssignmentPlayerID": null, "CBAssignmentPlayerIndex": null, "CBAssignmentPlayerPosition": null, "zoneYardX": null, "zoneYardY": null, "zoneHeight": null, "zoneWidth": null, "gapYardX": null, "gapYardY": null, "blockingAssignmentPlayerIndex": null, "blockingAssignmentUnitIndex": null}}, {"model": "quiz.position", "pk": 404, "fields": {"startX": 33.665, "startY": 73.0, "name": "RT", "formation": null, "routeCoordinates": "[[33.665, 73]]", "runCoordinates": null, "progressionRank": 0, "playerIndex": null, "routeNum": null, "blocker": false, "runner": false, "CBAssignmentPlayerID": null, "CBAssignmentPlayerIndex": null, "CBAssignmentPlayerPosition": null, "zoneYardX": null, "zoneYardY": null, "zoneHeight": null, "zoneWidth": null, "gapYardX": null, "gapYardY": null, "blockingAssignmentPlayerIndex": null, "blockingAssignmentUnitIndex": null}}, {"model": "quiz.position", "pk": 405, "fields": {"startX": 30.165, "startY": 73.0, "name": "RG", "formation": null, "routeCoordinates": "[[30.165, 73]]", "runCoordinates": null, "progressionRank": 0, "playerIndex": null, "routeNum": null, "blocker": false, "runner": false, "CBAssignmentPlayerID": null, "CBAssignmentPlayerIndex": null, "CBAssignmentPlayerPosition": null, "zoneYardX": null, "zoneYardY": null, "zoneHeight": null, "zoneWidth": null, "gapYardX": null, "gapYardY": null, "blockingAssignmentPlayerIndex": null, "blockingAssignmentUnitIndex": null}}, {"model": "quiz.position", "pk": 406, "fields": {"startX": 26.665, "startY": 73.5, "name": "C", "formation": null, "routeCoordinates": "[[26.665, 73.5]]", "runCoordinates": null, "progressionRank": 0, "playerIndex": null, "routeNum": null, "blocker": false, "runner": false, "CBAssignmentPlayerID": null, "CBAssignmentPlayerIndex": null, "CBAssignmentPlayerPosition": null, "zoneYardX": null, "zoneYardY": null, "zoneHeight": null, "zoneWidth": null, "gapYardX": null, "gapYardY": null, "blockingAssignmentPlayerIndex": null, "blockingAssignmentUnitIndex": null}}, {"model": "quiz.position", "pk": 407, "fields": {"startX": 23.165, "startY": 73.0, "name": "LG", "formation": null, "routeCoordinates": "[[23.165, 73]]", "runCoordinates": null, "progressionRank": 0, "playerIndex": null, "routeNum": null, "blocker": false, "runner": false, "CBAssignmentPlayerID": null, "CBAssignmentPlayerIndex": null, "CBAssignmentPlayerPosition": null, "zoneYardX": null, "zoneYardY": null, "zoneHeight": null, "zoneWidth": null, "gapYardX": null, "gapYardY": null, "blockingAssignmentPlayerIndex": null, "blockingAssignmentUnitIndex": null}}, {"model": "quiz.position", "pk": 408, "fields": {"startX": 19.665, "startY": 73.0, "name": "LT", "formation": null, "routeCoordinates": "[[19.665, 73]]", "runCoordinates": null, "progressionRank": 0, "playerIndex": null, "routeNum": null, "blocker": false, "runner": false, "CBAssignmentPlayerID": null, "CBAssignmentPlayerIndex": null, "CBAssignmentPlayerPosition": null, "zoneYardX": null, "zoneYardY": null, "zoneHeight": null, "zoneWidth": null, "gapYardX": null, "gapYardY": null, "blockingAssignmentPlayerIndex": null, "blockingAssignmentUnitIndex": null}}, {"model": "quiz.position", "pk": 409, "fields": {"startX": 37.9620454545455, "startY": 73.2000004993785, "name": "TE", "formation": null, "routeCoordinates": "[[37.9620454545455, 73.2000004993785]]", "runCoordinates": null, "progressionRank": 0, "playerIndex": null, "routeNum": null, "blocker": false, "runner": false, "CBAssignmentPlayerID": null, "CBAssignmentPlayerIndex": null, "CBAssignmentPlayerPosition": null, "zoneYardX": null, "zoneYardY": null, "zoneHeight": null, "zoneWidth": null, "gapYardX": null, "gapYardY": null, "blockingAssignmentPlayerIndex": null, "blockingAssignmentUnitIndex": null}}, {"model": "quiz.position", "pk": 410, "fields": {"startX": 46.6020454545455, "startY": 71.334545953924, "name": "WR", "formation": null, "routeCoordinates": "[[46.6020454545455, 71.334545953924]]", "runCoordinates": null, "progressionRank": 0, "playerIndex": null, "routeNum": null, "blocker": false, "runner": false, "CBAssignmentPlayerID": null, "CBAssignmentPlayerIndex": null, "CBAssignmentPlayerPosition": null, "zoneYardX": null, "zoneYardY": null, "zoneHeight": null, "zoneWidth": null, "gapYardX": null, "gapYardY": null, "blockingAssignmentPlayerIndex": null, "blockingAssignmentUnitIndex": null}}, {"model": "quiz.position", "pk": 411, "fields": {"startX": 9.19477272727273, "startY": 73.3963641357422, "name": "WR", "formation": null, "routeCoordinates": "[[9.19477272727273, 73.3963641357422]]", "runCoordinates": null, "progressionRank": 0, "playerIndex": null, "routeNum": null, "blocker": false, "runner": false, "CBAssignmentPlayerID": null, "CBAssignmentPlayerIndex": null, "CBAssignmentPlayerPosition": null, "zoneYardX": null, "zoneYardY": null, "zoneHeight": null, "zoneWidth": null, "gapYardX": null, "gapYardY": null, "blockingAssignmentPlayerIndex": null, "blockingAssignmentUnitIndex": null}}, {"model": "quiz.position", "pk": 412, "fields": {"startX": 17.6384090909091, "startY": 66.6218186811967, "name": "RB", "formation": null, "routeCoordinates": "[[17.6384090909091, 66.6218186811967]]", "runCoordinates": null, "progressionRank": 0, "playerIndex": null, "routeNum": null, "blocker": false, "runner": false, "CBAssignmentPlayerID": null, "CBAssignmentPlayerIndex": null, "CBAssignmentPlayerPosition": null, "zoneYardX": null, "zoneYardY": null, "zoneHeight": null, "zoneWidth": null, "gapYardX": null, "gapYardY": null, "blockingAssignmentPlayerIndex": null, "blockingAssignmentUnitIndex": null}}, {"model": "quiz.position", "pk": 413, "fields": {"startX": 25.0020454545455, "startY": 64.6581823175604, "name": "RB", "formation": null, "routeCoordinates": "[[25.0020454545455, 64.6581823175604]]", "runCoordinates": null, "progressionRank": 0, "playerIndex": null, "routeNum": null, "blocker": false, "runner": false, "CBAssignmentPlayerID": null, "CBAssignmentPlayerIndex": null, "CBAssignmentPlayerPosition": null, "zoneYardX": null, "zoneYardY": null, "zoneHeight": null, "zoneWidth": null, "gapYardX": null, "gapYardY": null, "blockingAssignmentPlayerIndex": null, "blockingAssignmentUnitIndex": null}}, {"model": "quiz.position", "pk": 414, "fields": {"startX": 26.665, "startY": 70.0, "name": "QB", "formation": null, "routeCoordinates": "[[26.665, 70]]", "runCoordinates": null, "progressionRank": 0, "playerIndex": null, "routeNum": null, "blocker": false, "runner": false, "CBAssignmentPlayerID": null, "CBAssignmentPlayerIndex": null, "CBAssignmentPlayerPosition": null, "zoneYardX": null, "zoneYardY": null, "zoneHeight": null, "zoneWidth": null, "gapYardX": null, "gapYardY": null, "blockingAssignmentPlayerIndex": null, "blockingAssignmentUnitIndex": null}}, {"model": "quiz.position", "pk": 415, "fields": {"startX": 33.665, "startY": 73.0, "name": "RT", "formation": null, "routeCoordinates": "[[33.665, 73]]", "runCoordinates": null, "progressionRank": 0, "playerIndex": null, "routeNum": null, "blocker": false, "runner": false, "CBAssignmentPlayerID": null, "CBAssignmentPlayerIndex": null, "CBAssignmentPlayerPosition": null, "zoneYardX": null, "zoneYardY": null, "zoneHeight": null, "zoneWidth": null, "gapYardX": null, "gapYardY": null, "blockingAssignmentPlayerIndex": null, "blockingAssignmentUnitIndex": null}}, {"model": "quiz.position", "pk": 416, "fields": {"startX": 30.165, "startY": 73.0, "name": "RG", "formation": null, "routeCoordinates": "[[30.165, 73]]", "runCoordinates": null, "progressionRank": 0, "playerIndex": null, "routeNum": null, "blocker": false, "runner": false, "CBAssignmentPlayerID": null, "CBAssignmentPlayerIndex": null, "CBAssignmentPlayerPosition": null, "zoneYardX": null, "zoneYardY": null, "zoneHeight": null, "zoneWidth": null, "gapYardX": null, "gapYardY": null, "blockingAssignmentPlayerIndex": null, "blockingAssignmentUnitIndex": null}}, {"model": "quiz.position", "pk": 417, "fields": {"startX": 26.665, "startY": 73.5, "name": "C", "formation": null, "routeCoordinates": "[[26.665, 73.5]]", "runCoordinates": null, "progressionRank": 0, "playerIndex": null, "routeNum": null, "blocker": false, "runner": false, "CBAssignmentPlayerID": null, "CBAssignmentPlayerIndex": null, "CBAssignmentPlayerPosition": null, "zoneYardX": null, "zoneYardY": null, "zoneHeight": null, "zoneWidth": null, "gapYardX": null, "gapYardY": null, "blockingAssignmentPlayerIndex": null, "blockingAssignmentUnitIndex": null}}, {"model": "quiz.position", "pk": 418, "fields": {"startX": 23.165, "startY": 73.0, "name": "LG", "formation": null, "routeCoordinates": "[[23.165, 73]]", "runCoordinates": null, "progressionRank": 0, "playerIndex": null, "routeNum": null, "blocker": false, "runner": false, "CBAssignmentPlayerID": null, "CBAssignmentPlayerIndex": null, "CBAssignmentPlayerPosition": null, "zoneYardX": null, "zoneYardY": null, "zoneHeight": null, "zoneWidth": null, "gapYardX": null, "gapYardY": null, "blockingAssignmentPlayerIndex": null, "blockingAssignmentUnitIndex": null}}, {"model": "quiz.position", "pk": 419, "fields": {"startX": 19.665, "startY": 73.0, "name": "LT", "formation": null, "routeCoordinates": "[[19.665, 73]]", "runCoordinates": null, "progressionRank": 0, "playerIndex": null, "routeNum": null, "blocker": false, "runner": false, "CBAssignmentPlayerID": null, "CBAssignmentPlayerIndex": null, "CBAssignmentPlayerPosition": null, "zoneYardX": null, "zoneYardY": null, "zoneHeight": null, "zoneWidth": null, "gapYardX": null, "gapYardY": null, "blockingAssignmentPlayerIndex": null, "blockingAssignmentUnitIndex": null}}, {"model": "quiz.position", "pk": 442, "fields": {"startX": 19.665, "startY": 73.0, "name": "LT", "formation": null, "routeCoordinates": "[[19.665, 73]]", "runCoordinates": null, "progressionRank": 0, "playerIndex": null, "routeNum": null, "blocker": false, "runner": false, "CBAssignmentPlayerID": null, "CBAssignmentPlayerIndex": null, "CBAssignmentPlayerPosition": null, "zoneYardX": null, "zoneYardY": null, "zoneHeight": null, "zoneWidth": null, "gapYardX": null, "gapYardY": null, "blockingAssignmentPlayerIndex": 0, "blockingAssignmentUnitIndex": 0}}, {"model": "quiz.position", "pk": 443, "fields": {"startX": 23.165, "startY": 73.0, "name": "LG", "formation": null, "routeCoordinates": "[[23.165, 73]]", "runCoordinates": null, "progressionRank": 0, "playerIndex": null, "routeNum": null, "blocker": false, "runner": false, "CBAssignmentPlayerID": null, "CBAssignmentPlayerIndex": null, "CBAssignmentPlayerPosition": null, "zoneYardX": null, "zoneYardY": null, "zoneHeight": null, "zoneWidth": null, "gapYardX": null, "gapYardY": null, "blockingAssignmentPlayerIndex": 1, "blockingAssignmentUnitIndex": 0}}, {"model": "quiz.position", "pk": 444, "fields": {"startX": 26.665, "startY": 73.5, "name": "C", "formation": null, "routeCoordinates": "[[26.665, 73.5]]", "runCoordinates": null, "progressionRank": 0, "playerIndex": null, "routeNum": null, "blocker": false, "runner": false, "CBAssignmentPlayerID": null, "CBAssignmentPlayerIndex": null, "CBAssignmentPlayerPosition": null, "zoneYardX": null, "zoneYardY": null, "zoneHeight": null, "zoneWidth": null, "gapYardX": null, "gapYardY": null, "blockingAssignmentPlayerIndex": 1, "blockingAssignmentUnitIndex": 0}}, {"model": "quiz.position", "pk": 445, "fields": {"startX": 30.165, "startY": 73.0, "name": "RG", "formation": null, "routeCoordinates": "[[30.165, 73]]", "runCoordinates": null, "progressionRank": 0, "playerIndex": null, "routeNum": null, "blocker": false, "runner": false, "CBAssignmentPlayerID": null, "CBAssignmentPlayerIndex": null, "CBAssignmentPlayerPosition": null, "zoneYardX": null, "zoneYardY": null, "zoneHeight": null, "zoneWidth": null, "gapYardX": null, "gapYardY": null, "blockingAssignmentPlayerIndex": 2, "blockingAssignmentUnitIndex": 0}}, {"model": "quiz.position", "pk": 446, "fields": {"startX": 33.665, "startY": 73.0, "name": "RT", "formation": null, "routeCoordinates": "[[33.665, 73]]", "runCoordinates": null, "progressionRank": 0, "playerIndex": null, "routeNum": null, "blocker": false, "runner": false, "CBAssignmentPlayerID": null, "CBAssignmentPlayerIndex": null, "CBAssignmentPlayerPosition": null, "zoneYardX": null, "zoneYardY": null, "zoneHeight": null, "zoneWidth": null, "gapYardX": null, "gapYardY": null, "blockingAssignmentPlayerIndex": 3, "blockingAssignmentUnitIndex": 0}}, {"model": "quiz.position", "pk": 447, "fields": {"startX": 26.5877935791016, "startY": 64.8705893123851, "name": "QB", "formation": null, "routeCoordinates": "[[26.5877935791016, 64.8705893123851]]", "runCoordinates": null, "progressionRank": 0, "playerIndex": null, "routeNum": null, "blocker": false, "runner": false, "CBAssignmentPlayerID": null, "CBAssignmentPlayerIndex": null, "CBAssignmentPlayerPosition": null, "zoneYardX": null, "zoneYardY": null, "zoneHeight": null, "zoneWidth": null, "gapYardX": null, "gapYardY": null, "blockingAssignmentPlayerIndex": null, "blockingAssignmentUnitIndex": null}}, {"model": "quiz.position", "pk": 448, "fields": {"startX": 4.45838181439568, "startY": 73.0235304888557, "name": "WR", "formation": null, "routeCoordinates": "[[4.45838181439568, 73.0235304888557], [4.564264167336856, 79.05882460650275], [35.27014652027803, 79.69411872414982]]", "runCoordinates": null, "progressionRank": 3, "playerIndex": null, "routeNum": null, "blocker": false, "runner": false, "CBAssignmentPlayerID": null, "CBAssignmentPlayerIndex": null, "CBAssignmentPlayerPosition": null, "zoneYardX": null, "zoneYardY": null, "zoneHeight": null, "zoneWidth": null, "gapYardX": null, "gapYardY": null, "blockingAssignmentPlayerIndex": null, "blockingAssignmentUnitIndex": null}}, {"model": "quiz.position", "pk": 449, "fields": {"startX": 11.5524994614545, "startY": 69.635295194738, "name": "TE", "formation": null, "routeCoordinates": "[[11.5524994614545, 69.635295194738], [11.764264167336856, 84.77647166532628], [20.234852402630974, 84.98823637120864]]", "runCoordinates": null, "progressionRank": 4, "playerIndex": null, "routeNum": null, "blocker": false, "runner": false, "CBAssignmentPlayerID": null, "CBAssignmentPlayerIndex": null, "CBAssignmentPlayerPosition": null, "zoneYardX": null, "zoneYardY": null, "zoneHeight": null, "zoneWidth": null, "gapYardX": null, "gapYardY": null, "blockingAssignmentPlayerIndex": null, "blockingAssignmentUnitIndex": null}}, {"model": "quiz.position", "pk": 450, "fields": {"startX": 42.8936759320427, "startY": 72.9176481359145, "name": "WR", "formation": null, "routeCoordinates": "[[42.8936759320427, 72.9176481359145], [42.68191122616039, 83.18823637120863], [46.07014652027803, 87.31764813591452], [40.88191122616038, 94.09411872414982]]", "runCoordinates": null, "progressionRank": 1, "playerIndex": null, "routeNum": null, "blocker": false, "runner": false, "CBAssignmentPlayerID": null, "CBAssignmentPlayerIndex": null, "CBAssignmentPlayerPosition": null, "zoneYardX": null, "zoneYardY": null, "zoneHeight": null, "zoneWidth": null, "gapYardX": null, "gapYardY": null, "blockingAssignmentPlayerIndex": null, "blockingAssignmentUnitIndex": null}}, {"model": "quiz.position", "pk": 451, "fields": {"startX": 50.1995582849839, "startY": 69.9529422535616, "name": "WR", "formation": null, "routeCoordinates": "[[50.1995582849839, 69.9529422535616], [50.62308769674862, 85.62353048885569], [47.97602887321921, 81.91764813591452]]", "runCoordinates": null, "progressionRank": 2, "playerIndex": null, "routeNum": null, "blocker": false, "runner": false, "CBAssignmentPlayerID": null, "CBAssignmentPlayerIndex": null, "CBAssignmentPlayerPosition": null, "zoneYardX": null, "zoneYardY": null, "zoneHeight": null, "zoneWidth": null, "gapYardX": null, "gapYardY": null, "blockingAssignmentPlayerIndex": null, "blockingAssignmentUnitIndex": null}}, {"model": "quiz.position", "pk": 452, "fields": {"startX": 30.1877935791016, "startY": 64.8705893123851, "name": "RB", "formation": null, "routeCoordinates": "[[30.1877935791016, 64.8705893123851]]", "runCoordinates": null, "progressionRank": 0, "playerIndex": null, "routeNum": null, "blocker": true, "runner": false, "CBAssignmentPlayerID": null, "CBAssignmentPlayerIndex": null, "CBAssignmentPlayerPosition": null, "zoneYardX": null, "zoneYardY": null, "zoneHeight": null, "zoneWidth": null, "gapYardX": null, "gapYardY": null, "blockingAssignmentPlayerIndex": 3, "blockingAssignmentUnitIndex": 0}}, {"model": "quiz.position", "pk": 453, "fields": {"startX": 19.665, "startY": 73.0, "name": "LT", "formation": null, "routeCoordinates": "[[19.665, 73]]", "runCoordinates": null, "progressionRank": 0, "playerIndex": null, "routeNum": null, "blocker": false, "runner": false, "CBAssignmentPlayerID": null, "CBAssignmentPlayerIndex": null, "CBAssignmentPlayerPosition": null, "zoneYardX": null, "zoneYardY": null, "zoneHeight": null, "zoneWidth": null, "gapYardX": null, "gapYardY": null, "blockingAssignmentPlayerIndex": 0, "blockingAssignmentUnitIndex": 0}}, {"model": "quiz.position", "pk": 454, "fields": {"startX": 23.165, "startY": 73.0, "name": "LG", "formation": null, "routeCoordinates": "[[23.165, 73]]", "runCoordinates": null, "progressionRank": 0, "playerIndex": null, "routeNum": null, "blocker": false, "runner": false, "CBAssignmentPlayerID": null, "CBAssignmentPlayerIndex": null, "CBAssignmentPlayerPosition": null, "zoneYardX": null, "zoneYardY": null, "zoneHeight": null, "zoneWidth": null, "gapYardX": null, "gapYardY": null, "blockingAssignmentPlayerIndex": 1, "blockingAssignmentUnitIndex": 0}}, {"model": "quiz.position", "pk": 455, "fields": {"startX": 26.665, "startY": 73.5, "name": "C", "formation": null, "routeCoordinates": "[[26.665, 73.5]]", "runCoordinates": null, "progressionRank": 0, "playerIndex": null, "routeNum": null, "blocker": false, "runner": false, "CBAssignmentPlayerID": null, "CBAssignmentPlayerIndex": null, "CBAssignmentPlayerPosition": null, "zoneYardX": null, "zoneYardY": null, "zoneHeight": null, "zoneWidth": null, "gapYardX": null, "gapYardY": null, "blockingAssignmentPlayerIndex": 1, "blockingAssignmentUnitIndex": 0}}, {"model": "quiz.position", "pk": 456, "fields": {"startX": 30.165, "startY": 73.0, "name": "RG", "formation": null, "routeCoordinates": "[[30.165, 73]]", "runCoordinates": null, "progressionRank": 0, "playerIndex": null, "routeNum": null, "blocker": false, "runner": false, "CBAssignmentPlayerID": null, "CBAssignmentPlayerIndex": null, "CBAssignmentPlayerPosition": null, "zoneYardX": null, "zoneYardY": null, "zoneHeight": null, "zoneWidth": null, "gapYardX": null, "gapYardY": null, "blockingAssignmentPlayerIndex": 2, "blockingAssignmentUnitIndex": 0}}, {"model": "quiz.position", "pk": 457, "fields": {"startX": 33.665, "startY": 73.0, "name": "RT", "formation": null, "routeCoordinates": "[[33.665, 73]]", "runCoordinates": null, "progressionRank": 0, "playerIndex": null, "routeNum": null, "blocker": false, "runner": false, "CBAssignmentPlayerID": null, "CBAssignmentPlayerIndex": null, "CBAssignmentPlayerPosition": null, "zoneYardX": null, "zoneYardY": null, "zoneHeight": null, "zoneWidth": null, "gapYardX": null, "gapYardY": null, "blockingAssignmentPlayerIndex": 3, "blockingAssignmentUnitIndex": 0}}, {"model": "quiz.position", "pk": 458, "fields": {"startX": 26.5877935791016, "startY": 64.8705893123851, "name": "QB", "formation": null, "routeCoordinates": "[[26.5877935791016, 64.8705893123851]]", "runCoordinates": null, "progressionRank": 0, "playerIndex": null, "routeNum": null, "blocker": false, "runner": false, "CBAssignmentPlayerID": null, "CBAssignmentPlayerIndex": null, "CBAssignmentPlayerPosition": null, "zoneYardX": null, "zoneYardY": null, "zoneHeight": null, "zoneWidth": null, "gapYardX": null, "gapYardY": null, "blockingAssignmentPlayerIndex": null, "blockingAssignmentUnitIndex": null}}, {"model": "quiz.position", "pk": 459, "fields": {"startX": 4.45838181439568, "startY": 73.0235304888557, "name": "WR", "formation": null, "routeCoordinates": "[[4.45838181439568, 73.0235304888557], [4.564264167336856, 84.14117754767923], [6.258381814395679, 81.17647166532629]]", "runCoordinates": null, "progressionRank": 3, "playerIndex": null, "routeNum": null, "blocker": false, "runner": false, "CBAssignmentPlayerID": null, "CBAssignmentPlayerIndex": null, "CBAssignmentPlayerPosition": null, "zoneYardX": null, "zoneYardY": null, "zoneHeight": null, "zoneWidth": null, "gapYardX": null, "gapYardY": null, "blockingAssignmentPlayerIndex": null, "blockingAssignmentUnitIndex": null}}, {"model": "quiz.position", "pk": 460, "fields": {"startX": 11.5524994614545, "startY": 69.635295194738, "name": "TE", "formation": null, "routeCoordinates": "[[11.5524994614545, 69.635295194738], [10.917205343807444, 86.47058931238512], [3.293675932042738, 93.2470599006204]]", "runCoordinates": null, "progressionRank": 4, "playerIndex": null, "routeNum": null, "blocker": false, "runner": false, "CBAssignmentPlayerID": null, "CBAssignmentPlayerIndex": null, "CBAssignmentPlayerPosition": null, "zoneYardX": null, "zoneYardY": null, "zoneHeight": null, "zoneWidth": null, "gapYardX": null, "gapYardY": null, "blockingAssignmentPlayerIndex": null, "blockingAssignmentUnitIndex": null}}, {"model": "quiz.position", "pk": 461, "fields": {"startX": 42.8936759320427, "startY": 72.9176481359145, "name": "WR", "formation": null, "routeCoordinates": "[[42.8936759320427, 72.9176481359145], [43.10544063792509, 84.45882460650276], [34.423087696748624, 84.56470695944394]]", "runCoordinates": null, "progressionRank": 2, "playerIndex": null, "routeNum": null, "blocker": false, "runner": false, "CBAssignmentPlayerID": null, "CBAssignmentPlayerIndex": null, "CBAssignmentPlayerPosition": null, "zoneYardX": null, "zoneYardY": null, "zoneHeight": null, "zoneWidth": null, "gapYardX": null, "gapYardY": null, "blockingAssignmentPlayerIndex": null, "blockingAssignmentUnitIndex": null}}, {"model": "quiz.position", "pk": 462, "fields": {"startX": 50.1995582849839, "startY": 69.9529422535616, "name": "WR", "formation": null, "routeCoordinates": "[[50.1995582849839, 69.9529422535616], [50.62308769674862, 87.52941284179687], [44.27014652027803, 93.45882460650276], [34.10544063792509, 93.88235401826746]]", "runCoordinates": null, "progressionRank": 1, "playerIndex": null, "routeNum": null, "blocker": false, "runner": false, "CBAssignmentPlayerID": null, "CBAssignmentPlayerIndex": null, "CBAssignmentPlayerPosition": null, "zoneYardX": null, "zoneYardY": null, "zoneHeight": null, "zoneWidth": null, "gapYardX": null, "gapYardY": null, "blockingAssignmentPlayerIndex": null, "blockingAssignmentUnitIndex": null}}, {"model": "quiz.position", "pk": 463, "fields": {"startX": 30.1877935791016, "startY": 64.8705893123851, "name": "RB", "formation": null, "routeCoordinates": "[[30.1877935791016, 64.8705893123851]]", "runCoordinates": null, "progressionRank": 0, "playerIndex": null, "routeNum": null, "blocker": true, "runner": false, "CBAssignmentPlayerID": null, "CBAssignmentPlayerIndex": null, "CBAssignmentPlayerPosition": null, "zoneYardX": null, "zoneYardY": null, "zoneHeight": null, "zoneWidth": null, "gapYardX": null, "gapYardY": null, "blockingAssignmentPlayerIndex": 3, "blockingAssignmentUnitIndex": 0}}, {"model": "quiz.position", "pk": 464, "fields": {"startX": 19.665, "startY": 73.0, "name": "LT", "formation": null, "routeCoordinates": "[[19.665, 73]]", "runCoordinates": null, "progressionRank": 0, "playerIndex": null, "routeNum": null, "blocker": false, "runner": false, "CBAssignmentPlayerID": null, "CBAssignmentPlayerIndex": null, "CBAssignmentPlayerPosition": null, "zoneYardX": null, "zoneYardY": null, "zoneHeight": null, "zoneWidth": null, "gapYardX": null, "gapYardY": null, "blockingAssignmentPlayerIndex": 0, "blockingAssignmentUnitIndex": 0}}, {"model": "quiz.position", "pk": 465, "fields": {"startX": 23.165, "startY": 73.0, "name": "LG", "formation": null, "routeCoordinates": "[[23.165, 73]]", "runCoordinates": null, "progressionRank": 0, "playerIndex": null, "routeNum": null, "blocker": false, "runner": false, "CBAssignmentPlayerID": null, "CBAssignmentPlayerIndex": null, "CBAssignmentPlayerPosition": null, "zoneYardX": null, "zoneYardY": null, "zoneHeight": null, "zoneWidth": null, "gapYardX": null, "gapYardY": null, "blockingAssignmentPlayerIndex": 1, "blockingAssignmentUnitIndex": 0}}, {"model": "quiz.position", "pk": 466, "fields": {"startX": 26.665, "startY": 73.5, "name": "C", "formation": null, "routeCoordinates": "[[26.665, 73.5]]", "runCoordinates": null, "progressionRank": 0, "playerIndex": null, "routeNum": null, "blocker": false, "runner": false, "CBAssignmentPlayerID": null, "CBAssignmentPlayerIndex": null, "CBAssignmentPlayerPosition": null, "zoneYardX": null, "zoneYardY": null, "zoneHeight": null, "zoneWidth": null, "gapYardX": null, "gapYardY": null, "blockingAssignmentPlayerIndex": 2, "blockingAssignmentUnitIndex": 0}}, {"model": "quiz.position", "pk": 467, "fields": {"startX": 30.165, "startY": 73.0, "name": "RG", "formation": null, "routeCoordinates": "[[30.165, 73]]", "runCoordinates": null, "progressionRank": 0, "playerIndex": null, "routeNum": null, "blocker": false, "runner": false, "CBAssignmentPlayerID": null, "CBAssignmentPlayerIndex": null, "CBAssignmentPlayerPosition": null, "zoneYardX": null, "zoneYardY": null, "zoneHeight": null, "zoneWidth": null, "gapYardX": null, "gapYardY": null, "blockingAssignmentPlayerIndex": 2, "blockingAssignmentUnitIndex": 0}}, {"model": "quiz.position", "pk": 468, "fields": {"startX": 33.665, "startY": 73.0, "name": "RT", "formation": null, "routeCoordinates": "[[33.665, 73]]", "runCoordinates": null, "progressionRank": 0, "playerIndex": null, "routeNum": null, "blocker": false, "runner": false, "CBAssignmentPlayerID": null, "CBAssignmentPlayerIndex": null, "CBAssignmentPlayerPosition": null, "zoneYardX": null, "zoneYardY": null, "zoneHeight": null, "zoneWidth": null, "gapYardX": null, "gapYardY": null, "blockingAssignmentPlayerIndex": 3, "blockingAssignmentUnitIndex": 0}}, {"model": "quiz.position", "pk": 469, "fields": {"startX": 26.5877935791016, "startY": 64.8705893123851, "name": "QB", "formation": null, "routeCoordinates": "[[26.5877935791016, 64.8705893123851]]", "runCoordinates": null, "progressionRank": 0, "playerIndex": null, "routeNum": null, "blocker": false, "runner": false, "CBAssignmentPlayerID": null, "CBAssignmentPlayerIndex": null, "CBAssignmentPlayerPosition": null, "zoneYardX": null, "zoneYardY": null, "zoneHeight": null, "zoneWidth": null, "gapYardX": null, "gapYardY": null, "blockingAssignmentPlayerIndex": null, "blockingAssignmentUnitIndex": null}}, {"model": "quiz.position", "pk": 470, "fields": {"startX": 4.14073475557215, "startY": 73.1294128417969, "name": "WR", "formation": null, "routeCoordinates": "[[4.14073475557215, 73.1294128417969], [6.152499461454503, 84.45882460650276], [24.681911226160384, 90.81176578297334]]", "runCoordinates": null, "progressionRank": 4, "playerIndex": null, "routeNum": null, "blocker": false, "runner": false, "CBAssignmentPlayerID": null, "CBAssignmentPlayerIndex": null, "CBAssignmentPlayerPosition": null, "zoneYardX": null, "zoneYardY": null, "zoneHeight": null, "zoneWidth": null, "gapYardX": null, "gapYardY": null, "blockingAssignmentPlayerIndex": null, "blockingAssignmentUnitIndex": null}}, {"model": "quiz.position", "pk": 471, "fields": {"startX": 30.1877935791016, "startY": 64.8705893123851, "name": "RB", "formation": null, "routeCoordinates": "[[30.1877935791016, 64.8705893123851]]", "runCoordinates": null, "progressionRank": 0, "playerIndex": null, "routeNum": null, "blocker": true, "runner": false, "CBAssignmentPlayerID": null, "CBAssignmentPlayerIndex": null, "CBAssignmentPlayerPosition": null, "zoneYardX": null, "zoneYardY": null, "zoneHeight": null, "zoneWidth": null, "gapYardX": null, "gapYardY": null, "blockingAssignmentPlayerIndex": 3, "blockingAssignmentUnitIndex": 0}}, {"model": "quiz.position", "pk": 472, "fields": {"startX": 40.1407347555721, "startY": 73.0235304888557, "name": "TE", "formation": null, "routeCoordinates": "[[40.1407347555721, 73.0235304888557], [39.928970049689795, 82.76470695944394], [51.046617108513324, 82.76470695944394]]", "runCoordinates": null, "progressionRank": 3, "playerIndex": null, "routeNum": null, "blocker": false, "runner": false, "CBAssignmentPlayerID": null, "CBAssignmentPlayerIndex": null, "CBAssignmentPlayerPosition": null, "zoneYardX": null, "zoneYardY": null, "zoneHeight": null, "zoneWidth": null, "gapYardX": null, "gapYardY": null, "blockingAssignmentPlayerIndex": null, "blockingAssignmentUnitIndex": null}}, {"model": "quiz.position", "pk": 473, "fields": {"startX": 43.9524994614545, "startY": 69.635295194738, "name": "WR", "formation": null, "routeCoordinates": "[[43.9524994614545, 69.635295194738], [44.16426416733685, 88.16470695944393], [50.62308769674862, 88.37647166532629]]", "runCoordinates": null, "progressionRank": 2, "playerIndex": null, "routeNum": null, "blocker": false, "runner": false, "CBAssignmentPlayerID": null, "CBAssignmentPlayerIndex": null, "CBAssignmentPlayerPosition": null, "zoneYardX": null, "zoneYardY": null, "zoneHeight": null, "zoneWidth": null, "gapYardX": null, "gapYardY": null, "blockingAssignmentPlayerIndex": null, "blockingAssignmentUnitIndex": null}}, {"model": "quiz.position", "pk": 474, "fields": {"startX": 48.1877935791016, "startY": 69.5294128417969, "name": "WR", "formation": null, "routeCoordinates": "[[48.1877935791016, 69.5294128417969], [47.97602887321921, 100.65882460650276]]", "runCoordinates": null, "progressionRank": 1, "playerIndex": null, "routeNum": null, "blocker": false, "runner": false, "CBAssignmentPlayerID": null, "CBAssignmentPlayerIndex": null, "CBAssignmentPlayerPosition": null, "zoneYardX": null, "zoneYardY": null, "zoneHeight": null, "zoneWidth": null, "gapYardX": null, "gapYardY": null, "blockingAssignmentPlayerIndex": null, "blockingAssignmentUnitIndex": null}}, {"model": "quiz.position", "pk": 475, "fields": {"startX": 19.665, "startY": 73.0, "name": "LT", "formation": null, "routeCoordinates": "[[19.665, 73]]", "runCoordinates": null, "progressionRank": 0, "playerIndex": null, "routeNum": null, "blocker": false, "runner": false, "CBAssignmentPlayerID": null, "CBAssignmentPlayerIndex": null, "CBAssignmentPlayerPosition": null, "zoneYardX": null, "zoneYardY": null, "zoneHeight": null, "zoneWidth": null, "gapYardX": null, "gapYardY": null, "blockingAssignmentPlayerIndex": 0, "blockingAssignmentUnitIndex": 0}}, {"model": "quiz.position", "pk": 476, "fields": {"startX": 23.165, "startY": 73.0, "name": "LG", "formation": null, "routeCoordinates": "[[23.165, 73]]", "runCoordinates": null, "progressionRank": 0, "playerIndex": null, "routeNum": null, "blocker": false, "runner": false, "CBAssignmentPlayerID": null, "CBAssignmentPlayerIndex": null, "CBAssignmentPlayerPosition": null, "zoneYardX": null, "zoneYardY": null, "zoneHeight": null, "zoneWidth": null, "gapYardX": null, "gapYardY": null, "blockingAssignmentPlayerIndex": 1, "blockingAssignmentUnitIndex": 0}}, {"model": "quiz.position", "pk": 477, "fields": {"startX": 26.665, "startY": 73.5, "name": "C", "formation": null, "routeCoordinates": "[[26.665, 73.5]]", "runCoordinates": null, "progressionRank": 0, "playerIndex": null, "routeNum": null, "blocker": false, "runner": false, "CBAssignmentPlayerID": null, "CBAssignmentPlayerIndex": null, "CBAssignmentPlayerPosition": null, "zoneYardX": null, "zoneYardY": null, "zoneHeight": null, "zoneWidth": null, "gapYardX": null, "gapYardY": null, "blockingAssignmentPlayerIndex": 2, "blockingAssignmentUnitIndex": 0}}, {"model": "quiz.position", "pk": 478, "fields": {"startX": 30.165, "startY": 73.0, "name": "RG", "formation": null, "routeCoordinates": "[[30.165, 73]]", "runCoordinates": null, "progressionRank": 0, "playerIndex": null, "routeNum": null, "blocker": false, "runner": false, "CBAssignmentPlayerID": null, "CBAssignmentPlayerIndex": null, "CBAssignmentPlayerPosition": null, "zoneYardX": null, "zoneYardY": null, "zoneHeight": null, "zoneWidth": null, "gapYardX": null, "gapYardY": null, "blockingAssignmentPlayerIndex": 2, "blockingAssignmentUnitIndex": 0}}, {"model": "quiz.position", "pk": 479, "fields": {"startX": 33.665, "startY": 73.0, "name": "RT", "formation": null, "routeCoordinates": "[[33.665, 73]]", "runCoordinates": null, "progressionRank": 0, "playerIndex": null, "routeNum": null, "blocker": false, "runner": false, "CBAssignmentPlayerID": null, "CBAssignmentPlayerIndex": null, "CBAssignmentPlayerPosition": null, "zoneYardX": null, "zoneYardY": null, "zoneHeight": null, "zoneWidth": null, "gapYardX": null, "gapYardY": null, "blockingAssignmentPlayerIndex": 3, "blockingAssignmentUnitIndex": 0}}, {"model": "quiz.position", "pk": 480, "fields": {"startX": 26.5877935791016, "startY": 64.8705893123851, "name": "QB", "formation": null, "routeCoordinates": "[[26.5877935791016, 64.8705893123851]]", "runCoordinates": null, "progressionRank": 0, "playerIndex": null, "routeNum": null, "blocker": false, "runner": false, "CBAssignmentPlayerID": null, "CBAssignmentPlayerIndex": null, "CBAssignmentPlayerPosition": null, "zoneYardX": null, "zoneYardY": null, "zoneHeight": null, "zoneWidth": null, "gapYardX": null, "gapYardY": null, "blockingAssignmentPlayerIndex": null, "blockingAssignmentUnitIndex": null}}, {"model": "quiz.position", "pk": 481, "fields": {"startX": 4.14073475557215, "startY": 73.1294128417969, "name": "WR", "formation": null, "routeCoordinates": "[[4.14073475557215, 73.1294128417969], [4.776028873219209, 88.37647166532629], [0.6466171085133263, 88.58823637120864]]", "runCoordinates": null, "progressionRank": 5, "playerIndex": null, "routeNum": null, "blocker": false, "runner": false, "CBAssignmentPlayerID": null, "CBAssignmentPlayerIndex": null, "CBAssignmentPlayerPosition": null, "zoneYardX": null, "zoneYardY": null, "zoneHeight": null, "zoneWidth": null, "gapYardX": null, "gapYardY": null, "blockingAssignmentPlayerIndex": null, "blockingAssignmentUnitIndex": null}}, {"model": "quiz.position", "pk": 482, "fields": {"startX": 30.1877935791016, "startY": 64.8705893123851, "name": "RB", "formation": null, "routeCoordinates": "[[30.1877935791016, 64.8705893123851], [35.481911226160385, 69.10588343003218], [44.79955828498392, 73.12941284179688]]", "runCoordinates": null, "progressionRank": 4, "playerIndex": null, "routeNum": null, "blocker": false, "runner": false, "CBAssignmentPlayerID": null, "CBAssignmentPlayerIndex": null, "CBAssignmentPlayerPosition": null, "zoneYardX": null, "zoneYardY": null, "zoneHeight": null, "zoneWidth": null, "gapYardX": null, "gapYardY": null, "blockingAssignmentPlayerIndex": 3, "blockingAssignmentUnitIndex": 0}}, {"model": "quiz.position", "pk": 483, "fields": {"startX": 40.1407347555721, "startY": 73.0235304888557, "name": "TE", "formation": null, "routeCoordinates": "[[40.1407347555721, 73.0235304888557], [25.74073475557215, 91.23529519473806]]", "runCoordinates": null, "progressionRank": 3, "playerIndex": null, "routeNum": null, "blocker": false, "runner": false, "CBAssignmentPlayerID": null, "CBAssignmentPlayerIndex": null, "CBAssignmentPlayerPosition": null, "zoneYardX": null, "zoneYardY": null, "zoneHeight": null, "zoneWidth": null, "gapYardX": null, "gapYardY": null, "blockingAssignmentPlayerIndex": null, "blockingAssignmentUnitIndex": null}}, {"model": "quiz.position", "pk": 484, "fields": {"startX": 43.9524994614545, "startY": 69.635295194738, "name": "WR", "formation": null, "routeCoordinates": "[[43.9524994614545, 69.635295194738], [36.96426416733686, 95.15294225356158]]", "runCoordinates": null, "progressionRank": 2, "playerIndex": null, "routeNum": null, "blocker": false, "runner": false, "CBAssignmentPlayerID": null, "CBAssignmentPlayerIndex": null, "CBAssignmentPlayerPosition": null, "zoneYardX": null, "zoneYardY": null, "zoneHeight": null, "zoneWidth": null, "gapYardX": null, "gapYardY": null, "blockingAssignmentPlayerIndex": null, "blockingAssignmentUnitIndex": null}}, {"model": "quiz.position", "pk": 485, "fields": {"startX": 48.1877935791016, "startY": 69.5294128417969, "name": "WR", "formation": null, "routeCoordinates": "[[48.1877935791016, 69.5294128417969], [45.85838181439568, 100.0235304888557]]", "runCoordinates": null, "progressionRank": 1, "playerIndex": null, "routeNum": null, "blocker": false, "runner": false, "CBAssignmentPlayerID": null, "CBAssignmentPlayerIndex": null, "CBAssignmentPlayerPosition": null, "zoneYardX": null, "zoneYardY": null, "zoneHeight": null, "zoneWidth": null, "gapYardX": null, "gapYardY": null, "blockingAssignmentPlayerIndex": null, "blockingAssignmentUnitIndex": null}}, {"model": "quiz.position", "pk": 519, "fields": {"startX": 19.665, "startY": 73.0, "name": "LT", "formation": null, "routeCoordinates": "[[19.665, 73]]", "runCoordinates": null, "progressionRank": 0, "playerIndex": null, "routeNum": null, "blocker": false, "runner": false, "CBAssignmentPlayerID": null, "CBAssignmentPlayerIndex": null, "CBAssignmentPlayerPosition": null, "zoneYardX": null, "zoneYardY": null, "zoneHeight": null, "zoneWidth": null, "gapYardX": null, "gapYardY": null, "blockingAssignmentPlayerIndex": 0, "blockingAssignmentUnitIndex": 0}}, {"model": "quiz.position", "pk": 520, "fields": {"startX": 23.165, "startY": 73.0, "name": "LG", "formation": null, "routeCoordinates": "[[23.165, 73]]", "runCoordinates": null, "progressionRank": 0, "playerIndex": null, "routeNum": null, "blocker": false, "runner": false, "CBAssignmentPlayerID": null, "CBAssignmentPlayerIndex": null, "CBAssignmentPlayerPosition": null, "zoneYardX": null, "zoneYardY": null, "zoneHeight": null, "zoneWidth": null, "gapYardX": null, "gapYardY": null, "blockingAssignmentPlayerIndex": 1, "blockingAssignmentUnitIndex": 0}}, {"model": "quiz.position", "pk": 521, "fields": {"startX": 26.665, "startY": 73.5, "name": "C", "formation": null, "routeCoordinates": "[[26.665, 73.5]]", "runCoordinates": null, "progressionRank": 0, "playerIndex": null, "routeNum": null, "blocker": false, "runner": false, "CBAssignmentPlayerID": null, "CBAssignmentPlayerIndex": null, "CBAssignmentPlayerPosition": null, "zoneYardX": null, "zoneYardY": null, "zoneHeight": null, "zoneWidth": null, "gapYardX": null, "gapYardY": null, "blockingAssignmentPlayerIndex": 1, "blockingAssignmentUnitIndex": 0}}, {"model": "quiz.position", "pk": 522, "fields": {"startX": 30.165, "startY": 73.0, "name": "RG", "formation": null, "routeCoordinates": "[[30.165, 73]]", "runCoordinates": null, "progressionRank": 0, "playerIndex": null, "routeNum": null, "blocker": false, "runner": false, "CBAssignmentPlayerID": null, "CBAssignmentPlayerIndex": null, "CBAssignmentPlayerPosition": null, "zoneYardX": null, "zoneYardY": null, "zoneHeight": null, "zoneWidth": null, "gapYardX": null, "gapYardY": null, "blockingAssignmentPlayerIndex": 2, "blockingAssignmentUnitIndex": 0}}, {"model": "quiz.position", "pk": 523, "fields": {"startX": 33.665, "startY": 73.0, "name": "RT", "formation": null, "routeCoordinates": "[[33.665, 73]]", "runCoordinates": null, "progressionRank": 0, "playerIndex": null, "routeNum": null, "blocker": false, "runner": false, "CBAssignmentPlayerID": null, "CBAssignmentPlayerIndex": null, "CBAssignmentPlayerPosition": null, "zoneYardX": null, "zoneYardY": null, "zoneHeight": null, "zoneWidth": null, "gapYardX": null, "gapYardY": null, "blockingAssignmentPlayerIndex": 3, "blockingAssignmentUnitIndex": 0}}, {"model": "quiz.position", "pk": 524, "fields": {"startX": 26.6164703189625, "startY": 65.2941187241498, "name": "QB", "formation": null, "routeCoordinates": "[[26.6164703189625, 65.2941187241498]]", "runCoordinates": null, "progressionRank": 0, "playerIndex": null, "routeNum": null, "blocker": false, "runner": false, "CBAssignmentPlayerID": null, "CBAssignmentPlayerIndex": null, "CBAssignmentPlayerPosition": null, "zoneYardX": null, "zoneYardY": null, "zoneHeight": null, "zoneWidth": null, "gapYardX": null, "gapYardY": null, "blockingAssignmentPlayerIndex": null, "blockingAssignmentUnitIndex": null}}, {"model": "quiz.position", "pk": 525, "fields": {"startX": 43.4517644366096, "startY": 70.1647069594439, "name": "TE", "formation": null, "routeCoordinates": "[[43.4517644366096, 70.1647069594439], [43.134117377786076, 85.72941284179687], [28.628235024844898, 86.89411872414982]]", "runCoordinates": null, "progressionRank": 4, "playerIndex": null, "routeNum": null, "blocker": false, "runner": false, "CBAssignmentPlayerID": null, "CBAssignmentPlayerIndex": null, "CBAssignmentPlayerPosition": null, "zoneYardX": null, "zoneYardY": null, "zoneHeight": null, "zoneWidth": null, "gapYardX": null, "gapYardY": null, "blockingAssignmentPlayerIndex": null, "blockingAssignmentUnitIndex": null}}, {"model": "quiz.position", "pk": 526, "fields": {"startX": 48.1105879660214, "startY": 73.0235304888557, "name": "WR", "formation": null, "routeCoordinates": "[[48.1105879660214, 73.0235304888557], [47.79294090719784, 82.34117754767922], [23.545882083668427, 83.08235401826747]]", "runCoordinates": null, "progressionRank": 3, "playerIndex": null, "routeNum": null, "blocker": false, "runner": false, "CBAssignmentPlayerID": null, "CBAssignmentPlayerIndex": null, "CBAssignmentPlayerPosition": null, "zoneYardX": null, "zoneYardY": null, "zoneHeight": null, "zoneWidth": null, "gapYardX": null, "gapYardY": null, "blockingAssignmentPlayerIndex": null, "blockingAssignmentUnitIndex": null}}, {"model": "quiz.position", "pk": 527, "fields": {"startX": 11.7929409071978, "startY": 70.0588246065028, "name": "WR", "formation": null, "routeCoordinates": "[[11.7929409071978, 70.0588246065028], [11.792940907197838, 81.600001077091], [8.404705613080193, 85.20000107709099], [12.110587966021368, 91.55294225356158]]", "runCoordinates": null, "progressionRank": 1, "playerIndex": null, "routeNum": null, "blocker": false, "runner": false, "CBAssignmentPlayerID": null, "CBAssignmentPlayerIndex": null, "CBAssignmentPlayerPosition": null, "zoneYardX": null, "zoneYardY": null, "zoneHeight": null, "zoneWidth": null, "gapYardX": null, "gapYardY": null, "blockingAssignmentPlayerIndex": null, "blockingAssignmentUnitIndex": null}}, {"model": "quiz.position", "pk": 528, "fields": {"startX": 4.59294090719784, "startY": 73.1294128417969, "name": "WR", "formation": null, "routeCoordinates": "[[4.59294090719784, 73.1294128417969], [4.381176201315486, 85.83529519473805], [7.134117377786074, 82.76470695944394]]", "runCoordinates": null, "progressionRank": 2, "playerIndex": null, "routeNum": null, "blocker": false, "runner": false, "CBAssignmentPlayerID": null, "CBAssignmentPlayerIndex": null, "CBAssignmentPlayerPosition": null, "zoneYardX": null, "zoneYardY": null, "zoneHeight": null, "zoneWidth": null, "gapYardX": null, "gapYardY": null, "blockingAssignmentPlayerIndex": null, "blockingAssignmentUnitIndex": null}}, {"model": "quiz.position", "pk": 529, "fields": {"startX": 22.8047056130802, "startY": 65.2941187241498, "name": "RB", "formation": null, "routeCoordinates": "[[22.8047056130802, 65.2941187241498]]", "runCoordinates": null, "progressionRank": 0, "playerIndex": null, "routeNum": null, "blocker": true, "runner": false, "CBAssignmentPlayerID": null, "CBAssignmentPlayerIndex": null, "CBAssignmentPlayerPosition": null, "zoneYardX": null, "zoneYardY": null, "zoneHeight": null, "zoneWidth": null, "gapYardX": null, "gapYardY": null, "blockingAssignmentPlayerIndex": 0, "blockingAssignmentUnitIndex": 0}}, {"model": "quiz.position", "pk": 530, "fields": {"startX": 19.665, "startY": 73.0, "name": "LT", "formation": null, "routeCoordinates": "[[19.665, 73]]", "runCoordinates": null, "progressionRank": 0, "playerIndex": null, "routeNum": null, "blocker": false, "runner": false, "CBAssignmentPlayerID": null, "CBAssignmentPlayerIndex": null, "CBAssignmentPlayerPosition": null, "zoneYardX": null, "zoneYardY": null, "zoneHeight": null, "zoneWidth": null, "gapYardX": null, "gapYardY": null, "blockingAssignmentPlayerIndex": 0, "blockingAssignmentUnitIndex": 0}}, {"model": "quiz.position", "pk": 531, "fields": {"startX": 23.165, "startY": 73.0, "name": "LG", "formation": null, "routeCoordinates": "[[23.165, 73]]", "runCoordinates": null, "progressionRank": 0, "playerIndex": null, "routeNum": null, "blocker": false, "runner": false, "CBAssignmentPlayerID": null, "CBAssignmentPlayerIndex": null, "CBAssignmentPlayerPosition": null, "zoneYardX": null, "zoneYardY": null, "zoneHeight": null, "zoneWidth": null, "gapYardX": null, "gapYardY": null, "blockingAssignmentPlayerIndex": 1, "blockingAssignmentUnitIndex": 0}}, {"model": "quiz.position", "pk": 532, "fields": {"startX": 26.665, "startY": 73.5, "name": "C", "formation": null, "routeCoordinates": "[[26.665, 73.5]]", "runCoordinates": null, "progressionRank": 0, "playerIndex": null, "routeNum": null, "blocker": false, "runner": false, "CBAssignmentPlayerID": null, "CBAssignmentPlayerIndex": null, "CBAssignmentPlayerPosition": null, "zoneYardX": null, "zoneYardY": null, "zoneHeight": null, "zoneWidth": null, "gapYardX": null, "gapYardY": null, "blockingAssignmentPlayerIndex": 1, "blockingAssignmentUnitIndex": 0}}, {"model": "quiz.position", "pk": 533, "fields": {"startX": 30.165, "startY": 73.0, "name": "RG", "formation": null, "routeCoordinates": "[[30.165, 73]]", "runCoordinates": null, "progressionRank": 0, "playerIndex": null, "routeNum": null, "blocker": false, "runner": false, "CBAssignmentPlayerID": null, "CBAssignmentPlayerIndex": null, "CBAssignmentPlayerPosition": null, "zoneYardX": null, "zoneYardY": null, "zoneHeight": null, "zoneWidth": null, "gapYardX": null, "gapYardY": null, "blockingAssignmentPlayerIndex": 2, "blockingAssignmentUnitIndex": 0}}, {"model": "quiz.position", "pk": 534, "fields": {"startX": 33.665, "startY": 73.0, "name": "RT", "formation": null, "routeCoordinates": "[[33.665, 73]]", "runCoordinates": null, "progressionRank": 0, "playerIndex": null, "routeNum": null, "blocker": false, "runner": false, "CBAssignmentPlayerID": null, "CBAssignmentPlayerIndex": null, "CBAssignmentPlayerPosition": null, "zoneYardX": null, "zoneYardY": null, "zoneHeight": null, "zoneWidth": null, "gapYardX": null, "gapYardY": null, "blockingAssignmentPlayerIndex": 3, "blockingAssignmentUnitIndex": 0}}, {"model": "quiz.position", "pk": 535, "fields": {"startX": 26.6164703189625, "startY": 65.2941187241498, "name": "QB", "formation": null, "routeCoordinates": "[[26.6164703189625, 65.2941187241498]]", "runCoordinates": null, "progressionRank": 0, "playerIndex": null, "routeNum": null, "blocker": false, "runner": false, "CBAssignmentPlayerID": null, "CBAssignmentPlayerIndex": null, "CBAssignmentPlayerPosition": null, "zoneYardX": null, "zoneYardY": null, "zoneHeight": null, "zoneWidth": null, "gapYardX": null, "gapYardY": null, "blockingAssignmentPlayerIndex": null, "blockingAssignmentUnitIndex": null}}, {"model": "quiz.position", "pk": 536, "fields": {"startX": 43.4517644366096, "startY": 70.1647069594439, "name": "TE", "formation": null, "routeCoordinates": "[[43.4517644366096, 70.1647069594439], [42.49882326013901, 82.94117647058823], [31.59294090719784, 83.5764705882353]]", "runCoordinates": null, "progressionRank": 2, "playerIndex": null, "routeNum": null, "blocker": false, "runner": false, "CBAssignmentPlayerID": null, "CBAssignmentPlayerIndex": null, "CBAssignmentPlayerPosition": null, "zoneYardX": null, "zoneYardY": null, "zoneHeight": null, "zoneWidth": null, "gapYardX": null, "gapYardY": null, "blockingAssignmentPlayerIndex": null, "blockingAssignmentUnitIndex": null}}, {"model": "quiz.position", "pk": 537, "fields": {"startX": 48.1105879660214, "startY": 73.0235304888557, "name": "WR", "formation": null, "routeCoordinates": "[[48.1105879660214, 73.0235304888557], [49.06352914249196, 90.14117647058823], [43.4517644366096, 95.01176470588236], [33.18117620131549, 95.75294117647059]]", "runCoordinates": null, "progressionRank": 1, "playerIndex": null, "routeNum": null, "blocker": false, "runner": false, "CBAssignmentPlayerID": null, "CBAssignmentPlayerIndex": null, "CBAssignmentPlayerPosition": null, "zoneYardX": null, "zoneYardY": null, "zoneHeight": null, "zoneWidth": null, "gapYardX": null, "gapYardY": null, "blockingAssignmentPlayerIndex": null, "blockingAssignmentUnitIndex": null}}, {"model": "quiz.position", "pk": 538, "fields": {"startX": 11.7929409071978, "startY": 70.0588246065028, "name": "WR", "formation": null, "routeCoordinates": "[[11.7929409071978, 70.0588246065028], [10.734117377786074, 90.56470588235294], [2.898823260139016, 95.75294117647059]]", "runCoordinates": null, "progressionRank": 4, "playerIndex": null, "routeNum": null, "blocker": false, "runner": false, "CBAssignmentPlayerID": null, "CBAssignmentPlayerIndex": null, "CBAssignmentPlayerPosition": null, "zoneYardX": null, "zoneYardY": null, "zoneHeight": null, "zoneWidth": null, "gapYardX": null, "gapYardY": null, "blockingAssignmentPlayerIndex": null, "blockingAssignmentUnitIndex": null}}, {"model": "quiz.position", "pk": 539, "fields": {"startX": 4.59294090719784, "startY": 73.1294128417969, "name": "WR", "formation": null, "routeCoordinates": "[[4.59294090719784, 73.1294128417969], [4.169411495433133, 85.58823529411765], [6.287058554256663, 83.04705882352941]]", "runCoordinates": null, "progressionRank": 5, "playerIndex": null, "routeNum": null, "blocker": false, "runner": false, "CBAssignmentPlayerID": null, "CBAssignmentPlayerIndex": null, "CBAssignmentPlayerPosition": null, "zoneYardX": null, "zoneYardY": null, "zoneHeight": null, "zoneWidth": null, "gapYardX": null, "gapYardY": null, "blockingAssignmentPlayerIndex": null, "blockingAssignmentUnitIndex": null}}, {"model": "quiz.position", "pk": 540, "fields": {"startX": 22.8047056130802, "startY": 65.2941187241498, "name": "RB", "formation": null, "routeCoordinates": "[[22.8047056130802, 65.2941187241498], [18.14588208366843, 67.94117754767923], [10.839999730727252, 67.200001077091]]", "runCoordinates": null, "progressionRank": 3, "playerIndex": null, "routeNum": null, "blocker": false, "runner": false, "CBAssignmentPlayerID": null, "CBAssignmentPlayerIndex": null, "CBAssignmentPlayerPosition": null, "zoneYardX": null, "zoneYardY": null, "zoneHeight": null, "zoneWidth": null, "gapYardX": null, "gapYardY": null, "blockingAssignmentPlayerIndex": 0, "blockingAssignmentUnitIndex": 0}}, {"model": "quiz.position", "pk": 541, "fields": {"startX": 19.665, "startY": 73.0, "name": "LT", "formation": null, "routeCoordinates": "[[19.665, 73]]", "runCoordinates": null, "progressionRank": 0, "playerIndex": null, "routeNum": null, "blocker": false, "runner": false, "CBAssignmentPlayerID": null, "CBAssignmentPlayerIndex": null, "CBAssignmentPlayerPosition": null, "zoneYardX": null, "zoneYardY": null, "zoneHeight": null, "zoneWidth": null, "gapYardX": null, "gapYardY": null, "blockingAssignmentPlayerIndex": 0, "blockingAssignmentUnitIndex": 0}}, {"model": "quiz.position", "pk": 542, "fields": {"startX": 23.165, "startY": 73.0, "name": "LG", "formation": null, "routeCoordinates": "[[23.165, 73]]", "runCoordinates": null, "progressionRank": 0, "playerIndex": null, "routeNum": null, "blocker": false, "runner": false, "CBAssignmentPlayerID": null, "CBAssignmentPlayerIndex": null, "CBAssignmentPlayerPosition": null, "zoneYardX": null, "zoneYardY": null, "zoneHeight": null, "zoneWidth": null, "gapYardX": null, "gapYardY": null, "blockingAssignmentPlayerIndex": 1, "blockingAssignmentUnitIndex": 0}}, {"model": "quiz.position", "pk": 543, "fields": {"startX": 26.665, "startY": 73.5, "name": "C", "formation": null, "routeCoordinates": "[[26.665, 73.5]]", "runCoordinates": null, "progressionRank": 0, "playerIndex": null, "routeNum": null, "blocker": false, "runner": false, "CBAssignmentPlayerID": null, "CBAssignmentPlayerIndex": null, "CBAssignmentPlayerPosition": null, "zoneYardX": null, "zoneYardY": null, "zoneHeight": null, "zoneWidth": null, "gapYardX": null, "gapYardY": null, "blockingAssignmentPlayerIndex": 2, "blockingAssignmentUnitIndex": 0}}, {"model": "quiz.position", "pk": 544, "fields": {"startX": 30.165, "startY": 73.0, "name": "RG", "formation": null, "routeCoordinates": "[[30.165, 73]]", "runCoordinates": null, "progressionRank": 0, "playerIndex": null, "routeNum": null, "blocker": false, "runner": false, "CBAssignmentPlayerID": null, "CBAssignmentPlayerIndex": null, "CBAssignmentPlayerPosition": null, "zoneYardX": null, "zoneYardY": null, "zoneHeight": null, "zoneWidth": null, "gapYardX": null, "gapYardY": null, "blockingAssignmentPlayerIndex": 2, "blockingAssignmentUnitIndex": 0}}, {"model": "quiz.position", "pk": 545, "fields": {"startX": 33.665, "startY": 73.0, "name": "RT", "formation": null, "routeCoordinates": "[[33.665, 73]]", "runCoordinates": null, "progressionRank": 0, "playerIndex": null, "routeNum": null, "blocker": false, "runner": false, "CBAssignmentPlayerID": null, "CBAssignmentPlayerIndex": null, "CBAssignmentPlayerPosition": null, "zoneYardX": null, "zoneYardY": null, "zoneHeight": null, "zoneWidth": null, "gapYardX": null, "gapYardY": null, "blockingAssignmentPlayerIndex": 3, "blockingAssignmentUnitIndex": 0}}, {"model": "quiz.position", "pk": 546, "fields": {"startX": 26.6164703189625, "startY": 65.2941187241498, "name": "QB", "formation": null, "routeCoordinates": "[[26.6164703189625, 65.2941187241498]]", "runCoordinates": null, "progressionRank": 0, "playerIndex": null, "routeNum": null, "blocker": false, "runner": false, "CBAssignmentPlayerID": null, "CBAssignmentPlayerIndex": null, "CBAssignmentPlayerPosition": null, "zoneYardX": null, "zoneYardY": null, "zoneHeight": null, "zoneWidth": null, "gapYardX": null, "gapYardY": null, "blockingAssignmentPlayerIndex": null, "blockingAssignmentUnitIndex": null}}, {"model": "quiz.position", "pk": 547, "fields": {"startX": 30.3223526719037, "startY": 65.2941187241498, "name": "RB", "formation": null, "routeCoordinates": "[[30.3223526719037, 65.2941187241498], [37.20470561308019, 68.78823637120864], [37.098823260139014, 84.45882460650276]]", "runCoordinates": null, "progressionRank": 5, "playerIndex": null, "routeNum": null, "blocker": false, "runner": false, "CBAssignmentPlayerID": null, "CBAssignmentPlayerIndex": null, "CBAssignmentPlayerPosition": null, "zoneYardX": null, "zoneYardY": null, "zoneHeight": null, "zoneWidth": null, "gapYardX": null, "gapYardY": null, "blockingAssignmentPlayerIndex": null, "blockingAssignmentUnitIndex": null}}, {"model": "quiz.position", "pk": 548, "fields": {"startX": 48.0047056130802, "startY": 73.0235304888557, "name": "WR", "formation": null, "routeCoordinates": "[[48.0047056130802, 73.0235304888557], [45.99294090719784, 91.23529519473806], [50.969411495433135, 90.28235401826747]]", "runCoordinates": null, "progressionRank": 4, "playerIndex": null, "routeNum": null, "blocker": false, "runner": false, "CBAssignmentPlayerID": null, "CBAssignmentPlayerIndex": null, "CBAssignmentPlayerPosition": null, "zoneYardX": null, "zoneYardY": null, "zoneHeight": null, "zoneWidth": null, "gapYardX": null, "gapYardY": null, "blockingAssignmentPlayerIndex": null, "blockingAssignmentUnitIndex": null}}, {"model": "quiz.position", "pk": 549, "fields": {"startX": 13.4870585542567, "startY": 69.1058834300322, "name": "TE", "formation": null, "routeCoordinates": "[[13.4870585542567, 69.1058834300322], [24.498823260139016, 91.76470695944394]]", "runCoordinates": null, "progressionRank": 3, "playerIndex": null, "routeNum": null, "blocker": false, "runner": false, "CBAssignmentPlayerID": null, "CBAssignmentPlayerIndex": null, "CBAssignmentPlayerPosition": null, "zoneYardX": null, "zoneYardY": null, "zoneHeight": null, "zoneWidth": null, "gapYardX": null, "gapYardY": null, "blockingAssignmentPlayerIndex": null, "blockingAssignmentUnitIndex": null}}, {"model": "quiz.position", "pk": 550, "fields": {"startX": 9.2517644366096, "startY": 69.2117657829733, "name": "WR", "formation": null, "routeCoordinates": "[[9.2517644366096, 69.2117657829733], [10.734117377786074, 91.12941284179688]]", "runCoordinates": null, "progressionRank": 2, "playerIndex": null, "routeNum": null, "blocker": false, "runner": false, "CBAssignmentPlayerID": null, "CBAssignmentPlayerIndex": null, "CBAssignmentPlayerPosition": null, "zoneYardX": null, "zoneYardY": null, "zoneHeight": null, "zoneWidth": null, "gapYardX": null, "gapYardY": null, "blockingAssignmentPlayerIndex": null, "blockingAssignmentUnitIndex": null}}, {"model": "quiz.position", "pk": 551, "fields": {"startX": 3.63999973072725, "startY": 73.1294128417969, "name": "WR", "formation": null, "routeCoordinates": "[[3.63999973072725, 73.1294128417969], [3.7458820836684277, 97.58823637120864]]", "runCoordinates": null, "progressionRank": 1, "playerIndex": null, "routeNum": null, "blocker": false, "runner": false, "CBAssignmentPlayerID": null, "CBAssignmentPlayerIndex": null, "CBAssignmentPlayerPosition": null, "zoneYardX": null, "zoneYardY": null, "zoneHeight": null, "zoneWidth": null, "gapYardX": null, "gapYardY": null, "blockingAssignmentPlayerIndex": null, "blockingAssignmentUnitIndex": null}}, {"model": "quiz.position", "pk": 580, "fields": {"startX": 19.020955178397, "startY": 77.1689733777727, "name": "DE", "formation": 44, "routeCoordinates": null, "runCoordinates": null, "progressionRank": null, "playerIndex": null, "routeNum": null, "blocker": null, "runner": null, "CBAssignmentPlayerID": null, "CBAssignmentPlayerIndex": null, "CBAssignmentPlayerPosition": null, "zoneYardX": null, "zoneYardY": null, "zoneHeight": null, "zoneWidth": null, "gapYardX": 20.370955178397, "gapYardY": 67.9118305206299, "blockingAssignmentPlayerIndex": null, "blockingAssignmentUnitIndex": null}}, {"model": "quiz.position", "pk": 581, "fields": {"startX": 23.8423837498256, "startY": 77.0725448063442, "name": "DL", "formation": 44, "routeCoordinates": null, "runCoordinates": null, "progressionRank": null, "playerIndex": null, "routeNum": null, "blocker": null, "runner": null, "CBAssignmentPlayerID": null, "CBAssignmentPlayerIndex": null, "CBAssignmentPlayerPosition": null, "zoneYardX": null, "zoneYardY": null, "zoneHeight": null, "zoneWidth": null, "gapYardX": 24.1316694641113, "gapYardY": 68.779687663487, "blockingAssignmentPlayerIndex": null, "blockingAssignmentUnitIndex": null}}, {"model": "quiz.position", "pk": 582, "fields": {"startX": 29.7245266069685, "startY": 77.1689733777727, "name": "DL", "formation": 44, "routeCoordinates": null, "runCoordinates": null, "progressionRank": null, "playerIndex": null, "routeNum": null, "blocker": null, "runner": null, "CBAssignmentPlayerID": null, "CBAssignmentPlayerIndex": null, "CBAssignmentPlayerPosition": null, "zoneYardX": null, "zoneYardY": null, "zoneHeight": null, "zoneWidth": null, "gapYardX": 27.8923837498256, "gapYardY": 69.6475448063442, "blockingAssignmentPlayerIndex": null, "blockingAssignmentUnitIndex": null}}, {"model": "quiz.position", "pk": 583, "fields": {"startX": 22.1066694641113, "startY": 83.1475448063442, "name": "W", "formation": 44, "routeCoordinates": null, "runCoordinates": null, "progressionRank": null, "playerIndex": null, "routeNum": null, "blocker": null, "runner": null, "CBAssignmentPlayerID": 427, "CBAssignmentPlayerIndex": 1, "CBAssignmentPlayerPosition": "TE", "zoneYardX": null, "zoneYardY": null, "zoneHeight": null, "zoneWidth": null, "gapYardX": null, "gapYardY": null, "blockingAssignmentPlayerIndex": null, "blockingAssignmentUnitIndex": null}}, {"model": "quiz.position", "pk": 584, "fields": {"startX": 32.9066694641113, "startY": 83.1475448063442, "name": "M", "formation": 44, "routeCoordinates": null, "runCoordinates": null, "progressionRank": null, "playerIndex": null, "routeNum": null, "blocker": null, "runner": null, "CBAssignmentPlayerID": 430, "CBAssignmentPlayerIndex": 1, "CBAssignmentPlayerPosition": "RB", "zoneYardX": null, "zoneYardY": null, "zoneHeight": null, "zoneWidth": null, "gapYardX": null, "gapYardY": null, "blockingAssignmentPlayerIndex": null, "blockingAssignmentUnitIndex": null}}, {"model": "quiz.position", "pk": 585, "fields": {"startX": 49.9745266069685, "startY": 79.4832590920585, "name": "CB", "formation": 44, "routeCoordinates": null, "runCoordinates": null, "progressionRank": null, "playerIndex": null, "routeNum": null, "blocker": null, "runner": null, "CBAssignmentPlayerID": 429, "CBAssignmentPlayerIndex": 3, "CBAssignmentPlayerPosition": "WR", "zoneYardX": null, "zoneYardY": null, "zoneHeight": null, "zoneWidth": null, "gapYardX": null, "gapYardY": null, "blockingAssignmentPlayerIndex": null, "blockingAssignmentUnitIndex": null}}, {"model": "quiz.position", "pk": 586, "fields": {"startX": 42.9352408926828, "startY": 80.8332590920585, "name": "CB", "formation": 44, "routeCoordinates": null, "runCoordinates": null, "progressionRank": null, "playerIndex": null, "routeNum": null, "blocker": null, "runner": null, "CBAssignmentPlayerID": 428, "CBAssignmentPlayerIndex": 2, "CBAssignmentPlayerPosition": "WR", "zoneYardX": null, "zoneYardY": null, "zoneHeight": null, "zoneWidth": null, "gapYardX": null, "gapYardY": null, "blockingAssignmentPlayerIndex": null, "blockingAssignmentUnitIndex": null}}, {"model": "quiz.position", "pk": 587, "fields": {"startX": 7.83524089268276, "startY": 81.2189733777727, "name": "CB", "formation": 44, "routeCoordinates": null, "runCoordinates": null, "progressionRank": null, "playerIndex": null, "routeNum": null, "blocker": null, "runner": null, "CBAssignmentPlayerID": 426, "CBAssignmentPlayerIndex": 1, "CBAssignmentPlayerPosition": "WR", "zoneYardX": null, "zoneYardY": null, "zoneHeight": null, "zoneWidth": null, "gapYardX": null, "gapYardY": null, "blockingAssignmentPlayerIndex": null, "blockingAssignmentUnitIndex": null}}, {"model": "quiz.position", "pk": 588, "fields": {"startX": 16.1280980355399, "startY": 90.4761162349156, "name": "FS", "formation": 44, "routeCoordinates": null, "runCoordinates": null, "progressionRank": null, "playerIndex": null, "routeNum": null, "blocker": null, "runner": null, "CBAssignmentPlayerID": null, "CBAssignmentPlayerIndex": null, "CBAssignmentPlayerPosition": null, "zoneYardX": 20.4673837498256, "zoneYardY": 95.2975448063442, "zoneHeight": null, "zoneWidth": null, "gapYardX": null, "gapYardY": null, "blockingAssignmentPlayerIndex": null, "blockingAssignmentUnitIndex": null}}, {"model": "quiz.position", "pk": 589, "fields": {"startX": 36.8602408926828, "startY": 86.4261162349156, "name": "SS", "formation": 44, "routeCoordinates": null, "runCoordinates": null, "progressionRank": null, "playerIndex": null, "routeNum": null, "blocker": null, "runner": null, "CBAssignmentPlayerID": null, "CBAssignmentPlayerIndex": null, "CBAssignmentPlayerPosition": null, "zoneYardX": 37.245955178397, "zoneYardY": 94.429687663487, "zoneHeight": null, "zoneWidth": null, "gapYardX": null, "gapYardY": null, "blockingAssignmentPlayerIndex": null, "blockingAssignmentUnitIndex": null}}, {"model": "quiz.position", "pk": 590, "fields": {"startX": 34.9316694641113, "startY": 77.6511162349156, "name": "S", "formation": 44, "routeCoordinates": null, "runCoordinates": null, "progressionRank": null, "playerIndex": null, "routeNum": null, "blocker": null, "runner": null, "CBAssignmentPlayerID": null, "CBAssignmentPlayerIndex": null, "CBAssignmentPlayerPosition": null, "zoneYardX": null, "zoneYardY": null, "zoneHeight": null, "zoneWidth": null, "gapYardX": 32.8102408926828, "gapYardY": 65.404687663487, "blockingAssignmentPlayerIndex": null, "blockingAssignmentUnitIndex": null}}, {"model": "quiz.position", "pk": 591, "fields": {"startX": 19.2138123212542, "startY": 76.879687663487, "name": "DE", "formation": 45, "routeCoordinates": null, "runCoordinates": null, "progressionRank": null, "playerIndex": null, "routeNum": null, "blocker": null, "runner": null, "CBAssignmentPlayerID": null, "CBAssignmentPlayerIndex": null, "CBAssignmentPlayerPosition": null, "zoneYardX": null, "zoneYardY": null, "zoneHeight": null, "zoneWidth": null, "gapYardX": 20.370955178397, "gapYardY": 67.6225448063442, "blockingAssignmentPlayerIndex": null, "blockingAssignmentUnitIndex": null}}, {"model": "quiz.position", "pk": 592, "fields": {"startX": 24.8066694641113, "startY": 77.0725448063442, "name": "DL", "formation": 45, "routeCoordinates": null, "runCoordinates": null, "progressionRank": null, "playerIndex": null, "routeNum": null, "blocker": null, "runner": null, "CBAssignmentPlayerID": null, "CBAssignmentPlayerIndex": null, "CBAssignmentPlayerPosition": null, "zoneYardX": null, "zoneYardY": null, "zoneHeight": null, "zoneWidth": null, "gapYardX": 24.1316694641113, "gapYardY": 68.6832590920584, "blockingAssignmentPlayerIndex": null, "blockingAssignmentUnitIndex": null}}, {"model": "quiz.position", "pk": 593, "fields": {"startX": 30.5923837498256, "startY": 77.0725448063442, "name": "DL", "formation": 45, "routeCoordinates": null, "runCoordinates": null, "progressionRank": null, "playerIndex": null, "routeNum": null, "blocker": null, "runner": null, "CBAssignmentPlayerID": null, "CBAssignmentPlayerIndex": null, "CBAssignmentPlayerPosition": null, "zoneYardX": null, "zoneYardY": null, "zoneHeight": null, "zoneWidth": null, "gapYardX": 30.0138123212542, "gapYardY": 68.4904019492013, "blockingAssignmentPlayerIndex": null, "blockingAssignmentUnitIndex": null}}, {"model": "quiz.position", "pk": 594, "fields": {"startX": 35.9923837498256, "startY": 77.0725448063442, "name": "S", "formation": 45, "routeCoordinates": null, "runCoordinates": null, "progressionRank": null, "playerIndex": null, "routeNum": null, "blocker": null, "runner": null, "CBAssignmentPlayerID": null, "CBAssignmentPlayerIndex": null, "CBAssignmentPlayerPosition": null, "zoneYardX": null, "zoneYardY": null, "zoneHeight": null, "zoneWidth": null, "gapYardX": 34.8352408926828, "gapYardY": 68.3939733777727, "blockingAssignmentPlayerIndex": null, "blockingAssignmentUnitIndex": null}}, {"model": "quiz.position", "pk": 595, "fields": {"startX": 23.6495266069685, "startY": 80.929687663487, "name": "W", "formation": 45, "routeCoordinates": null, "runCoordinates": null, "progressionRank": null, "playerIndex": null, "routeNum": null, "blocker": null, "runner": null, "CBAssignmentPlayerID": 438, "CBAssignmentPlayerIndex": 2, "CBAssignmentPlayerPosition": "RB", "zoneYardX": null, "zoneYardY": null, "zoneHeight": null, "zoneWidth": null, "gapYardX": null, "gapYardY": null, "blockingAssignmentPlayerIndex": null, "blockingAssignmentUnitIndex": null}}, {"model": "quiz.position", "pk": 596, "fields": {"startX": 34.9316694641113, "startY": 82.3761162349156, "name": "M", "formation": 45, "routeCoordinates": null, "runCoordinates": null, "progressionRank": null, "playerIndex": null, "routeNum": null, "blocker": null, "runner": null, "CBAssignmentPlayerID": 439, "CBAssignmentPlayerIndex": 2, "CBAssignmentPlayerPosition": "TE", "zoneYardX": null, "zoneYardY": null, "zoneHeight": null, "zoneWidth": null, "gapYardX": null, "gapYardY": null, "blockingAssignmentPlayerIndex": null, "blockingAssignmentUnitIndex": null}}, {"model": "quiz.position", "pk": 597, "fields": {"startX": 6.96738374982561, "startY": 81.9904019492013, "name": "CB", "formation": 45, "routeCoordinates": null, "runCoordinates": null, "progressionRank": null, "playerIndex": null, "routeNum": null, "blocker": null, "runner": null, "CBAssignmentPlayerID": 437, "CBAssignmentPlayerIndex": 4, "CBAssignmentPlayerPosition": "WR", "zoneYardX": null, "zoneYardY": null, "zoneHeight": null, "zoneWidth": null, "gapYardX": null, "gapYardY": null, "blockingAssignmentPlayerIndex": null, "blockingAssignmentUnitIndex": null}}, {"model": "quiz.position", "pk": 598, "fields": {"startX": 44.0923837498256, "startY": 79.4832590920585, "name": "CB", "formation": 45, "routeCoordinates": null, "runCoordinates": null, "progressionRank": null, "playerIndex": null, "routeNum": null, "blocker": null, "runner": null, "CBAssignmentPlayerID": 440, "CBAssignmentPlayerIndex": 5, "CBAssignmentPlayerPosition": "WR", "zoneYardX": null, "zoneYardY": null, "zoneHeight": null, "zoneWidth": null, "gapYardX": null, "gapYardY": null, "blockingAssignmentPlayerIndex": null, "blockingAssignmentUnitIndex": null}}, {"model": "quiz.position", "pk": 599, "fields": {"startX": 49.5888123212542, "startY": 86.7154019492013, "name": "CB", "formation": 45, "routeCoordinates": null, "runCoordinates": null, "progressionRank": null, "playerIndex": null, "routeNum": null, "blocker": null, "runner": null, "CBAssignmentPlayerID": 441, "CBAssignmentPlayerIndex": 6, "CBAssignmentPlayerPosition": "WR", "zoneYardX": null, "zoneYardY": null, "zoneHeight": null, "zoneWidth": null, "gapYardX": null, "gapYardY": null, "blockingAssignmentPlayerIndex": null, "blockingAssignmentUnitIndex": null}}, {"model": "quiz.position", "pk": 600, "fields": {"startX": 16.4173837498256, "startY": 85.2689733777727, "name": "SS", "formation": 45, "routeCoordinates": null, "runCoordinates": null, "progressionRank": null, "playerIndex": null, "routeNum": null, "blocker": null, "runner": null, "CBAssignmentPlayerID": null, "CBAssignmentPlayerIndex": null, "CBAssignmentPlayerPosition": null, "zoneYardX": 18.0566694641113, "zoneYardY": 93.6582590920585, "zoneHeight": null, "zoneWidth": null, "gapYardX": null, "gapYardY": null, "blockingAssignmentPlayerIndex": null, "blockingAssignmentUnitIndex": null}}, {"model": "quiz.position", "pk": 601, "fields": {"startX": 34.3530980355399, "startY": 89.8975448063442, "name": "FS", "formation": 45, "routeCoordinates": null, "runCoordinates": null, "progressionRank": null, "playerIndex": null, "routeNum": null, "blocker": null, "runner": null, "CBAssignmentPlayerID": null, "CBAssignmentPlayerIndex": null, "CBAssignmentPlayerPosition": null, "zoneYardX": 31.170955178397, "zoneYardY": 96.454687663487, "zoneHeight": null, "zoneWidth": null, "gapYardX": null, "gapYardY": null, "blockingAssignmentPlayerIndex": null, "blockingAssignmentUnitIndex": null}}, {"model": "quiz.position", "pk": 690, "fields": {"startX": 26.8591171085133, "startY": 61.9058826222139, "name": "RB", "formation": null, "routeCoordinates": "[[26.8591171085133, 61.9058826222139]]", "runCoordinates": null, "progressionRank": 0, "playerIndex": null, "routeNum": null, "blocker": true, "runner": false, "CBAssignmentPlayerID": null, "CBAssignmentPlayerIndex": null, "CBAssignmentPlayerPosition": null, "zoneYardX": null, "zoneYardY": null, "zoneHeight": null, "zoneWidth": null, "gapYardX": null, "gapYardY": null, "blockingAssignmentPlayerIndex": 0, "blockingAssignmentUnitIndex": 0}}, {"model": "quiz.position", "pk": 691, "fields": {"startX": 19.665, "startY": 73.0, "name": "LT", "formation": null, "routeCoordinates": "[[19.665, 73]]", "runCoordinates": null, "progressionRank": 0, "playerIndex": null, "routeNum": null, "blocker": false, "runner": false, "CBAssignmentPlayerID": null, "CBAssignmentPlayerIndex": null, "CBAssignmentPlayerPosition": null, "zoneYardX": null, "zoneYardY": null, "zoneHeight": null, "zoneWidth": null, "gapYardX": null, "gapYardY": null, "blockingAssignmentPlayerIndex": 0, "blockingAssignmentUnitIndex": 0}}, {"model": "quiz.position", "pk": 692, "fields": {"startX": 23.165, "startY": 73.0, "name": "LG", "formation": null, "routeCoordinates": "[[23.165, 73]]", "runCoordinates": null, "progressionRank": 0, "playerIndex": null, "routeNum": null, "blocker": false, "runner": false, "CBAssignmentPlayerID": null, "CBAssignmentPlayerIndex": null, "CBAssignmentPlayerPosition": null, "zoneYardX": null, "zoneYardY": null, "zoneHeight": null, "zoneWidth": null, "gapYardX": null, "gapYardY": null, "blockingAssignmentPlayerIndex": 1, "blockingAssignmentUnitIndex": 0}}, {"model": "quiz.position", "pk": 693, "fields": {"startX": 26.665, "startY": 73.5, "name": "C", "formation": null, "routeCoordinates": "[[26.665, 73.5]]", "runCoordinates": null, "progressionRank": 0, "playerIndex": null, "routeNum": null, "blocker": false, "runner": false, "CBAssignmentPlayerID": null, "CBAssignmentPlayerIndex": null, "CBAssignmentPlayerPosition": null, "zoneYardX": null, "zoneYardY": null, "zoneHeight": null, "zoneWidth": null, "gapYardX": null, "gapYardY": null, "blockingAssignmentPlayerIndex": 1, "blockingAssignmentUnitIndex": 0}}, {"model": "quiz.position", "pk": 694, "fields": {"startX": 30.165, "startY": 73.0, "name": "RG", "formation": null, "routeCoordinates": "[[30.165, 73]]", "runCoordinates": null, "progressionRank": 0, "playerIndex": null, "routeNum": null, "blocker": false, "runner": false, "CBAssignmentPlayerID": null, "CBAssignmentPlayerIndex": null, "CBAssignmentPlayerPosition": null, "zoneYardX": null, "zoneYardY": null, "zoneHeight": null, "zoneWidth": null, "gapYardX": null, "gapYardY": null, "blockingAssignmentPlayerIndex": 2, "blockingAssignmentUnitIndex": 0}}, {"model": "quiz.position", "pk": 695, "fields": {"startX": 33.665, "startY": 73.0, "name": "RT", "formation": null, "routeCoordinates": "[[33.665, 73]]", "runCoordinates": null, "progressionRank": 0, "playerIndex": null, "routeNum": null, "blocker": false, "runner": false, "CBAssignmentPlayerID": null, "CBAssignmentPlayerIndex": null, "CBAssignmentPlayerPosition": null, "zoneYardX": null, "zoneYardY": null, "zoneHeight": null, "zoneWidth": null, "gapYardX": null, "gapYardY": null, "blockingAssignmentPlayerIndex": 3, "blockingAssignmentUnitIndex": 0}}, {"model": "quiz.position", "pk": 696, "fields": {"startX": 26.7532347555722, "startY": 69.9529414457433, "name": "QB", "formation": null, "routeCoordinates": "[[26.7532347555722, 69.9529414457433]]", "runCoordinates": null, "progressionRank": 0, "playerIndex": null, "routeNum": null, "blocker": false, "runner": false, "CBAssignmentPlayerID": null, "CBAssignmentPlayerIndex": null, "CBAssignmentPlayerPosition": null, "zoneYardX": null, "zoneYardY": null, "zoneHeight": null, "zoneWidth": null, "gapYardX": null, "gapYardY": null, "blockingAssignmentPlayerIndex": null, "blockingAssignmentUnitIndex": null}}, {"model": "quiz.position", "pk": 697, "fields": {"startX": 29.5061759320427, "startY": 66.141176739861, "name": "RB", "formation": null, "routeCoordinates": "[[29.5061759320427, 66.141176739861]]", "runCoordinates": null, "progressionRank": 0, "playerIndex": null, "routeNum": null, "blocker": true, "runner": false, "CBAssignmentPlayerID": null, "CBAssignmentPlayerIndex": null, "CBAssignmentPlayerPosition": null, "zoneYardX": null, "zoneYardY": null, "zoneHeight": null, "zoneWidth": null, "gapYardX": null, "gapYardY": null, "blockingAssignmentPlayerIndex": 3, "blockingAssignmentUnitIndex": 0}}, {"model": "quiz.position", "pk": 698, "fields": {"startX": 47.7179406379251, "startY": 69.741176739861, "name": "WR", "formation": null, "routeCoordinates": "[[47.7179406379251, 69.741176739861], [47.05790396434687, 89.42503324086886], [49.06573175299658, 87.62855574576122], [46.106827643407534, 86.36045398450878]]", "runCoordinates": null, "progressionRank": 0, "playerIndex": null, "routeNum": null, "blocker": false, "runner": false, "CBAssignmentPlayerID": null, "CBAssignmentPlayerIndex": null, "CBAssignmentPlayerPosition": null, "zoneYardX": null, "zoneYardY": null, "zoneHeight": null, "zoneWidth": null, "gapYardX": null, "gapYardY": null, "blockingAssignmentPlayerIndex": null, "blockingAssignmentUnitIndex": null}}, {"model": "quiz.position", "pk": 699, "fields": {"startX": 36.975783924776, "startY": 72.9607850916245, "name": "TE", "formation": null, "routeCoordinates": "[[36.975783924776, 72.9607850916245], [32.897434297027885, 85.09235222325633], [31.840682829317515, 84.35262619585907]]", "runCoordinates": null, "progressionRank": 0, "playerIndex": null, "routeNum": null, "blocker": false, "runner": false, "CBAssignmentPlayerID": null, "CBAssignmentPlayerIndex": null, "CBAssignmentPlayerPosition": null, "zoneYardX": null, "zoneYardY": null, "zoneHeight": null, "zoneWidth": null, "gapYardX": null, "gapYardY": null, "blockingAssignmentPlayerIndex": null, "blockingAssignmentUnitIndex": null}}, {"model": "quiz.position", "pk": 700, "fields": {"startX": 6.54048980712891, "startY": 73.0372556798598, "name": "WR", "formation": null, "routeCoordinates": "[[6.54048980712891, 73.0372556798598], [6.055947017184441, 89.74205868118196], [7.535399071978962, 87.94558118607434], [5.421896136558218, 86.25477883773775]]", "runCoordinates": null, "progressionRank": 0, "playerIndex": null, "routeNum": null, "blocker": false, "runner": false, "CBAssignmentPlayerID": null, "CBAssignmentPlayerIndex": null, "CBAssignmentPlayerPosition": null, "zoneYardX": null, "zoneYardY": null, "zoneHeight": null, "zoneWidth": null, "gapYardX": null, "gapYardY": null, "blockingAssignmentPlayerIndex": null, "blockingAssignmentUnitIndex": null}}, {"model": "quiz.position", "pk": 701, "fields": {"startX": 6.54048980712891, "startY": 73.0372556798598, "name": "WR", "formation": null, "routeCoordinates": "[[6.54048980712891, 73.0372556798598], [10.071602594483855, 88.26260662638745]]", "runCoordinates": null, "progressionRank": 1, "playerIndex": null, "routeNum": null, "blocker": false, "runner": false, "CBAssignmentPlayerID": null, "CBAssignmentPlayerIndex": null, "CBAssignmentPlayerPosition": null, "zoneYardX": null, "zoneYardY": null, "zoneHeight": null, "zoneWidth": null, "gapYardX": null, "gapYardY": null, "blockingAssignmentPlayerIndex": null, "blockingAssignmentUnitIndex": null}}, {"model": "quiz.position", "pk": 702, "fields": {"startX": 42.7875486306583, "startY": 70.1313733269187, "name": "WR", "formation": null, "routeCoordinates": "[[42.7875486306583, 70.1313733269187], [46.106827643407534, 84.45830134263011]]", "runCoordinates": null, "progressionRank": 3, "playerIndex": null, "routeNum": null, "blocker": false, "runner": false, "CBAssignmentPlayerID": null, "CBAssignmentPlayerIndex": null, "CBAssignmentPlayerPosition": null, "zoneYardX": null, "zoneYardY": null, "zoneHeight": null, "zoneWidth": null, "gapYardX": null, "gapYardY": null, "blockingAssignmentPlayerIndex": null, "blockingAssignmentUnitIndex": null}}, {"model": "quiz.position", "pk": 703, "fields": {"startX": 36.975783924776, "startY": 72.9607850916245, "name": "TE", "formation": null, "routeCoordinates": "[[36.975783924776, 72.9607850916245], [37.01876502109834, 91.74988646983167]]", "runCoordinates": null, "progressionRank": 2, "playerIndex": null, "routeNum": null, "blocker": false, "runner": false, "CBAssignmentPlayerID": null, "CBAssignmentPlayerIndex": null, "CBAssignmentPlayerPosition": null, "zoneYardX": null, "zoneYardY": null, "zoneHeight": null, "zoneWidth": null, "gapYardX": null, "gapYardY": null, "blockingAssignmentPlayerIndex": null, "blockingAssignmentUnitIndex": null}}, {"model": "quiz.position", "pk": 704, "fields": {"startX": 46.9169603953642, "startY": 70.1313733269187, "name": "WR", "formation": null, "routeCoordinates": "[[46.9169603953642, 70.1313733269187], [40.50604486454256, 82.87317414106455]]", "runCoordinates": null, "progressionRank": 4, "playerIndex": null, "routeNum": null, "blocker": false, "runner": false, "CBAssignmentPlayerID": null, "CBAssignmentPlayerIndex": null, "CBAssignmentPlayerPosition": null, "zoneYardX": null, "zoneYardY": null, "zoneHeight": null, "zoneWidth": null, "gapYardX": null, "gapYardY": null, "blockingAssignmentPlayerIndex": null, "blockingAssignmentUnitIndex": null}}, {"model": "quiz.position", "pk": 705, "fields": {"startX": 23.211078042423, "startY": 65.2372550964355, "name": "RB", "formation": null, "routeCoordinates": "[[23.211078042423, 65.2372550964355]]", "runCoordinates": null, "progressionRank": 0, "playerIndex": null, "routeNum": null, "blocker": false, "runner": false, "CBAssignmentPlayerID": null, "CBAssignmentPlayerIndex": null, "CBAssignmentPlayerPosition": null, "zoneYardX": null, "zoneYardY": null, "zoneHeight": null, "zoneWidth": null, "gapYardX": null, "gapYardY": null, "blockingAssignmentPlayerIndex": null, "blockingAssignmentUnitIndex": null}}, {"model": "quiz.position", "pk": 706, "fields": {"startX": 26.6164703189625, "startY": 65.2941187241498, "name": "QB", "formation": null, "routeCoordinates": "[[26.6164703189625, 65.2941187241498]]", "runCoordinates": null, "progressionRank": 0, "playerIndex": null, "routeNum": null, "blocker": false, "runner": false, "CBAssignmentPlayerID": null, "CBAssignmentPlayerIndex": null, "CBAssignmentPlayerPosition": null, "zoneYardX": null, "zoneYardY": null, "zoneHeight": null, "zoneWidth": null, "gapYardX": null, "gapYardY": null, "blockingAssignmentPlayerIndex": null, "blockingAssignmentUnitIndex": null}}, {"model": "quiz.position", "pk": 707, "fields": {"startX": 33.665, "startY": 73.0, "name": "RT", "formation": null, "routeCoordinates": "[[33.665, 73]]", "runCoordinates": null, "progressionRank": 0, "playerIndex": null, "routeNum": null, "blocker": false, "runner": false, "CBAssignmentPlayerID": null, "CBAssignmentPlayerIndex": null, "CBAssignmentPlayerPosition": null, "zoneYardX": null, "zoneYardY": null, "zoneHeight": null, "zoneWidth": null, "gapYardX": null, "gapYardY": null, "blockingAssignmentPlayerIndex": null, "blockingAssignmentUnitIndex": null}}, {"model": "quiz.position", "pk": 708, "fields": {"startX": 30.165, "startY": 73.0, "name": "RG", "formation": null, "routeCoordinates": "[[30.165, 73]]", "runCoordinates": null, "progressionRank": 0, "playerIndex": null, "routeNum": null, "blocker": false, "runner": false, "CBAssignmentPlayerID": null, "CBAssignmentPlayerIndex": null, "CBAssignmentPlayerPosition": null, "zoneYardX": null, "zoneYardY": null, "zoneHeight": null, "zoneWidth": null, "gapYardX": null, "gapYardY": null, "blockingAssignmentPlayerIndex": null, "blockingAssignmentUnitIndex": null}}, {"model": "quiz.position", "pk": 709, "fields": {"startX": 26.665, "startY": 73.5, "name": "C", "formation": null, "routeCoordinates": "[[26.665, 73.5]]", "runCoordinates": null, "progressionRank": 0, "playerIndex": null, "routeNum": null, "blocker": false, "runner": false, "CBAssignmentPlayerID": null, "CBAssignmentPlayerIndex": null, "CBAssignmentPlayerPosition": null, "zoneYardX": null, "zoneYardY": null, "zoneHeight": null, "zoneWidth": null, "gapYardX": null, "gapYardY": null, "blockingAssignmentPlayerIndex": null, "blockingAssignmentUnitIndex": null}}, {"model": "quiz.position", "pk": 710, "fields": {"startX": 23.165, "startY": 73.0, "name": "LG", "formation": null, "routeCoordinates": "[[23.165, 73]]", "runCoordinates": null, "progressionRank": 0, "playerIndex": null, "routeNum": null, "blocker": false, "runner": false, "CBAssignmentPlayerID": null, "CBAssignmentPlayerIndex": null, "CBAssignmentPlayerPosition": null, "zoneYardX": null, "zoneYardY": null, "zoneHeight": null, "zoneWidth": null, "gapYardX": null, "gapYardY": null, "blockingAssignmentPlayerIndex": null, "blockingAssignmentUnitIndex": null}}, {"model": "quiz.position", "pk": 711, "fields": {"startX": 19.665, "startY": 73.0, "name": "LT", "formation": null, "routeCoordinates": "[[19.665, 73]]", "runCoordinates": null, "progressionRank": 0, "playerIndex": null, "routeNum": null, "blocker": false, "runner": false, "CBAssignmentPlayerID": null, "CBAssignmentPlayerIndex": null, "CBAssignmentPlayerPosition": null, "zoneYardX": null, "zoneYardY": null, "zoneHeight": null, "zoneWidth": null, "gapYardX": null, "gapYardY": null, "blockingAssignmentPlayerIndex": null, "blockingAssignmentUnitIndex": null}}, {"model": "quiz.position", "pk": 712, "fields": {"startX": 6.54048980712891, "startY": 73.0372556798598, "name": "WR", "formation": null, "routeCoordinates": "[[6.54048980712891, 73.0372556798598], [6.267297310726516, 90.6931350021213]]", "runCoordinates": null, "progressionRank": 0, "playerIndex": null, "routeNum": null, "blocker": false, "runner": false, "CBAssignmentPlayerID": null, "CBAssignmentPlayerIndex": null, "CBAssignmentPlayerPosition": null, "zoneYardX": null, "zoneYardY": null, "zoneHeight": null, "zoneWidth": null, "gapYardX": null, "gapYardY": null, "blockingAssignmentPlayerIndex": null, "blockingAssignmentUnitIndex": null}}, {"model": "quiz.position", "pk": 713, "fields": {"startX": 36.975783924776, "startY": 72.9607850916245, "name": "TE", "formation": null, "routeCoordinates": "[[36.975783924776, 72.9607850916245], [36.38471414047211, 90.37610956180819]]", "runCoordinates": null, "progressionRank": 0, "playerIndex": null, "routeNum": null, "blocker": false, "runner": false, "CBAssignmentPlayerID": null, "CBAssignmentPlayerIndex": null, "CBAssignmentPlayerPosition": null, "zoneYardX": null, "zoneYardY": null, "zoneHeight": null, "zoneWidth": null, "gapYardX": null, "gapYardY": null, "blockingAssignmentPlayerIndex": null, "blockingAssignmentUnitIndex": null}}, {"model": "quiz.position", "pk": 714, "fields": {"startX": 47.7179406379251, "startY": 69.741176739861, "name": "WR", "formation": null, "routeCoordinates": "[[47.7179406379251, 69.741176739861], [48.43168087237035, 89.74205868118196]]", "runCoordinates": null, "progressionRank": 0, "playerIndex": null, "routeNum": null, "blocker": false, "runner": false, "CBAssignmentPlayerID": null, "CBAssignmentPlayerIndex": null, "CBAssignmentPlayerPosition": null, "zoneYardX": null, "zoneYardY": null, "zoneHeight": null, "zoneWidth": null, "gapYardX": null, "gapYardY": null, "blockingAssignmentPlayerIndex": null, "blockingAssignmentUnitIndex": null}}, {"model": "quiz.position", "pk": 715, "fields": {"startX": 29.5061759320427, "startY": 66.141176739861, "name": "RB", "formation": null, "routeCoordinates": "[[29.5061759320427, 66.141176739861]]", "runCoordinates": null, "progressionRank": 0, "playerIndex": null, "routeNum": null, "blocker": true, "runner": false, "CBAssignmentPlayerID": null, "CBAssignmentPlayerIndex": null, "CBAssignmentPlayerPosition": null, "zoneYardX": null, "zoneYardY": null, "zoneHeight": null, "zoneWidth": null, "gapYardX": null, "gapYardY": null, "blockingAssignmentPlayerIndex": 3, "blockingAssignmentUnitIndex": 0}}, {"model": "quiz.position", "pk": 716, "fields": {"startX": 26.7532347555722, "startY": 69.9529414457433, "name": "QB", "formation": null, "routeCoordinates": "[[26.7532347555722, 69.9529414457433]]", "runCoordinates": null, "progressionRank": 0, "playerIndex": null, "routeNum": null, "blocker": false, "runner": false, "CBAssignmentPlayerID": null, "CBAssignmentPlayerIndex": null, "CBAssignmentPlayerPosition": null, "zoneYardX": null, "zoneYardY": null, "zoneHeight": null, "zoneWidth": null, "gapYardX": null, "gapYardY": null, "blockingAssignmentPlayerIndex": null, "blockingAssignmentUnitIndex": null}}, {"model": "quiz.position", "pk": 717, "fields": {"startX": 33.665, "startY": 73.0, "name": "RT", "formation": null, "routeCoordinates": "[[33.665, 73]]", "runCoordinates": null, "progressionRank": 0, "playerIndex": null, "routeNum": null, "blocker": false, "runner": false, "CBAssignmentPlayerID": null, "CBAssignmentPlayerIndex": null, "CBAssignmentPlayerPosition": null, "zoneYardX": null, "zoneYardY": null, "zoneHeight": null, "zoneWidth": null, "gapYardX": null, "gapYardY": null, "blockingAssignmentPlayerIndex": 3, "blockingAssignmentUnitIndex": 0}}, {"model": "quiz.position", "pk": 718, "fields": {"startX": 30.165, "startY": 73.0, "name": "RG", "formation": null, "routeCoordinates": "[[30.165, 73]]", "runCoordinates": null, "progressionRank": 0, "playerIndex": null, "routeNum": null, "blocker": false, "runner": false, "CBAssignmentPlayerID": null, "CBAssignmentPlayerIndex": null, "CBAssignmentPlayerPosition": null, "zoneYardX": null, "zoneYardY": null, "zoneHeight": null, "zoneWidth": null, "gapYardX": null, "gapYardY": null, "blockingAssignmentPlayerIndex": 2, "blockingAssignmentUnitIndex": 0}}, {"model": "quiz.position", "pk": 719, "fields": {"startX": 26.665, "startY": 73.5, "name": "C", "formation": null, "routeCoordinates": "[[26.665, 73.5]]", "runCoordinates": null, "progressionRank": 0, "playerIndex": null, "routeNum": null, "blocker": false, "runner": false, "CBAssignmentPlayerID": null, "CBAssignmentPlayerIndex": null, "CBAssignmentPlayerPosition": null, "zoneYardX": null, "zoneYardY": null, "zoneHeight": null, "zoneWidth": null, "gapYardX": null, "gapYardY": null, "blockingAssignmentPlayerIndex": 2, "blockingAssignmentUnitIndex": 0}}, {"model": "quiz.position", "pk": 720, "fields": {"startX": 23.165, "startY": 73.0, "name": "LG", "formation": null, "routeCoordinates": "[[23.165, 73]]", "runCoordinates": null, "progressionRank": 0, "playerIndex": null, "routeNum": null, "blocker": false, "runner": false, "CBAssignmentPlayerID": null, "CBAssignmentPlayerIndex": null, "CBAssignmentPlayerPosition": null, "zoneYardX": null, "zoneYardY": null, "zoneHeight": null, "zoneWidth": null, "gapYardX": null, "gapYardY": null, "blockingAssignmentPlayerIndex": 1, "blockingAssignmentUnitIndex": 0}}, {"model": "quiz.position", "pk": 721, "fields": {"startX": 19.665, "startY": 73.0, "name": "LT", "formation": null, "routeCoordinates": "[[19.665, 73]]", "runCoordinates": null, "progressionRank": 0, "playerIndex": null, "routeNum": null, "blocker": false, "runner": false, "CBAssignmentPlayerID": null, "CBAssignmentPlayerIndex": null, "CBAssignmentPlayerPosition": null, "zoneYardX": null, "zoneYardY": null, "zoneHeight": null, "zoneWidth": null, "gapYardX": null, "gapYardY": null, "blockingAssignmentPlayerIndex": 0, "blockingAssignmentUnitIndex": 0}}, {"model": "quiz.position", "pk": 722, "fields": {"startX": 26.8591171085133, "startY": 61.9058826222139, "name": "RB", "formation": null, "routeCoordinates": "[[26.8591171085133, 61.9058826222139]]", "runCoordinates": null, "progressionRank": 0, "playerIndex": null, "routeNum": null, "blocker": true, "runner": false, "CBAssignmentPlayerID": null, "CBAssignmentPlayerIndex": null, "CBAssignmentPlayerPosition": null, "zoneYardX": null, "zoneYardY": null, "zoneHeight": null, "zoneWidth": null, "gapYardX": null, "gapYardY": null, "blockingAssignmentPlayerIndex": 0, "blockingAssignmentUnitIndex": 0}}, {"model": "quiz.position", "pk": 723, "fields": {"startX": 19.665, "startY": 73.0, "name": "LT", "formation": 54, "routeCoordinates": null, "runCoordinates": null, "progressionRank": null, "playerIndex": -2, "routeNum": null, "blocker": null, "runner": null, "CBAssignmentPlayerID": null, "CBAssignmentPlayerIndex": null, "CBAssignmentPlayerPosition": null, "zoneYardX": null, "zoneYardY": null, "zoneHeight": null, "zoneWidth": null, "gapYardX": null, "gapYardY": null, "blockingAssignmentPlayerIndex": null, "blockingAssignmentUnitIndex": null}}, {"model": "quiz.position", "pk": 724, "fields": {"startX": 23.165, "startY": 73.0, "name": "LG", "formation": 54, "routeCoordinates": null, "runCoordinates": null, "progressionRank": null, "playerIndex": -1, "routeNum": null, "blocker": null, "runner": null, "CBAssignmentPlayerID": null, "CBAssignmentPlayerIndex": null, "CBAssignmentPlayerPosition": null, "zoneYardX": null, "zoneYardY": null, "zoneHeight": null, "zoneWidth": null, "gapYardX": null, "gapYardY": null, "blockingAssignmentPlayerIndex": null, "blockingAssignmentUnitIndex": null}}, {"model": "quiz.position", "pk": 725, "fields": {"startX": 26.665, "startY": 73.5, "name": "C", "formation": 54, "routeCoordinates": null, "runCoordinates": null, "progressionRank": null, "playerIndex": 0, "routeNum": null, "blocker": null, "runner": null, "CBAssignmentPlayerID": null, "CBAssignmentPlayerIndex": null, "CBAssignmentPlayerPosition": null, "zoneYardX": null, "zoneYardY": null, "zoneHeight": null, "zoneWidth": null, "gapYardX": null, "gapYardY": null, "blockingAssignmentPlayerIndex": null, "blockingAssignmentUnitIndex": null}}, {"model": "quiz.position", "pk": 726, "fields": {"startX": 30.165, "startY": 73.0, "name": "RG", "formation": 54, "routeCoordinates": null, "runCoordinates": null, "progressionRank": null, "playerIndex": 1, "routeNum": null, "blocker": null, "runner": null, "CBAssignmentPlayerID": null, "CBAssignmentPlayerIndex": null, "CBAssignmentPlayerPosition": null, "zoneYardX": null, "zoneYardY": null, "zoneHeight": null, "zoneWidth": null, "gapYardX": null, "gapYardY": null, "blockingAssignmentPlayerIndex": null, "blockingAssignmentUnitIndex": null}}, {"model": "quiz.position", "pk": 727, "fields": {"startX": 33.665, "startY": 73.0, "name": "RT", "formation": 54, "routeCoordinates": null, "runCoordinates": null, "progressionRank": null, "playerIndex": 2, "routeNum": null, "blocker": null, "runner": null, "CBAssignmentPlayerID": null, "CBAssignmentPlayerIndex": null, "CBAssignmentPlayerPosition": null, "zoneYardX": null, "zoneYardY": null, "zoneHeight": null, "zoneWidth": null, "gapYardX": null, "gapYardY": null, "blockingAssignmentPlayerIndex": null, "blockingAssignmentUnitIndex": null}}, {"model": "quiz.position", "pk": 728, "fields": {"startX": 26.7395880664445, "startY": 68.5511519698947, "name": "QB", "formation": 54, "routeCoordinates": null, "runCoordinates": null, "progressionRank": null, "playerIndex": 0, "routeNum": null, "blocker": null, "runner": null, "CBAssignmentPlayerID": null, "CBAssignmentPlayerIndex": null, "CBAssignmentPlayerPosition": null, "zoneYardX": null, "zoneYardY": null, "zoneHeight": null, "zoneWidth": null, "gapYardX": null, "gapYardY": null, "blockingAssignmentPlayerIndex": null, "blockingAssignmentUnitIndex": null}}, {"model": "quiz.position", "pk": 729, "fields": {"startX": 11.3227583208476, "startY": 73.2830502086423, "name": "X", "formation": 54, "routeCoordinates": null, "runCoordinates": null, "progressionRank": null, "playerIndex": 0, "routeNum": null, "blocker": null, "runner": null, "CBAssignmentPlayerID": null, "CBAssignmentPlayerIndex": null, "CBAssignmentPlayerPosition": null, "zoneYardX": null, "zoneYardY": null, "zoneHeight": null, "zoneWidth": null, "gapYardX": null, "gapYardY": null, "blockingAssignmentPlayerIndex": null, "blockingAssignmentUnitIndex": null}}, {"model": "quiz.position", "pk": 730, "fields": {"startX": 37.2718776946245, "startY": 72.9014455119691, "name": "Y", "formation": 54, "routeCoordinates": null, "runCoordinates": null, "progressionRank": null, "playerIndex": 0, "routeNum": null, "blocker": null, "runner": null, "CBAssignmentPlayerID": null, "CBAssignmentPlayerIndex": null, "CBAssignmentPlayerPosition": null, "zoneYardX": null, "zoneYardY": null, "zoneHeight": null, "zoneWidth": null, "gapYardX": null, "gapYardY": null, "blockingAssignmentPlayerIndex": null, "blockingAssignmentUnitIndex": null}}, {"model": "quiz.position", "pk": 731, "fields": {"startX": 42.3090596907106, "startY": 70.3065335745914, "name": "F", "formation": 54, "routeCoordinates": null, "runCoordinates": null, "progressionRank": null, "playerIndex": 0, "routeNum": null, "blocker": null, "runner": null, "CBAssignmentPlayerID": null, "CBAssignmentPlayerIndex": null, "CBAssignmentPlayerPosition": null, "zoneYardX": null, "zoneYardY": null, "zoneHeight": null, "zoneWidth": null, "gapYardX": null, "gapYardY": null, "blockingAssignmentPlayerIndex": null, "blockingAssignmentUnitIndex": null}}, {"model": "quiz.position", "pk": 732, "fields": {"startX": 46.8883160507889, "startY": 70.1538916959221, "name": "Z", "formation": 54, "routeCoordinates": null, "runCoordinates": null, "progressionRank": null, "playerIndex": 0, "routeNum": null, "blocker": null, "runner": null, "CBAssignmentPlayerID": null, "CBAssignmentPlayerIndex": null, "CBAssignmentPlayerPosition": null, "zoneYardX": null, "zoneYardY": null, "zoneHeight": null, "zoneWidth": null, "gapYardX": null, "gapYardY": null, "blockingAssignmentPlayerIndex": null, "blockingAssignmentUnitIndex": null}}, {"model": "quiz.position", "pk": 733, "fields": {"startX": 23.0761829783818, "startY": 68.3221891518908, "name": "A", "formation": 54, "routeCoordinates": null, "runCoordinates": null, "progressionRank": null, "playerIndex": 0, "routeNum": null, "blocker": null, "runner": null, "CBAssignmentPlayerID": null, "CBAssignmentPlayerIndex": null, "CBAssignmentPlayerPosition": null, "zoneYardX": null, "zoneYardY": null, "zoneHeight": null, "zoneWidth": null, "gapYardX": null, "gapYardY": null, "blockingAssignmentPlayerIndex": null, "blockingAssignmentUnitIndex": null}}, {"model": "quiz.position", "pk": 734, "fields": {"startX": 23.0761829783818, "startY": 68.3221891518908, "name": "A", "formation": null, "routeCoordinates": "[[23.0761829783818, 68.3221891518908]]", "runCoordinates": null, "progressionRank": 0, "playerIndex": null, "routeNum": null, "blocker": true, "runner": false, "CBAssignmentPlayerID": null, "CBAssignmentPlayerIndex": null, "CBAssignmentPlayerPosition": null, "zoneYardX": null, "zoneYardY": null, "zoneHeight": null, "zoneWidth": null, "gapYardX": null, "gapYardY": null, "blockingAssignmentPlayerIndex": 1, "blockingAssignmentUnitIndex": 0}}, {"model": "quiz.position", "pk": 735, "fields": {"startX": 46.8883160507889, "startY": 70.1538916959221, "name": "Z", "formation": null, "routeCoordinates": "[[46.8883160507889, 70.1538916959221], [45.89547734986546, 80.01994517824654], [49.699782633622796, 83.82425046200389], [51.91896071581458, 93.01798823108412]]", "runCoordinates": null, "progressionRank": 0, "playerIndex": null, "routeNum": null, "blocker": false, "runner": false, "CBAssignmentPlayerID": null, "CBAssignmentPlayerIndex": null, "CBAssignmentPlayerPosition": null, "zoneYardX": null, "zoneYardY": null, "zoneHeight": null, "zoneWidth": null, "gapYardX": null, "gapYardY": null, "blockingAssignmentPlayerIndex": null, "blockingAssignmentUnitIndex": null}}, {"model": "quiz.position", "pk": 736, "fields": {"startX": 42.3090596907106, "startY": 70.3065335745914, "name": "F", "formation": null, "routeCoordinates": "[[42.3090596907106, 70.3065335745914], [41.77414662579501, 75.8986144541761], [51.49626012873043, 76.10996474771817]]", "runCoordinates": null, "progressionRank": 0, "playerIndex": null, "routeNum": null, "blocker": false, "runner": false, "CBAssignmentPlayerID": null, "CBAssignmentPlayerIndex": null, "CBAssignmentPlayerPosition": null, "zoneYardX": null, "zoneYardY": null, "zoneHeight": null, "zoneWidth": null, "gapYardX": null, "gapYardY": null, "blockingAssignmentPlayerIndex": null, "blockingAssignmentUnitIndex": null}}, {"model": "quiz.position", "pk": 737, "fields": {"startX": 37.2718776946245, "startY": 72.9014455119691, "name": "Y", "formation": null, "routeCoordinates": "[[37.2718776946245, 72.9014455119691], [34.48256149859344, 75.58158901386298], [34.693911792135516, 80.33697061855966], [36.38471414047211, 78.64616827022306]]", "runCoordinates": null, "progressionRank": 0, "playerIndex": null, "routeNum": null, "blocker": false, "runner": false, "CBAssignmentPlayerID": null, "CBAssignmentPlayerIndex": null, "CBAssignmentPlayerPosition": null, "zoneYardX": null, "zoneYardY": null, "zoneHeight": null, "zoneWidth": null, "gapYardX": null, "gapYardY": null, "blockingAssignmentPlayerIndex": null, "blockingAssignmentUnitIndex": null}}, {"model": "quiz.position", "pk": 738, "fields": {"startX": 11.3227583208476, "startY": 73.2830502086423, "name": "X", "formation": null, "routeCoordinates": "[[11.3227583208476, 73.2830502086423], [11.022678915423189, 79.70291973793343], [2.5686671737402142, 80.01994517824654]]", "runCoordinates": null, "progressionRank": 0, "playerIndex": null, "routeNum": null, "blocker": false, "runner": false, "CBAssignmentPlayerID": null, "CBAssignmentPlayerIndex": null, "CBAssignmentPlayerPosition": null, "zoneYardX": null, "zoneYardY": null, "zoneHeight": null, "zoneWidth": null, "gapYardX": null, "gapYardY": null, "blockingAssignmentPlayerIndex": null, "blockingAssignmentUnitIndex": null}}, {"model": "quiz.position", "pk": 739, "fields": {"startX": 26.7395880664445, "startY": 68.5511519698947, "name": "QB", "formation": null, "routeCoordinates": "[[26.7395880664445, 68.5511519698947]]", "runCoordinates": null, "progressionRank": 0, "playerIndex": null, "routeNum": null, "blocker": false, "runner": false, "CBAssignmentPlayerID": null, "CBAssignmentPlayerIndex": null, "CBAssignmentPlayerPosition": null, "zoneYardX": null, "zoneYardY": null, "zoneHeight": null, "zoneWidth": null, "gapYardX": null, "gapYardY": null, "blockingAssignmentPlayerIndex": null, "blockingAssignmentUnitIndex": null}}, {"model": "quiz.position", "pk": 740, "fields": {"startX": 33.665, "startY": 73.0, "name": "RT", "formation": null, "routeCoordinates": "[[33.665, 73]]", "runCoordinates": null, "progressionRank": 0, "playerIndex": null, "routeNum": null, "blocker": false, "runner": false, "CBAssignmentPlayerID": null, "CBAssignmentPlayerIndex": null, "CBAssignmentPlayerPosition": null, "zoneYardX": null, "zoneYardY": null, "zoneHeight": null, "zoneWidth": null, "gapYardX": null, "gapYardY": null, "blockingAssignmentPlayerIndex": 3, "blockingAssignmentUnitIndex": 0}}, {"model": "quiz.position", "pk": 741, "fields": {"startX": 30.165, "startY": 73.0, "name": "RG", "formation": null, "routeCoordinates": "[[30.165, 73]]", "runCoordinates": null, "progressionRank": 0, "playerIndex": null, "routeNum": null, "blocker": false, "runner": false, "CBAssignmentPlayerID": null, "CBAssignmentPlayerIndex": null, "CBAssignmentPlayerPosition": null, "zoneYardX": null, "zoneYardY": null, "zoneHeight": null, "zoneWidth": null, "gapYardX": null, "gapYardY": null, "blockingAssignmentPlayerIndex": 3, "blockingAssignmentUnitIndex": 0}}, {"model": "quiz.position", "pk": 742, "fields": {"startX": 26.665, "startY": 73.5, "name": "C", "formation": null, "routeCoordinates": "[[26.665, 73.5]]", "runCoordinates": null, "progressionRank": 0, "playerIndex": null, "routeNum": null, "blocker": false, "runner": false, "CBAssignmentPlayerID": null, "CBAssignmentPlayerIndex": null, "CBAssignmentPlayerPosition": null, "zoneYardX": null, "zoneYardY": null, "zoneHeight": null, "zoneWidth": null, "gapYardX": null, "gapYardY": null, "blockingAssignmentPlayerIndex": 2, "blockingAssignmentUnitIndex": 0}}, {"model": "quiz.position", "pk": 743, "fields": {"startX": 23.165, "startY": 73.0, "name": "LG", "formation": null, "routeCoordinates": "[[23.165, 73]]", "runCoordinates": null, "progressionRank": 0, "playerIndex": null, "routeNum": null, "blocker": false, "runner": false, "CBAssignmentPlayerID": null, "CBAssignmentPlayerIndex": null, "CBAssignmentPlayerPosition": null, "zoneYardX": null, "zoneYardY": null, "zoneHeight": null, "zoneWidth": null, "gapYardX": null, "gapYardY": null, "blockingAssignmentPlayerIndex": 1, "blockingAssignmentUnitIndex": 0}}, {"model": "quiz.position", "pk": 744, "fields": {"startX": 19.665, "startY": 73.0, "name": "LT", "formation": null, "routeCoordinates": "[[19.665, 73]]", "runCoordinates": null, "progressionRank": 0, "playerIndex": null, "routeNum": null, "blocker": false, "runner": false, "CBAssignmentPlayerID": null, "CBAssignmentPlayerIndex": null, "CBAssignmentPlayerPosition": null, "zoneYardX": null, "zoneYardY": null, "zoneHeight": null, "zoneWidth": null, "gapYardX": null, "gapYardY": null, "blockingAssignmentPlayerIndex": 0, "blockingAssignmentUnitIndex": 0}}, {"model": "quiz.test", "pk": 19, "fields": {"name": "WR Test", "type_of_test": "WRRoute", "player": 2, "score": null, "skips": null, "incorrect_guesses": null, "deadline": "2016-06-25T00:00:00Z", "completed": false, "in_progress": true, "created_at": "2016-06-01T21:54:02.598Z", "updated_at": "2016-06-02T18:57:34.079Z", "coach_who_created": 22, "formations": []}}, {"model": "quiz.test", "pk": 20, "fields": {"name": "Blocking Test", "type_of_test": "OLView", "player": 10, "score": null, "skips": null, "incorrect_guesses": null, "deadline": "2016-06-25T00:00:00Z", "completed": false, "in_progress": true, "created_at": "2016-06-02T00:23:33.574Z", "updated_at": "2016-06-02T19:22:38.014Z", "coach_who_created": 22, "formations": []}}, {"model": "quiz.play", "pk": 19, "fields": {"name": "300J Sticky", "team": 1, "formation": 54, "created_at": "2016-06-02T21:23:47.335Z", "updated_at": "2016-06-02T21:23:47.516Z", "players": [], "positions": [734, 735, 736, 737, 738, 739, 740, 741, 742, 743, 744], "tests": []}}, {"model": "quiz.testresult", "pk": 85, "fields": {"score": 0.0, "skips": 0.0, "incorrect_guesses": 1.0, "string_id": "85", "time_taken": 0, "test": 19, "player": 2, "most_recent": true, "completed": true, "created_at": "2016-06-01T22:00:09.350Z", "updated_at": "2016-06-01T22:00:09.382Z", "missed_plays": [], "correct_plays": [], "skipped_plays": []}}, {"model": "dashboard.coach", "pk": 1, "fields": {"user": 2, "title": null, "created_at": "2016-02-09T22:17:32.132Z", "updated_at": "2016-02-09T22:17:32.132Z", "team": 1}}, {"model": "dashboard.coach", "pk": 2, "fields": {"user": 4, "title": null, "created_at": "2016-02-16T21:11:51.436Z", "updated_at": "2016-02-16T21:11:51.436Z", "team": 1}}, {"model": "dashboard.coach", "pk": 3, "fields": {"user": 5, "title": null, "created_at": "2016-04-11T21:44:35.979Z", "updated_at": "2016-04-11T21:44:35.979Z", "team": 1}}, {"model": "dashboard.coach", "pk": 4, "fields": {"user": 7, "title": null, "created_at": "2016-04-13T18:08:52.558Z", "updated_at": "2016-04-13T18:08:52.558Z", "team": 1}}, {"model": "dashboard.coach", "pk": 5, "fields": {"user": 11, "title": null, "created_at": "2016-04-16T19:47:57.884Z", "updated_at": "2016-04-16T19:47:57.884Z", "team": 1}}, {"model": "dashboard.coach", "pk": 6, "fields": {"user": 17, "title": null, "created_at": "2016-05-19T15:09:45.948Z", "updated_at": "2016-05-19T15:09:45.948Z", "team": 1}}, {"model": "dashboard.coach", "pk": 7, "fields": {"user": 18, "title": null, "created_at": "2016-05-19T16:55:33.682Z", "updated_at": "2016-05-19T16:55:33.682Z", "team": 1}}, {"model": "dashboard.coach", "pk": 8, "fields": {"user": 19, "title": null, "created_at": "2016-05-19T17:11:05.511Z", "updated_at": "2016-05-19T17:11:05.511Z", "team": 1}}, {"model": "dashboard.coach", "pk": 9, "fields": {"user": 20, "title": null, "created_at": "2016-05-23T17:13:32.557Z", "updated_at": "2016-05-23T17:13:32.557Z", "team": 1}}, {"model": "dashboard.coach", "pk": 10, "fields": {"user": 21, "title": null, "created_at": "2016-05-24T20:21:39.392Z", "updated_at": "2016-05-24T20:21:39.392Z", "team": 1}}, {"model": "dashboard.coach", "pk": 11, "fields": {"user": 22, "title": null, "created_at": "2016-05-25T01:07:56.051Z", "updated_at": "2016-05-25T01:07:56.051Z", "team": 1}}, {"model": "dashboard.myuser", "pk": 1, "fields": {"user": 2, "is_a_player": false, "avatar_image": "profile/bloody-tebow_qXIwM8Q.jpg"}}, {"model": "dashboard.myuser", "pk": 2, "fields": {"user": 3, "is_a_player": true, "avatar_image": "profile/adamcane.jpg"}}, {"model": "dashboard.myuser", "pk": 3, "fields": {"user": 4, "is_a_player": false, "avatar_image": "profile/bloody-tebow_1m8KOYR.jpg"}}, {"model": "dashboard.myuser", "pk": 4, "fields": {"user": 5, "is_a_player": false, "avatar_image": "profile/ZYYVVXGQLNBCHDN.20130708192100_j9tKyLH.jpg"}}, {"model": "dashboard.myuser", "pk": 5, "fields": {"user": 6, "is_a_player": true, "avatar_image": "profile/8010648_fOm28OV.jpeg"}}, {"model": "dashboard.myuser", "pk": 6, "fields": {"user": 7, "is_a_player": false, "avatar_image": "profile/jeff_fisher.jpg"}}, {"model": "dashboard.myuser", "pk": 7, "fields": {"user": 8, "is_a_player": true, "avatar_image": "profile/i.png"}}, {"model": "dashboard.myuser", "pk": 8, "fields": {"user": 9, "is_a_player": true, "avatar_image": "profile/austin.png"}}, {"model": "dashboard.myuser", "pk": 9, "fields": {"user": 10, "is_a_player": true, "avatar_image": "profile/gurley.png"}}, {"model": "dashboard.myuser", "pk": 10, "fields": {"user": 11, "is_a_player": false, "avatar_image": "profile/mccoy_mike_web.png"}}, {"model": "dashboard.myuser", "pk": 11, "fields": {"user": 12, "is_a_player": true, "avatar_image": "profile/rivers.png"}}, {"model": "dashboard.myuser", "pk": 12, "fields": {"user": 13, "is_a_player": true, "avatar_image": "profile/allen_keenan.png"}}, {"model": "dashboard.myuser", "pk": 14, "fields": {"user": 15, "is_a_player": true, "avatar_image": "profile/gordon_melvin_uArRVLe.png"}}, {"model": "dashboard.myuser", "pk": 15, "fields": {"user": 16, "is_a_player": true, "avatar_image": "profile/gardner.jpg"}}, {"model": "dashboard.myuser", "pk": 16, "fields": {"user": 17, "is_a_player": false, "avatar_image": "profile/zimmer-mn-card.jpg"}}, {"model": "dashboard.myuser", "pk": 17, "fields": {"user": 18, "is_a_player": false, "avatar_image": "profile/sonny_dykes.jpg"}}, {"model": "dashboard.myuser", "pk": 18, "fields": {"user": 19, "is_a_player": false, "avatar_image": "profile/web1_FBN-UNLV-MAR21-15_031615DB_005_1.jpg"}}, {"model": "dashboard.myuser", "pk": 19, "fields": {"user": 20, "is_a_player": false, "avatar_image": "profile/addazio.jpeg"}}, {"model": "dashboard.myuser", "pk": 20, "fields": {"user": 21, "is_a_player": false, "avatar_image": "profile/belichick.png"}}, {"model": "dashboard.myuser", "pk": 21, "fields": {"user": 22, "is_a_player": false, "avatar_image": "profile/kubiak.JPG"}}, {"model": "dashboard.myuser", "pk": 22, "fields": {"user": 23, "is_a_player": true, "avatar_image": "profile/decastro1_FQk7LRQ.jpg"}}, {"model": "dashboard.myuser", "pk": 23, "fields": {"user": 24, "is_a_player": true, "avatar_image": "profile/davis.png"}}, {"model": "dashboard.playergroup", "pk": 1, "fields": {"name": "All", "team": 1, "players": [1, 2]}}, {"model": "dashboard.playergroup", "pk": 3, "fields": {"name": "Chargers", "team": 1, "players": [6, 7, 8]}}, {"model": "dashboard.playergroup", "pk": 4, "fields": {"name": "All", "team": 1, "players": [8, 7, 6]}}, {"model": "admin.logentry", "pk": 1, "fields": {"action_time": "2016-02-09T22:17:04.880Z", "user": 1, "content_type": 8, "object_id": "1", "object_repr": "Broncos", "action_flag": 1, "change_message": "Added."}}, {"model": "admin.logentry", "pk": 2, "fields": {"action_time": "2016-02-16T18:12:52.607Z", "user": 1, "content_type": 10, "object_id": "18", "object_repr": "\u0010Crazy \u0010lay", "action_flag": 3, "change_message": ""}}, {"model": "admin.logentry", "pk": 3, "fields": {"action_time": "2016-02-16T18:12:52.610Z", "user": 1, "content_type": 10, "object_id": "17", "object_repr": "sdfasdfasdfasdf", "action_flag": 3, "change_message": ""}}, {"model": "admin.logentry", "pk": 4, "fields": {"action_time": "2016-02-16T18:12:52.611Z", "user": 1, "content_type": 10, "object_id": "16", "object_repr": "\u0010Crazy \u0010lay", "action_flag": 3, "change_message": ""}}, {"model": "admin.logentry", "pk": 5, "fields": {"action_time": "2016-02-16T18:12:52.612Z", "user": 1, "content_type": 10, "object_id": "15", "object_repr": "blah blah", "action_flag": 3, "change_message": ""}}, {"model": "admin.logentry", "pk": 6, "fields": {"action_time": "2016-02-16T18:12:52.613Z", "user": 1, "content_type": 10, "object_id": "14", "object_repr": "kjhkjhkhk", "action_flag": 3, "change_message": ""}}, {"model": "admin.logentry", "pk": 7, "fields": {"action_time": "2016-02-16T18:12:52.615Z", "user": 1, "content_type": 10, "object_id": "13", "object_repr": "testing 5", "action_flag": 3, "change_message": ""}}, {"model": "admin.logentry", "pk": 8, "fields": {"action_time": "2016-02-16T18:12:52.616Z", "user": 1, "content_type": 10, "object_id": "12", "object_repr": "", "action_flag": 3, "change_message": ""}}, {"model": "admin.logentry", "pk": 9, "fields": {"action_time": "2016-02-16T18:12:52.617Z", "user": 1, "content_type": 10, "object_id": "11", "object_repr": "", "action_flag": 3, "change_message": ""}}, {"model": "admin.logentry", "pk": 10, "fields": {"action_time": "2016-02-16T18:12:52.618Z", "user": 1, "content_type": 10, "object_id": "10", "object_repr": "[", "action_flag": 3, "change_message": ""}}, {"model": "admin.logentry", "pk": 11, "fields": {"action_time": "2016-02-16T18:12:52.619Z", "user": 1, "content_type": 10, "object_id": "9", "object_repr": "\u0010Testing this lay", "action_flag": 3, "change_message": ""}}, {"model": "admin.logentry", "pk": 12, "fields": {"action_time": "2016-02-16T18:12:52.619Z", "user": 1, "content_type": 10, "object_id": "8", "object_repr": "", "action_flag": 3, "change_message": ""}}, {"model": "admin.logentry", "pk": 13, "fields": {"action_time": "2016-02-16T18:12:52.620Z", "user": 1, "content_type": 10, "object_id": "7", "object_repr": "", "action_flag": 3, "change_message": ""}}, {"model": "admin.logentry", "pk": 14, "fields": {"action_time": "2016-02-16T18:12:52.621Z", "user": 1, "content_type": 10, "object_id": "6", "object_repr": "[\u0012j", "action_flag": 3, "change_message": ""}}, {"model": "admin.logentry", "pk": 15, "fields": {"action_time": "2016-02-16T18:12:52.622Z", "user": 1, "content_type": 10, "object_id": "5", "object_repr": "base defense 2", "action_flag": 3, "change_message": ""}}, {"model": "admin.logentry", "pk": 16, "fields": {"action_time": "2016-02-16T18:12:52.623Z", "user": 1, "content_type": 10, "object_id": "4", "object_repr": "\u0010Base \u0010Defense", "action_flag": 3, "change_message": ""}}, {"model": "admin.logentry", "pk": 17, "fields": {"action_time": "2016-02-16T20:24:08.304Z", "user": 1, "content_type": 10, "object_id": "25", "object_repr": "\u0010Cover 3", "action_flag": 3, "change_message": ""}}, {"model": "admin.logentry", "pk": 18, "fields": {"action_time": "2016-02-16T20:24:08.306Z", "user": 1, "content_type": 10, "object_id": "24", "object_repr": "\u0010Cover 3", "action_flag": 3, "change_message": ""}}, {"model": "admin.logentry", "pk": 19, "fields": {"action_time": "2016-02-16T20:24:08.307Z", "user": 1, "content_type": 10, "object_id": "23", "object_repr": "\u0010\u0010Cover 3", "action_flag": 3, "change_message": ""}}, {"model": "admin.logentry", "pk": 20, "fields": {"action_time": "2016-02-16T20:24:08.308Z", "user": 1, "content_type": 10, "object_id": "22", "object_repr": "\u0010Cover 2", "action_flag": 3, "change_message": ""}}, {"model": "admin.logentry", "pk": 21, "fields": {"action_time": "2016-02-16T20:24:08.309Z", "user": 1, "content_type": 10, "object_id": "21", "object_repr": "Jumbo", "action_flag": 3, "change_message": ""}}, {"model": "admin.logentry", "pk": 22, "fields": {"action_time": "2016-02-16T20:24:08.311Z", "user": 1, "content_type": 10, "object_id": "20", "object_repr": "\u0010Cover 2", "action_flag": 3, "change_message": ""}}, {"model": "admin.logentry", "pk": 23, "fields": {"action_time": "2016-02-16T20:24:08.312Z", "user": 1, "content_type": 10, "object_id": "19", "object_repr": "\u0010Cover 2", "action_flag": 3, "change_message": ""}}, {"model": "admin.logentry", "pk": 24, "fields": {"action_time": "2016-02-16T20:24:08.313Z", "user": 1, "content_type": 10, "object_id": "1", "object_repr": "", "action_flag": 3, "change_message": ""}}, {"model": "admin.logentry", "pk": 25, "fields": {"action_time": "2016-04-16T19:56:42.161Z", "user": 1, "content_type": 4, "object_id": "14", "object_repr": "melvingordon", "action_flag": 3, "change_message": ""}}, {"model": "admin.logentry", "pk": 26, "fields": {"action_time": "2016-05-09T23:38:31.930Z", "user": 1, "content_type": 11, "object_id": "33", "object_repr": "Julias Form", "action_flag": 3, "change_message": ""}}, {"model": "admin.logentry", "pk": 27, "fields": {"action_time": "2016-05-09T23:38:31.936Z", "user": 1, "content_type": 11, "object_id": "32", "object_repr": "Sandy Demo", "action_flag": 3, "change_message": ""}}, {"model": "admin.logentry", "pk": 28, "fields": {"action_time": "2016-05-09T23:38:31.939Z", "user": 1, "content_type": 11, "object_id": "31", "object_repr": "Tim Demo", "action_flag": 3, "change_message": ""}}, {"model": "admin.logentry", "pk": 29, "fields": {"action_time": "2016-05-09T23:38:31.944Z", "user": 1, "content_type": 11, "object_id": "30", "object_repr": "Dave Demo", "action_flag": 3, "change_message": ""}}, {"model": "admin.logentry", "pk": 30, "fields": {"action_time": "2016-05-09T23:39:44.160Z", "user": 1, "content_type": 11, "object_id": "29", "object_repr": "\u0010Cover 2", "action_flag": 3, "change_message": ""}}, {"model": "admin.logentry", "pk": 31, "fields": {"action_time": "2016-05-09T23:39:44.237Z", "user": 1, "content_type": 11, "object_id": "28", "object_repr": "Jumbo", "action_flag": 3, "change_message": ""}}, {"model": "admin.logentry", "pk": 32, "fields": {"action_time": "2016-05-09T23:39:44.239Z", "user": 1, "content_type": 11, "object_id": "27", "object_repr": "\u0010Cover 2", "action_flag": 3, "change_message": ""}}, {"model": "admin.logentry", "pk": 33, "fields": {"action_time": "2016-05-09T23:39:44.242Z", "user": 1, "content_type": 11, "object_id": "26", "object_repr": "\u0010Cover 2", "action_flag": 3, "change_message": ""}}, {"model": "admin.logentry", "pk": 34, "fields": {"action_time": "2016-05-09T23:39:44.245Z", "user": 1, "content_type": 11, "object_id": "3", "object_repr": "Shotgun Trips", "action_flag": 3, "change_message": ""}}, {"model": "admin.logentry", "pk": 35, "fields": {"action_time": "2016-05-09T23:39:44.247Z", "user": 1, "content_type": 11, "object_id": "2", "object_repr": "Twins Pistol", "action_flag": 3, "change_message": ""}}, {"model": "admin.logentry", "pk": 36, "fields": {"action_time": "2016-05-09T23:40:08.929Z", "user": 1, "content_type": 9, "object_id": "5", "object_repr": "Todd Gurley", "action_flag": 3, "change_message": ""}}, {"model": "admin.logentry", "pk": 37, "fields": {"action_time": "2016-05-09T23:40:08.962Z", "user": 1, "content_type": 9, "object_id": "4", "object_repr": "Tavon Austin", "action_flag": 3, "change_message": ""}}, {"model": "admin.logentry", "pk": 38, "fields": {"action_time": "2016-05-09T23:40:08.964Z", "user": 1, "content_type": 9, "object_id": "3", "object_repr": "Case Keenum", "action_flag": 3, "change_message": ""}}, {"model": "admin.logentry", "pk": 39, "fields": {"action_time": "2016-05-09T23:40:08.966Z", "user": 1, "content_type": 9, "object_id": "2", "object_repr": "Conner Crane", "action_flag": 3, "change_message": ""}}, {"model": "admin.logentry", "pk": 40, "fields": {"action_time": "2016-05-09T23:40:08.967Z", "user": 1, "content_type": 9, "object_id": "1", "object_repr": "Peyton Manning", "action_flag": 3, "change_message": ""}}, {"model": "admin.logentry", "pk": 41, "fields": {"action_time": "2016-05-09T23:40:49.756Z", "user": 1, "content_type": 13, "object_id": "9", "object_repr": "QBProgression", "action_flag": 3, "change_message": ""}}, {"model": "admin.logentry", "pk": 42, "fields": {"action_time": "2016-05-09T23:40:49.797Z", "user": 1, "content_type": 13, "object_id": "8", "object_repr": "QBProgression", "action_flag": 3, "change_message": ""}}, {"model": "admin.logentry", "pk": 43, "fields": {"action_time": "2016-05-09T23:40:49.800Z", "user": 1, "content_type": 13, "object_id": "7", "object_repr": "QBProgression", "action_flag": 3, "change_message": ""}}, {"model": "admin.logentry", "pk": 44, "fields": {"action_time": "2016-05-10T16:43:17.382Z", "user": 1, "content_type": 11, "object_id": "43", "object_repr": "\u0010Nickel \u0010Test", "action_flag": 3, "change_message": ""}}, {"model": "admin.logentry", "pk": 45, "fields": {"action_time": "2016-05-10T16:43:17.442Z", "user": 1, "content_type": 11, "object_id": "40", "object_repr": "\u0010Nickel \u0010Cover 2", "action_flag": 3, "change_message": ""}}, {"model": "admin.logentry", "pk": 46, "fields": {"action_time": "2016-05-10T16:43:17.450Z", "user": 1, "content_type": 11, "object_id": "39", "object_repr": "\u0010Nickel \u0010Cover 2", "action_flag": 3, "change_message": ""}}, {"model": "admin.logentry", "pk": 47, "fields": {"action_time": "2016-05-10T16:43:17.458Z", "user": 1, "content_type": 11, "object_id": "36", "object_repr": "\u0010Nickel", "action_flag": 3, "change_message": ""}}, {"model": "admin.logentry", "pk": 48, "fields": {"action_time": "2016-06-01T20:54:14.260Z", "user": 1, "content_type": 13, "object_id": "18", "object_repr": "QBProgression", "action_flag": 3, "change_message": ""}}, {"model": "admin.logentry", "pk": 49, "fields": {"action_time": "2016-06-01T20:54:14.290Z", "user": 1, "content_type": 13, "object_id": "17", "object_repr": "QBProgression", "action_flag": 3, "change_message": ""}}, {"model": "admin.logentry", "pk": 50, "fields": {"action_time": "2016-06-01T20:54:14.293Z", "user": 1, "content_type": 13, "object_id": "16", "object_repr": "QBProgression", "action_flag": 3, "change_message": ""}}, {"model": "admin.logentry", "pk": 51, "fields": {"action_time": "2016-06-01T20:54:14.296Z", "user": 1, "content_type": 13, "object_id": "15", "object_repr": "QBProgression", "action_flag": 3, "change_message": ""}}, {"model": "admin.logentry", "pk": 52, "fields": {"action_time": "2016-06-01T20:54:14.298Z", "user": 1, "content_type": 13, "object_id": "14", "object_repr": "QBProgression", "action_flag": 3, "change_message": ""}}, {"model": "admin.logentry", "pk": 53, "fields": {"action_time": "2016-06-01T20:54:14.300Z", "user": 1, "content_type": 13, "object_id": "13", "object_repr": "QBProgression", "action_flag": 3, "change_message": ""}}, {"model": "admin.logentry", "pk": 54, "fields": {"action_time": "2016-06-01T20:54:14.302Z", "user": 1, "content_type": 13, "object_id": "12", "object_repr": "QBProgression", "action_flag": 3, "change_message": ""}}, {"model": "admin.logentry", "pk": 55, "fields": {"action_time": "2016-06-01T20:54:14.304Z", "user": 1, "content_type": 13, "object_id": "11", "object_repr": "QBProgression", "action_flag": 3, "change_message": ""}}, {"model": "admin.logentry", "pk": 56, "fields": {"action_time": "2016-06-01T20:54:14.306Z", "user": 1, "content_type": 13, "object_id": "10", "object_repr": "QBProgression", "action_flag": 3, "change_message": ""}}, {"model": "admin.logentry", "pk": 57, "fields": {"action_time": "2016-06-01T20:54:14.308Z", "user": 1, "content_type": 13, "object_id": "9", "object_repr": "QBProgression", "action_flag": 3, "change_message": ""}}, {"model": "admin.logentry", "pk": 58, "fields": {"action_time": "2016-06-01T20:54:14.310Z", "user": 1, "content_type": 13, "object_id": "8", "object_repr": "QBProgression", "action_flag": 3, "change_message": ""}}, {"model": "admin.logentry", "pk": 59, "fields": {"action_time": "2016-06-01T20:54:14.312Z", "user": 1, "content_type": 13, "object_id": "7", "object_repr": "QBProgression", "action_flag": 3, "change_message": ""}}, {"model": "admin.logentry", "pk": 60, "fields": {"action_time": "2016-06-01T20:54:14.315Z", "user": 1, "content_type": 13, "object_id": "6", "object_repr": "QBProgression", "action_flag": 3, "change_message": ""}}, {"model": "admin.logentry", "pk": 61, "fields": {"action_time": "2016-06-01T20:54:14.317Z", "user": 1, "content_type": 13, "object_id": "5", "object_repr": "QBProgression", "action_flag": 3, "change_message": ""}}, {"model": "admin.logentry", "pk": 62, "fields": {"action_time": "2016-06-01T20:54:14.319Z", "user": 1, "content_type": 13, "object_id": "4", "object_repr": "QBProgression", "action_flag": 3, "change_message": ""}}, {"model": "admin.logentry", "pk": 63, "fields": {"action_time": "2016-06-01T20:54:14.321Z", "user": 1, "content_type": 13, "object_id": "3", "object_repr": "QBProgression", "action_flag": 3, "change_message": ""}}, {"model": "admin.logentry", "pk": 64, "fields": {"action_time": "2016-06-01T20:54:14.323Z", "user": 1, "content_type": 13, "object_id": "2", "object_repr": "QBProgression", "action_flag": 3, "change_message": ""}}, {"model": "admin.logentry", "pk": 65, "fields": {"action_time": "2016-06-01T20:54:14.326Z", "user": 1, "content_type": 13, "object_id": "1", "object_repr": "QBProgression", "action_flag": 3, "change_message": ""}}, {"model": "admin.logentry", "pk": 66, "fields": {"action_time": "2016-06-01T20:54:51.902Z", "user": 1, "content_type": 11, "object_id": "49", "object_repr": "Dan Demo", "action_flag": 3, "change_message": ""}}, {"model": "admin.logentry", "pk": 67, "fields": {"action_time": "2016-06-01T20:54:51.908Z", "user": 1, "content_type": 11, "object_id": "48", "object_repr": "Jumbo Pistol Left Hash 2", "action_flag": 3, "change_message": ""}}, {"model": "admin.logentry", "pk": 68, "fields": {"action_time": "2016-06-01T20:54:51.911Z", "user": 1, "content_type": 11, "object_id": "47", "object_repr": "Jumbo Pistol Left Hash", "action_flag": 3, "change_message": ""}}, {"model": "admin.logentry", "pk": 69, "fields": {"action_time": "2016-06-01T20:54:51.913Z", "user": 1, "content_type": 11, "object_id": "46", "object_repr": "\u0010\u0010\u0010Nickel \u0010Cover 0 \u0010Dog", "action_flag": 3, "change_message": ""}}, {"model": "admin.logentry", "pk": 70, "fields": {"action_time": "2016-06-01T20:54:51.915Z", "user": 1, "content_type": 11, "object_id": "35", "object_repr": "Gun TE Trips Right", "action_flag": 3, "change_message": ""}}, {"model": "admin.logentry", "pk": 71, "fields": {"action_time": "2016-06-01T20:54:51.918Z", "user": 1, "content_type": 11, "object_id": "34", "object_repr": "Gun Doubles Right", "action_flag": 3, "change_message": ""}}, {"model": "admin.logentry", "pk": 72, "fields": {"action_time": "2016-06-01T20:54:51.920Z", "user": 1, "content_type": 11, "object_id": "33", "object_repr": "Julias Form", "action_flag": 3, "change_message": ""}}, {"model": "admin.logentry", "pk": 73, "fields": {"action_time": "2016-06-01T20:54:51.923Z", "user": 1, "content_type": 11, "object_id": "32", "object_repr": "Sandy Demo", "action_flag": 3, "change_message": ""}}, {"model": "admin.logentry", "pk": 74, "fields": {"action_time": "2016-06-01T20:54:51.925Z", "user": 1, "content_type": 11, "object_id": "31", "object_repr": "Tim Demo", "action_flag": 3, "change_message": ""}}, {"model": "admin.logentry", "pk": 75, "fields": {"action_time": "2016-06-01T20:54:51.927Z", "user": 1, "content_type": 11, "object_id": "30", "object_repr": "Dave Demo", "action_flag": 3, "change_message": ""}}, {"model": "admin.logentry", "pk": 76, "fields": {"action_time": "2016-06-01T20:54:51.929Z", "user": 1, "content_type": 11, "object_id": "29", "object_repr": "\u0010Cover 2", "action_flag": 3, "change_message": ""}}, {"model": "admin.logentry", "pk": 77, "fields": {"action_time": "2016-06-01T20:54:51.932Z", "user": 1, "content_type": 11, "object_id": "28", "object_repr": "Jumbo", "action_flag": 3, "change_message": ""}}, {"model": "admin.logentry", "pk": 78, "fields": {"action_time": "2016-06-01T20:54:51.934Z", "user": 1, "content_type": 11, "object_id": "27", "object_repr": "\u0010Cover 2", "action_flag": 3, "change_message": ""}}, {"model": "admin.logentry", "pk": 79, "fields": {"action_time": "2016-06-01T20:54:51.935Z", "user": 1, "content_type": 11, "object_id": "26", "object_repr": "\u0010Cover 2", "action_flag": 3, "change_message": ""}}, {"model": "admin.logentry", "pk": 80, "fields": {"action_time": "2016-06-01T20:54:51.938Z", "user": 1, "content_type": 11, "object_id": "3", "object_repr": "Shotgun Trips", "action_flag": 3, "change_message": ""}}, {"model": "admin.logentry", "pk": 81, "fields": {"action_time": "2016-06-01T20:54:51.939Z", "user": 1, "content_type": 11, "object_id": "2", "object_repr": "Twins Pistol", "action_flag": 3, "change_message": ""}}, {"model": "admin.logentry", "pk": 82, "fields": {"action_time": "2016-06-01T20:55:06.223Z", "user": 1, "content_type": 14, "object_id": "15", "object_repr": "Verts", "action_flag": 3, "change_message": ""}}, {"model": "admin.logentry", "pk": 83, "fields": {"action_time": "2016-06-01T20:55:06.230Z", "user": 1, "content_type": 14, "object_id": "14", "object_repr": "Dig In Smash", "action_flag": 3, "change_message": ""}}, {"model": "admin.logentry", "pk": 84, "fields": {"action_time": "2016-06-01T20:55:06.232Z", "user": 1, "content_type": 14, "object_id": "13", "object_repr": "Smash Corner China", "action_flag": 3, "change_message": ""}}, {"model": "admin.logentry", "pk": 85, "fields": {"action_time": "2016-06-02T21:00:46.978Z", "user": 1, "content_type": 11, "object_id": "53", "object_repr": "Green Right", "action_flag": 3, "change_message": ""}}, {"model": "admin.logentry", "pk": 86, "fields": {"action_time": "2016-06-02T21:00:46.996Z", "user": 1, "content_type": 11, "object_id": "52", "object_repr": "Empty Right", "action_flag": 3, "change_message": ""}}, {"model": "admin.logentry", "pk": 87, "fields": {"action_time": "2016-06-02T21:00:47.000Z", "user": 1, "content_type": 11, "object_id": "51", "object_repr": "Doubles Right Pistol", "action_flag": 3, "change_message": ""}}, {"model": "admin.logentry", "pk": 88, "fields": {"action_time": "2016-06-02T21:00:47.004Z", "user": 1, "content_type": 11, "object_id": "50", "object_repr": "Gun TE Trips Right", "action_flag": 3, "change_message": ""}}, {"model": "admin.logentry", "pk": 89, "fields": {"action_time": "2016-06-02T21:00:47.008Z", "user": 1, "content_type": 11, "object_id": "38", "object_repr": "Gun TE Trips Left", "action_flag": 3, "change_message": ""}}, {"model": "admin.logentry", "pk": 90, "fields": {"action_time": "2016-06-02T21:00:47.011Z", "user": 1, "content_type": 11, "object_id": "37", "object_repr": "Gun Doubles Left", "action_flag": 3, "change_message": ""}}]