[{"model": "auth.user", "pk": 1, "fields": {"password": "pbkdf2_sha256$24000$A07Jcjmfuihy$cbspgcZkkpYN42rwj5gpo/opKYkzq8yf2cdhHaa9pAs=", "last_login": "2016-04-16T19:56:06.398Z", "is_superuser": true, "username": "adammoelis", "first_name": "", "last_name": "", "email": "adam.moelis@gmail.com", "is_staff": true, "is_active": true, "date_joined": "2016-02-09T22:16:51.192Z", "groups": [], "user_permissions": []}}, {"model": "auth.user", "pk": 2, "fields": {"password": "pbkdf2_sha256$24000$Kg1Q6WGDK4Ap$aKmNPtGyR10Nd2aZXpz5eXht58YBqe+wY/Onr/SNZPk=", "last_login": "2016-02-16T18:13:08.565Z", "is_superuser": false, "username": "ericstudes", "first_name": "Eric", "last_name": "Studes", "email": "eric@studes.com", "is_staff": false, "is_active": true, "date_joined": "2016-02-09T22:17:32.102Z", "groups": [], "user_permissions": []}}, {"model": "auth.user", "pk": 3, "fields": {"password": "pbkdf2_sha256$24000$bHKveAuq8ayD$0juqd54HGkKAeagY/kUfrEXKqiEmAdPHvBr5SwGdimc=", "last_login": "2016-02-09T22:27:08.762Z", "is_superuser": false, "username": "peytonmanning", "first_name": "Peyton", "last_name": "Manning", "email": "peyton@manning.com", "is_staff": false, "is_active": true, "date_joined": "2016-02-09T22:27:08.698Z", "groups": [], "user_permissions": []}}, {"model": "auth.user", "pk": 4, "fields": {"password": "pbkdf2_sha256$24000$ItVoxXyVcS2q$Aa8rGzqoOWLv+RfbvuL1MzmHU4Ie8Kevc+xGevYKiyg=", "last_login": "2016-02-16T21:11:51.464Z", "is_superuser": false, "username": "adsads", "first_name": "ads", "last_name": "ads", "email": "ads@ads.com", "is_staff": false, "is_active": true, "date_joined": "2016-02-16T21:11:51.404Z", "groups": [], "user_permissions": []}}, {"model": "auth.user", "pk": 5, "fields": {"password": "pbkdf2_sha256$24000$YvMPUca1ZbIN$MDpLdI1Wv376LWWHzIDTuH8ANKGaqXT9/5gGMrinPz0=", "last_login": "2016-04-11T21:44:36.191Z", "is_superuser": false, "username": "davidshaw", "first_name": "David", "last_name": "Shaw", "email": "dshaw@stanford.edu", "is_staff": false, "is_active": true, "date_joined": "2016-04-11T21:44:35.773Z", "groups": [], "user_permissions": []}}, {"model": "auth.user", "pk": 6, "fields": {"password": "pbkdf2_sha256$24000$pR1t2cGW7owK$eAqDU/Y6+xnYau7hNN38VPwDa4ClNuCz2ckNFaJ9vl0=", "last_login": "2016-04-11T21:45:16.405Z", "is_superuser": false, "username": "connercrane", "first_name": "Conner", "last_name": "Crane", "email": "conner@crane.com", "is_staff": false, "is_active": true, "date_joined": "2016-04-11T21:45:16.018Z", "groups": [], "user_permissions": []}}, {"model": "auth.user", "pk": 7, "fields": {"password": "pbkdf2_sha256$24000$wGh0ttTFXSO6$WR6vWZYOOHdMAuiIqM8+QgNgJipxWINz/oSFU+DdLQw=", "last_login": "2016-04-13T18:08:52.838Z", "is_superuser": false, "username": "jefffisher", "first_name": "Jeff", "last_name": "Fisher", "email": "jefffisher@rams.com", "is_staff": false, "is_active": true, "date_joined": "2016-04-13T18:08:52.222Z", "groups": [], "user_permissions": []}}, {"model": "auth.user", "pk": 8, "fields": {"password": "pbkdf2_sha256$24000$WVTcrCpmpjdW$hMcOrgbs4qpNDn1GyL0qvLzl0+rUJdnkznW6YYCaIUE=", "last_login": "2016-04-15T15:45:48.067Z", "is_superuser": false, "username": "casekeenum", "first_name": "Case", "last_name": "Keenum", "email": "case@keenum.com", "is_staff": false, "is_active": true, "date_joined": "2016-04-13T18:10:18.454Z", "groups": [], "user_permissions": []}}, {"model": "auth.user", "pk": 9, "fields": {"password": "pbkdf2_sha256$24000$CH47uaqLUkno$hE6zDaJZxg4EwshxniBKZzkxUTAH21Mp6D5Lthxuy3I=", "last_login": "2016-04-15T15:47:44.469Z", "is_superuser": false, "username": "tavonaustin", "first_name": "Tavon", "last_name": "Austin", "email": "tavon@austin.com", "is_staff": false, "is_active": true, "date_joined": "2016-04-13T18:12:03.913Z", "groups": [], "user_permissions": []}}, {"model": "auth.user", "pk": 10, "fields": {"password": "pbkdf2_sha256$24000$iPhLpIo1e13H$70aIYO3y9cQ9vJ0J7G7n24Lrp7JZa+tFk21MI6rkn4A=", "last_login": "2016-04-14T22:05:31.432Z", "is_superuser": false, "username": "toddgurley", "first_name": "Todd", "last_name": "Gurley", "email": "todd@gurley.com", "is_staff": false, "is_active": true, "date_joined": "2016-04-13T18:13:22.760Z", "groups": [], "user_permissions": []}}, {"model": "auth.user", "pk": 11, "fields": {"password": "pbkdf2_sha256$24000$igvX6ZW63wlb$9Ze6K3ERPX4ELzDClSpcm6pPX+4eASlZUj/nGXAjvFU=", "last_login": "2016-04-16T19:47:58.120Z", "is_superuser": false, "username": "mikemccoy", "first_name": "Mike", "last_name": "McCoy", "email": "mike@mccoy.com", "is_staff": false, "is_active": true, "date_joined": "2016-04-16T19:47:57.637Z", "groups": [], "user_permissions": []}}, {"model": "auth.user", "pk": 12, "fields": {"password": "pbkdf2_sha256$24000$Qa0nWNaF2ydB$i5P9NoNX52wf1DyFz0+1BHu2z+oTn0IgkTLhuB//P4U=", "last_login": "2016-04-16T19:51:08.090Z", "is_superuser": false, "username": "philiprivers", "first_name": "Philip", "last_name": "Rivers", "email": "philip@rivers.com", "is_staff": false, "is_active": true, "date_joined": "2016-04-16T19:51:07.578Z", "groups": [], "user_permissions": []}}, {"model": "auth.user", "pk": 13, "fields": {"password": "pbkdf2_sha256$24000$espzWQeETfbF$GA78207DarjTAB5xWTTf5vYN11ZKJWpFnpd5/odikF8=", "last_login": "2016-04-16T19:54:59.160Z", "is_superuser": false, "username": "keenanallen", "first_name": "Keenan", "last_name": "Allen", "email": "keenan@allen.com", "is_staff": false, "is_active": true, "date_joined": "2016-04-16T19:54:58.609Z", "groups": [], "user_permissions": []}}, {"model": "auth.user", "pk": 15, "fields": {"password": "pbkdf2_sha256$24000$sSdCLavWoEA9$fCWPdN1h1Sb3Q3Mlkk3e/yC2K8HqsRna2SOQGvMQ4Mg=", "last_login": "2016-04-16T19:57:06.467Z", "is_superuser": false, "username": "melvingordon", "first_name": "Melvin", "last_name": "Gordon", "email": "melvin@gordon.com", "is_staff": false, "is_active": true, "date_joined": "2016-04-16T19:57:05.933Z", "groups": [], "user_permissions": []}}, {"model": "sessions.session", "pk": "acxfgfn8d96jz1yzd3itgl8cmprjhtg7", "fields": {"session_data": "M2Y5NjcwNzRmZTYyYmQwMWRkYTU5YjcwMTZkM2RlMGUwNTg4MjgxZjp7Il9hdXRoX3VzZXJfaGFzaCI6IjIxMGIxYzk4NjYyZDYxNThiMDc0OWFlNmI0YzM0M2Y3NWJjMjljNGUiLCJfYXV0aF91c2VyX2JhY2tlbmQiOiJkamFuZ28uY29udHJpYi5hdXRoLmJhY2tlbmRzLk1vZGVsQmFja2VuZCIsIl9hdXRoX3VzZXJfaWQiOiIxIn0=", "expire_date": "2016-04-27T18:45:26.225Z"}}, {"model": "sessions.session", "pk": "c7mghc0hiyjrwdqcjq3c3pi3brw249o8", "fields": {"session_data": "M2Y5NjcwNzRmZTYyYmQwMWRkYTU5YjcwMTZkM2RlMGUwNTg4MjgxZjp7Il9hdXRoX3VzZXJfaGFzaCI6IjIxMGIxYzk4NjYyZDYxNThiMDc0OWFlNmI0YzM0M2Y3NWJjMjljNGUiLCJfYXV0aF91c2VyX2JhY2tlbmQiOiJkamFuZ28uY29udHJpYi5hdXRoLmJhY2tlbmRzLk1vZGVsQmFja2VuZCIsIl9hdXRoX3VzZXJfaWQiOiIxIn0=", "expire_date": "2016-03-01T20:23:42.201Z"}}, {"model": "sessions.session", "pk": "kodmiqmtvcrqs3jstf66xkmk0b4o2umn", "fields": {"session_data": "NjgwMDNiZGJlNGQyMjMwYmQ3YzVhMGMzYjMxOGNkZmFhMGRjYzJjMzp7Il9hdXRoX3VzZXJfaGFzaCI6IjRhZTBjMjQzMjIyN2IyZmU1ZmNjOTQxMGY0Y2I3ZTkwZjEzZmU1NjYiLCJfYXV0aF91c2VyX2JhY2tlbmQiOiJkamFuZ28uY29udHJpYi5hdXRoLmJhY2tlbmRzLk1vZGVsQmFja2VuZCIsIl9hdXRoX3VzZXJfaWQiOiI0In0=", "expire_date": "2016-03-01T21:11:51.465Z"}}, {"model": "sessions.session", "pk": "krhhocmk89cnf62hilab3u95j8uq0iun", "fields": {"session_data": "ZDZiMDk1M2RhMGRlZjQxMGJmMjE1NDI1YzliNWMyNDBhM2UxYzkxMjp7Il9hdXRoX3VzZXJfaGFzaCI6ImUyOGY3ODdkZDMyYjZjN2M0MzM4MzBlOTU2MmU0MDgwZGYzYThiZjQiLCJfYXV0aF91c2VyX2JhY2tlbmQiOiJkamFuZ28uY29udHJpYi5hdXRoLmJhY2tlbmRzLk1vZGVsQmFja2VuZCIsIl9hdXRoX3VzZXJfaWQiOiIxMSJ9", "expire_date": "2016-04-30T19:47:58.125Z"}}, {"model": "sessions.session", "pk": "vdhs8nmlpkta5v0lmzvjnt8iqodut5zy", "fields": {"session_data": "ZTVmNDhkNTY4YzJkYjlkYmYwOWRkY2Y2YTEzMTdkZWYwOTUxYjE3MDp7Il9hdXRoX3VzZXJfaGFzaCI6ImI2OTc3MGMxYzNiMTVkNGU1MGEwN2MxNDM2MzFiNDNhOTNlODQ1MmMiLCJfYXV0aF91c2VyX2JhY2tlbmQiOiJkamFuZ28uY29udHJpYi5hdXRoLmJhY2tlbmRzLk1vZGVsQmFja2VuZCIsIl9hdXRoX3VzZXJfaWQiOiIxNSJ9", "expire_date": "2016-04-30T19:57:06.471Z"}}, {"model": "sessions.session", "pk": "wch70ry9k0ghwyra7qw13ky8fcz1hqkr", "fields": {"session_data": "NWE1OTE4MDZlNmM1NjhhZTViMTRkM2JmYzNiNjdjM2E2ZWI5NGY4NTp7Il9hdXRoX3VzZXJfaGFzaCI6IjI2ODVhMTI4MzQxNjRmNzE0MGIzZWYxYzljNTE1NDY4MTU0Y2VkMDMiLCJfYXV0aF91c2VyX2JhY2tlbmQiOiJkamFuZ28uY29udHJpYi5hdXRoLmJhY2tlbmRzLk1vZGVsQmFja2VuZCIsIl9hdXRoX3VzZXJfaWQiOiIxMCJ9", "expire_date": "2016-04-27T18:13:23.219Z"}}, {"model": "quiz.team", "pk": 1, "fields": {"name": "Broncos", "created_at": "2016-02-09T22:17:04.879Z", "updated_at": "2016-02-09T22:17:04.879Z"}}, {"model": "quiz.player", "pk": 1, "fields": {"user": 3, "first_name": "Peyton", "last_name": "Manning", "position": "QB", "unit": null, "number": null, "team": 1, "is_being_tested": false, "image_url": "", "starter": false, "created_at": "2016-02-09T22:27:08.732Z", "updated_at": "2016-02-09T22:27:08.733Z"}}, {"model": "quiz.player", "pk": 2, "fields": {"user": 6, "first_name": "Conner", "last_name": "Crane", "position": "WR", "unit": null, "number": null, "team": 1, "is_being_tested": false, "image_url": "", "starter": false, "created_at": "2016-04-11T21:45:16.218Z", "updated_at": "2016-04-11T21:45:16.218Z"}}, {"model": "quiz.player", "pk": 3, "fields": {"user": 8, "first_name": "Case", "last_name": "Keenum", "position": "QB", "unit": null, "number": null, "team": 1, "is_being_tested": false, "image_url": "", "starter": false, "created_at": "2016-04-13T18:10:18.651Z", "updated_at": "2016-04-13T18:10:18.651Z"}}, {"model": "quiz.player", "pk": 4, "fields": {"user": 9, "first_name": "Tavon", "last_name": "Austin", "position": "WR", "unit": null, "number": null, "team": 1, "is_being_tested": false, "image_url": "", "starter": false, "created_at": "2016-04-13T18:12:04.196Z", "updated_at": "2016-04-13T18:12:04.196Z"}}, {"model": "quiz.player", "pk": 5, "fields": {"user": 10, "first_name": "Todd", "last_name": "Gurley", "position": "RB", "unit": null, "number": null, "team": 1, "is_being_tested": false, "image_url": "", "starter": false, "created_at": "2016-04-13T18:13:22.999Z", "updated_at": "2016-04-13T18:13:22.999Z"}}, {"model": "quiz.player", "pk": 6, "fields": {"user": 12, "first_name": "Philip", "last_name": "Rivers", "position": "QB", "unit": null, "number": null, "team": 1, "is_being_tested": false, "image_url": "", "starter": false, "created_at": "2016-04-16T19:51:07.838Z", "updated_at": "2016-04-16T19:51:07.838Z"}}, {"model": "quiz.player", "pk": 7, "fields": {"user": 13, "first_name": "Keenan", "last_name": "Allen", "position": "WR", "unit": null, "number": null, "team": 1, "is_being_tested": false, "image_url": "", "starter": false, "created_at": "2016-04-16T19:54:58.879Z", "updated_at": "2016-04-16T19:54:58.879Z"}}, {"model": "quiz.player", "pk": 8, "fields": {"user": 15, "first_name": "Melvin", "last_name": "Gordon", "position": "RB", "unit": null, "number": null, "team": 1, "is_being_tested": false, "image_url": "", "starter": false, "created_at": "2016-04-16T19:57:06.213Z", "updated_at": "2016-04-16T19:57:06.213Z"}}, {"model": "quiz.formation", "pk": 2, "fields": {"name": "Twins Pistol", "playName": "", "offensiveFormationID": null, "unit": "offense", "team": 1, "created_at": "2016-02-09T22:22:14.566Z", "updated_at": "2016-02-09T22:22:14.566Z", "offensivePlayers": []}}, {"model": "quiz.formation", "pk": 3, "fields": {"name": "Shotgun Trips", "playName": "", "offensiveFormationID": null, "unit": "offense", "team": 1, "created_at": "2016-02-09T22:22:36.636Z", "updated_at": "2016-02-09T22:22:36.636Z", "offensivePlayers": []}}, {"model": "quiz.formation", "pk": 26, "fields": {"name": "\u0010Cover 2", "playName": "", "offensiveFormationID": 2, "unit": "defense", "team": 1, "created_at": "2016-02-16T20:24:50.622Z", "updated_at": "2016-02-16T20:24:50.624Z", "offensivePlayers": []}}, {"model": "quiz.formation", "pk": 27, "fields": {"name": "\u0010Cover 2", "playName": "", "offensiveFormationID": 3, "unit": "defense", "team": 1, "created_at": "2016-02-16T20:25:35.360Z", "updated_at": "2016-02-16T20:25:35.362Z", "offensivePlayers": []}}, {"model": "quiz.formation", "pk": 28, "fields": {"name": "Jumbo", "playName": "", "offensiveFormationID": null, "unit": "offense", "team": 1, "created_at": "2016-02-16T20:26:10.863Z", "updated_at": "2016-02-16T20:26:10.863Z", "offensivePlayers": []}}, {"model": "quiz.formation", "pk": 29, "fields": {"name": "\u0010Cover 2", "playName": "", "offensiveFormationID": 28, "unit": "defense", "team": 1, "created_at": "2016-02-16T20:27:30.990Z", "updated_at": "2016-02-16T20:27:30.992Z", "offensivePlayers": []}}, {"model": "quiz.formation", "pk": 30, "fields": {"name": "Dave Demo", "playName": "", "offensiveFormationID": null, "unit": "offense", "team": 1, "created_at": "2016-04-13T14:44:59.398Z", "updated_at": "2016-04-13T14:44:59.398Z", "offensivePlayers": []}}, {"model": "quiz.formation", "pk": 31, "fields": {"name": "Tim Demo", "playName": "", "offensiveFormationID": null, "unit": "offense", "team": 1, "created_at": "2016-04-14T23:46:20.117Z", "updated_at": "2016-04-14T23:46:20.117Z", "offensivePlayers": []}}, {"model": "quiz.formation", "pk": 32, "fields": {"name": "Sandy Demo", "playName": "", "offensiveFormationID": null, "unit": "offense", "team": 1, "created_at": "2016-04-15T16:59:37.064Z", "updated_at": "2016-04-15T16:59:37.064Z", "offensivePlayers": []}}, {"model": "quiz.formation", "pk": 33, "fields": {"name": "Julias Form", "playName": "", "offensiveFormationID": null, "unit": "offense", "team": 1, "created_at": "2016-04-15T20:21:50.854Z", "updated_at": "2016-04-15T20:21:50.854Z", "offensivePlayers": []}}, {"model": "quiz.position", "pk": 12, "fields": {"startX": 19.665, "startY": 73.0, "name": "LT", "formation": 2, "routeCoordinates": null, "runCoordinates": null, "progressionRank": null, "playerIndex": -2, "routeNum": null, "blocker": null, "runner": null, "CBAssignmentPlayerID": null, "CBAssignmentPlayerIndex": null, "CBAssignmentPlayerPosition": null, "zoneYardX": null, "zoneYardY": null, "zoneHeight": null, "zoneWidth": null, "gapYardX": null, "gapYardY": null, "blockingAssignmentPlayerIndex": null, "blockingAssignmentUnitIndex": null}}, {"model": "quiz.position", "pk": 13, "fields": {"startX": 23.165, "startY": 73.0, "name": "LG", "formation": 2, "routeCoordinates": null, "runCoordinates": null, "progressionRank": null, "playerIndex": -1, "routeNum": null, "blocker": null, "runner": null, "CBAssignmentPlayerID": null, "CBAssignmentPlayerIndex": null, "CBAssignmentPlayerPosition": null, "zoneYardX": null, "zoneYardY": null, "zoneHeight": null, "zoneWidth": null, "gapYardX": null, "gapYardY": null, "blockingAssignmentPlayerIndex": null, "blockingAssignmentUnitIndex": null}}, {"model": "quiz.position", "pk": 14, "fields": {"startX": 26.665, "startY": 73.5, "name": "C", "formation": 2, "routeCoordinates": null, "runCoordinates": null, "progressionRank": null, "playerIndex": 0, "routeNum": null, "blocker": null, "runner": null, "CBAssignmentPlayerID": null, "CBAssignmentPlayerIndex": null, "CBAssignmentPlayerPosition": null, "zoneYardX": null, "zoneYardY": null, "zoneHeight": null, "zoneWidth": null, "gapYardX": null, "gapYardY": null, "blockingAssignmentPlayerIndex": null, "blockingAssignmentUnitIndex": null}}, {"model": "quiz.position", "pk": 15, "fields": {"startX": 30.165, "startY": 73.0, "name": "RG", "formation": 2, "routeCoordinates": null, "runCoordinates": null, "progressionRank": null, "playerIndex": 1, "routeNum": null, "blocker": null, "runner": null, "CBAssignmentPlayerID": null, "CBAssignmentPlayerIndex": null, "CBAssignmentPlayerPosition": null, "zoneYardX": null, "zoneYardY": null, "zoneHeight": null, "zoneWidth": null, "gapYardX": null, "gapYardY": null, "blockingAssignmentPlayerIndex": null, "blockingAssignmentUnitIndex": null}}, {"model": "quiz.position", "pk": 16, "fields": {"startX": 33.665, "startY": 73.0, "name": "RT", "formation": 2, "routeCoordinates": null, "runCoordinates": null, "progressionRank": null, "playerIndex": 2, "routeNum": null, "blocker": null, "runner": null, "CBAssignmentPlayerID": null, "CBAssignmentPlayerIndex": null, "CBAssignmentPlayerPosition": null, "zoneYardX": null, "zoneYardY": null, "zoneHeight": null, "zoneWidth": null, "gapYardX": null, "gapYardY": null, "blockingAssignmentPlayerIndex": null, "blockingAssignmentUnitIndex": null}}, {"model": "quiz.position", "pk": 17, "fields": {"startX": 26.665, "startY": 70.0, "name": "QB", "formation": 2, "routeCoordinates": null, "runCoordinates": null, "progressionRank": null, "playerIndex": 0, "routeNum": null, "blocker": null, "runner": null, "CBAssignmentPlayerID": null, "CBAssignmentPlayerIndex": null, "CBAssignmentPlayerPosition": null, "zoneYardX": null, "zoneYardY": null, "zoneHeight": null, "zoneWidth": null, "gapYardX": null, "gapYardY": null, "blockingAssignmentPlayerIndex": null, "blockingAssignmentUnitIndex": null}}, {"model": "quiz.position", "pk": 18, "fields": {"startX": 41.7816656494141, "startY": 72.9, "name": "WR", "formation": 2, "routeCoordinates": null, "runCoordinates": null, "progressionRank": null, "playerIndex": 3, "routeNum": null, "blocker": null, "runner": null, "CBAssignmentPlayerID": null, "CBAssignmentPlayerIndex": null, "CBAssignmentPlayerPosition": null, "zoneYardX": null, "zoneYardY": null, "zoneHeight": null, "zoneWidth": null, "gapYardX": null, "gapYardY": null, "blockingAssignmentPlayerIndex": null, "blockingAssignmentUnitIndex": null}}, {"model": "quiz.position", "pk": 19, "fields": {"startX": 11.7816656494141, "startY": 72.7, "name": "WR", "formation": 2, "routeCoordinates": null, "runCoordinates": null, "progressionRank": null, "playerIndex": 4, "routeNum": null, "blocker": null, "runner": null, "CBAssignmentPlayerID": null, "CBAssignmentPlayerIndex": null, "CBAssignmentPlayerPosition": null, "zoneYardX": null, "zoneYardY": null, "zoneHeight": null, "zoneWidth": null, "gapYardX": null, "gapYardY": null, "blockingAssignmentPlayerIndex": null, "blockingAssignmentUnitIndex": null}}, {"model": "quiz.position", "pk": 20, "fields": {"startX": 26.9816656494141, "startY": 63.1, "name": "RB", "formation": 2, "routeCoordinates": null, "runCoordinates": null, "progressionRank": null, "playerIndex": 2, "routeNum": null, "blocker": null, "runner": null, "CBAssignmentPlayerID": null, "CBAssignmentPlayerIndex": null, "CBAssignmentPlayerPosition": null, "zoneYardX": null, "zoneYardY": null, "zoneHeight": null, "zoneWidth": null, "gapYardX": null, "gapYardY": null, "blockingAssignmentPlayerIndex": null, "blockingAssignmentUnitIndex": null}}, {"model": "quiz.position", "pk": 21, "fields": {"startX": 16.8816656494141, "startY": 71.3, "name": "TE", "formation": 2, "routeCoordinates": null, "runCoordinates": null, "progressionRank": null, "playerIndex": 3, "routeNum": null, "blocker": null, "runner": null, "CBAssignmentPlayerID": null, "CBAssignmentPlayerIndex": null, "CBAssignmentPlayerPosition": null, "zoneYardX": null, "zoneYardY": null, "zoneHeight": null, "zoneWidth": null, "gapYardX": null, "gapYardY": null, "blockingAssignmentPlayerIndex": null, "blockingAssignmentUnitIndex": null}}, {"model": "quiz.position", "pk": 22, "fields": {"startX": 36.5816656494141, "startY": 71.5, "name": "TE", "formation": 2, "routeCoordinates": null, "runCoordinates": null, "progressionRank": null, "playerIndex": 4, "routeNum": null, "blocker": null, "runner": null, "CBAssignmentPlayerID": null, "CBAssignmentPlayerIndex": null, "CBAssignmentPlayerPosition": null, "zoneYardX": null, "zoneYardY": null, "zoneHeight": null, "zoneWidth": null, "gapYardX": null, "gapYardY": null, "blockingAssignmentPlayerIndex": null, "blockingAssignmentUnitIndex": null}}, {"model": "quiz.position", "pk": 23, "fields": {"startX": 19.665, "startY": 73.0, "name": "LT", "formation": 3, "routeCoordinates": null, "runCoordinates": null, "progressionRank": null, "playerIndex": -2, "routeNum": null, "blocker": null, "runner": null, "CBAssignmentPlayerID": null, "CBAssignmentPlayerIndex": null, "CBAssignmentPlayerPosition": null, "zoneYardX": null, "zoneYardY": null, "zoneHeight": null, "zoneWidth": null, "gapYardX": null, "gapYardY": null, "blockingAssignmentPlayerIndex": null, "blockingAssignmentUnitIndex": null}}, {"model": "quiz.position", "pk": 24, "fields": {"startX": 23.165, "startY": 73.0, "name": "LG", "formation": 3, "routeCoordinates": null, "runCoordinates": null, "progressionRank": null, "playerIndex": -1, "routeNum": null, "blocker": null, "runner": null, "CBAssignmentPlayerID": null, "CBAssignmentPlayerIndex": null, "CBAssignmentPlayerPosition": null, "zoneYardX": null, "zoneYardY": null, "zoneHeight": null, "zoneWidth": null, "gapYardX": null, "gapYardY": null, "blockingAssignmentPlayerIndex": null, "blockingAssignmentUnitIndex": null}}, {"model": "quiz.position", "pk": 25, "fields": {"startX": 26.665, "startY": 73.5, "name": "C", "formation": 3, "routeCoordinates": null, "runCoordinates": null, "progressionRank": null, "playerIndex": 0, "routeNum": null, "blocker": null, "runner": null, "CBAssignmentPlayerID": null, "CBAssignmentPlayerIndex": null, "CBAssignmentPlayerPosition": null, "zoneYardX": null, "zoneYardY": null, "zoneHeight": null, "zoneWidth": null, "gapYardX": null, "gapYardY": null, "blockingAssignmentPlayerIndex": null, "blockingAssignmentUnitIndex": null}}, {"model": "quiz.position", "pk": 26, "fields": {"startX": 30.165, "startY": 73.0, "name": "RG", "formation": 3, "routeCoordinates": null, "runCoordinates": null, "progressionRank": null, "playerIndex": 1, "routeNum": null, "blocker": null, "runner": null, "CBAssignmentPlayerID": null, "CBAssignmentPlayerIndex": null, "CBAssignmentPlayerPosition": null, "zoneYardX": null, "zoneYardY": null, "zoneHeight": null, "zoneWidth": null, "gapYardX": null, "gapYardY": null, "blockingAssignmentPlayerIndex": null, "blockingAssignmentUnitIndex": null}}, {"model": "quiz.position", "pk": 27, "fields": {"startX": 33.665, "startY": 73.0, "name": "RT", "formation": 3, "routeCoordinates": null, "runCoordinates": null, "progressionRank": null, "playerIndex": 2, "routeNum": null, "blocker": null, "runner": null, "CBAssignmentPlayerID": null, "CBAssignmentPlayerIndex": null, "CBAssignmentPlayerPosition": null, "zoneYardX": null, "zoneYardY": null, "zoneHeight": null, "zoneWidth": null, "gapYardX": null, "gapYardY": null, "blockingAssignmentPlayerIndex": null, "blockingAssignmentUnitIndex": null}}, {"model": "quiz.position", "pk": 28, "fields": {"startX": 26.4816656494141, "startY": 65.1, "name": "QB", "formation": 3, "routeCoordinates": null, "runCoordinates": null, "progressionRank": null, "playerIndex": 0, "routeNum": null, "blocker": null, "runner": null, "CBAssignmentPlayerID": null, "CBAssignmentPlayerIndex": null, "CBAssignmentPlayerPosition": null, "zoneYardX": null, "zoneYardY": null, "zoneHeight": null, "zoneWidth": null, "gapYardX": null, "gapYardY": null, "blockingAssignmentPlayerIndex": null, "blockingAssignmentUnitIndex": null}}, {"model": "quiz.position", "pk": 29, "fields": {"startX": 11.6816656494141, "startY": 72.9, "name": "WR", "formation": 3, "routeCoordinates": null, "runCoordinates": null, "progressionRank": null, "playerIndex": 5, "routeNum": null, "blocker": null, "runner": null, "CBAssignmentPlayerID": null, "CBAssignmentPlayerIndex": null, "CBAssignmentPlayerPosition": null, "zoneYardX": null, "zoneYardY": null, "zoneHeight": null, "zoneWidth": null, "gapYardX": null, "gapYardY": null, "blockingAssignmentPlayerIndex": null, "blockingAssignmentUnitIndex": null}}, {"model": "quiz.position", "pk": 30, "fields": {"startX": 22.1816656494141, "startY": 63.9, "name": "RB", "formation": 3, "routeCoordinates": null, "runCoordinates": null, "progressionRank": null, "playerIndex": 3, "routeNum": null, "blocker": null, "runner": null, "CBAssignmentPlayerID": null, "CBAssignmentPlayerIndex": null, "CBAssignmentPlayerPosition": null, "zoneYardX": null, "zoneYardY": null, "zoneHeight": null, "zoneWidth": null, "gapYardX": null, "gapYardY": null, "blockingAssignmentPlayerIndex": null, "blockingAssignmentUnitIndex": null}}, {"model": "quiz.position", "pk": 31, "fields": {"startX": 42.4816656494141, "startY": 72.9, "name": "WR", "formation": 3, "routeCoordinates": null, "runCoordinates": null, "progressionRank": null, "playerIndex": 6, "routeNum": null, "blocker": null, "runner": null, "CBAssignmentPlayerID": null, "CBAssignmentPlayerIndex": null, "CBAssignmentPlayerPosition": null, "zoneYardX": null, "zoneYardY": null, "zoneHeight": null, "zoneWidth": null, "gapYardX": null, "gapYardY": null, "blockingAssignmentPlayerIndex": null, "blockingAssignmentUnitIndex": null}}, {"model": "quiz.position", "pk": 32, "fields": {"startX": 36.8816656494141, "startY": 71.7, "name": "TE", "formation": 3, "routeCoordinates": null, "runCoordinates": null, "progressionRank": null, "playerIndex": 5, "routeNum": null, "blocker": null, "runner": null, "CBAssignmentPlayerID": null, "CBAssignmentPlayerIndex": null, "CBAssignmentPlayerPosition": null, "zoneYardX": null, "zoneYardY": null, "zoneHeight": null, "zoneWidth": null, "gapYardX": null, "gapYardY": null, "blockingAssignmentPlayerIndex": null, "blockingAssignmentUnitIndex": null}}, {"model": "quiz.position", "pk": 33, "fields": {"startX": 15.8816656494141, "startY": 71.8, "name": "WR", "formation": 3, "routeCoordinates": null, "runCoordinates": null, "progressionRank": null, "playerIndex": 7, "routeNum": null, "blocker": null, "runner": null, "CBAssignmentPlayerID": null, "CBAssignmentPlayerIndex": null, "CBAssignmentPlayerPosition": null, "zoneYardX": null, "zoneYardY": null, "zoneHeight": null, "zoneWidth": null, "gapYardX": null, "gapYardY": null, "blockingAssignmentPlayerIndex": null, "blockingAssignmentUnitIndex": null}}, {"model": "quiz.position", "pk": 34, "fields": {"startX": 36.5816656494141, "startY": 71.5, "name": "TE", "formation": null, "routeCoordinates": "[[36.5816656494141, 71.5], [36.48166564941406, 91.7]]", "runCoordinates": null, "progressionRank": 3, "playerIndex": null, "routeNum": null, "blocker": false, "runner": false, "CBAssignmentPlayerID": null, "CBAssignmentPlayerIndex": null, "CBAssignmentPlayerPosition": null, "zoneYardX": null, "zoneYardY": null, "zoneHeight": null, "zoneWidth": null, "gapYardX": null, "gapYardY": null, "blockingAssignmentPlayerIndex": null, "blockingAssignmentUnitIndex": null}}, {"model": "quiz.position", "pk": 35, "fields": {"startX": 16.8816656494141, "startY": 71.3, "name": "TE", "formation": null, "routeCoordinates": "[[16.8816656494141, 71.3], [17.081665649414063, 90.3]]", "runCoordinates": null, "progressionRank": 2, "playerIndex": null, "routeNum": null, "blocker": false, "runner": false, "CBAssignmentPlayerID": null, "CBAssignmentPlayerIndex": null, "CBAssignmentPlayerPosition": null, "zoneYardX": null, "zoneYardY": null, "zoneHeight": null, "zoneWidth": null, "gapYardX": null, "gapYardY": null, "blockingAssignmentPlayerIndex": null, "blockingAssignmentUnitIndex": null}}, {"model": "quiz.position", "pk": 36, "fields": {"startX": 26.9816656494141, "startY": 63.1, "name": "RB", "formation": null, "routeCoordinates": "[[26.9816656494141, 63.1], [26.18166564941406, 91.7]]", "runCoordinates": null, "progressionRank": 5, "playerIndex": null, "routeNum": null, "blocker": false, "runner": false, "CBAssignmentPlayerID": null, "CBAssignmentPlayerIndex": null, "CBAssignmentPlayerPosition": null, "zoneYardX": null, "zoneYardY": null, "zoneHeight": null, "zoneWidth": null, "gapYardX": null, "gapYardY": null, "blockingAssignmentPlayerIndex": null, "blockingAssignmentUnitIndex": null}}, {"model": "quiz.position", "pk": 37, "fields": {"startX": 11.7816656494141, "startY": 72.7, "name": "WR", "formation": null, "routeCoordinates": "[[11.7816656494141, 72.7], [11.381665649414062, 90.3]]", "runCoordinates": null, "progressionRank": 1, "playerIndex": null, "routeNum": null, "blocker": false, "runner": false, "CBAssignmentPlayerID": null, "CBAssignmentPlayerIndex": null, "CBAssignmentPlayerPosition": null, "zoneYardX": null, "zoneYardY": null, "zoneHeight": null, "zoneWidth": null, "gapYardX": null, "gapYardY": null, "blockingAssignmentPlayerIndex": null, "blockingAssignmentUnitIndex": null}}, {"model": "quiz.position", "pk": 38, "fields": {"startX": 41.7816656494141, "startY": 72.9, "name": "WR", "formation": null, "routeCoordinates": "[[41.7816656494141, 72.9], [42.28166564941406, 90.9]]", "runCoordinates": null, "progressionRank": 4, "playerIndex": null, "routeNum": null, "blocker": false, "runner": false, "CBAssignmentPlayerID": null, "CBAssignmentPlayerIndex": null, "CBAssignmentPlayerPosition": null, "zoneYardX": null, "zoneYardY": null, "zoneHeight": null, "zoneWidth": null, "gapYardX": null, "gapYardY": null, "blockingAssignmentPlayerIndex": null, "blockingAssignmentUnitIndex": null}}, {"model": "quiz.position", "pk": 39, "fields": {"startX": 26.665, "startY": 70.0, "name": "QB", "formation": null, "routeCoordinates": "[[26.665, 70]]", "runCoordinates": null, "progressionRank": 0, "playerIndex": null, "routeNum": null, "blocker": false, "runner": false, "CBAssignmentPlayerID": null, "CBAssignmentPlayerIndex": null, "CBAssignmentPlayerPosition": null, "zoneYardX": null, "zoneYardY": null, "zoneHeight": null, "zoneWidth": null, "gapYardX": null, "gapYardY": null, "blockingAssignmentPlayerIndex": null, "blockingAssignmentUnitIndex": null}}, {"model": "quiz.position", "pk": 40, "fields": {"startX": 33.665, "startY": 73.0, "name": "RT", "formation": null, "routeCoordinates": "[[33.665, 73]]", "runCoordinates": null, "progressionRank": 0, "playerIndex": null, "routeNum": null, "blocker": false, "runner": false, "CBAssignmentPlayerID": null, "CBAssignmentPlayerIndex": null, "CBAssignmentPlayerPosition": null, "zoneYardX": null, "zoneYardY": null, "zoneHeight": null, "zoneWidth": null, "gapYardX": null, "gapYardY": null, "blockingAssignmentPlayerIndex": null, "blockingAssignmentUnitIndex": null}}, {"model": "quiz.position", "pk": 41, "fields": {"startX": 30.165, "startY": 73.0, "name": "RG", "formation": null, "routeCoordinates": "[[30.165, 73]]", "runCoordinates": null, "progressionRank": 0, "playerIndex": null, "routeNum": null, "blocker": false, "runner": false, "CBAssignmentPlayerID": null, "CBAssignmentPlayerIndex": null, "CBAssignmentPlayerPosition": null, "zoneYardX": null, "zoneYardY": null, "zoneHeight": null, "zoneWidth": null, "gapYardX": null, "gapYardY": null, "blockingAssignmentPlayerIndex": null, "blockingAssignmentUnitIndex": null}}, {"model": "quiz.position", "pk": 42, "fields": {"startX": 26.665, "startY": 73.5, "name": "C", "formation": null, "routeCoordinates": "[[26.665, 73.5]]", "runCoordinates": null, "progressionRank": 0, "playerIndex": null, "routeNum": null, "blocker": false, "runner": false, "CBAssignmentPlayerID": null, "CBAssignmentPlayerIndex": null, "CBAssignmentPlayerPosition": null, "zoneYardX": null, "zoneYardY": null, "zoneHeight": null, "zoneWidth": null, "gapYardX": null, "gapYardY": null, "blockingAssignmentPlayerIndex": null, "blockingAssignmentUnitIndex": null}}, {"model": "quiz.position", "pk": 43, "fields": {"startX": 23.165, "startY": 73.0, "name": "LG", "formation": null, "routeCoordinates": "[[23.165, 73]]", "runCoordinates": null, "progressionRank": 0, "playerIndex": null, "routeNum": null, "blocker": false, "runner": false, "CBAssignmentPlayerID": null, "CBAssignmentPlayerIndex": null, "CBAssignmentPlayerPosition": null, "zoneYardX": null, "zoneYardY": null, "zoneHeight": null, "zoneWidth": null, "gapYardX": null, "gapYardY": null, "blockingAssignmentPlayerIndex": null, "blockingAssignmentUnitIndex": null}}, {"model": "quiz.position", "pk": 44, "fields": {"startX": 19.665, "startY": 73.0, "name": "LT", "formation": null, "routeCoordinates": "[[19.665, 73]]", "runCoordinates": null, "progressionRank": 0, "playerIndex": null, "routeNum": null, "blocker": false, "runner": false, "CBAssignmentPlayerID": null, "CBAssignmentPlayerIndex": null, "CBAssignmentPlayerPosition": null, "zoneYardX": null, "zoneYardY": null, "zoneHeight": null, "zoneWidth": null, "gapYardX": null, "gapYardY": null, "blockingAssignmentPlayerIndex": null, "blockingAssignmentUnitIndex": null}}, {"model": "quiz.position", "pk": 45, "fields": {"startX": 36.5816656494141, "startY": 71.5, "name": "TE", "formation": null, "routeCoordinates": "[[36.5816656494141, 71.5], [36.48166564941406, 81.3], [44.08166564941406, 80.6]]", "runCoordinates": null, "progressionRank": 3, "playerIndex": null, "routeNum": null, "blocker": false, "runner": false, "CBAssignmentPlayerID": null, "CBAssignmentPlayerIndex": null, "CBAssignmentPlayerPosition": null, "zoneYardX": null, "zoneYardY": null, "zoneHeight": null, "zoneWidth": null, "gapYardX": null, "gapYardY": null, "blockingAssignmentPlayerIndex": null, "blockingAssignmentUnitIndex": null}}, {"model": "quiz.position", "pk": 46, "fields": {"startX": 16.8816656494141, "startY": 71.3, "name": "TE", "formation": null, "routeCoordinates": "[[16.8816656494141, 71.3], [16.48166564941406, 86.6], [9.281665649414062, 86.6]]", "runCoordinates": null, "progressionRank": 2, "playerIndex": null, "routeNum": null, "blocker": false, "runner": false, "CBAssignmentPlayerID": null, "CBAssignmentPlayerIndex": null, "CBAssignmentPlayerPosition": null, "zoneYardX": null, "zoneYardY": null, "zoneHeight": null, "zoneWidth": null, "gapYardX": null, "gapYardY": null, "blockingAssignmentPlayerIndex": null, "blockingAssignmentUnitIndex": null}}, {"model": "quiz.position", "pk": 47, "fields": {"startX": 26.9816656494141, "startY": 63.1, "name": "RB", "formation": null, "routeCoordinates": "[[26.9816656494141, 63.1]]", "runCoordinates": null, "progressionRank": 0, "playerIndex": null, "routeNum": null, "blocker": false, "runner": false, "CBAssignmentPlayerID": null, "CBAssignmentPlayerIndex": null, "CBAssignmentPlayerPosition": null, "zoneYardX": null, "zoneYardY": null, "zoneHeight": null, "zoneWidth": null, "gapYardX": null, "gapYardY": null, "blockingAssignmentPlayerIndex": null, "blockingAssignmentUnitIndex": null}}, {"model": "quiz.position", "pk": 48, "fields": {"startX": 11.7816656494141, "startY": 72.7, "name": "WR", "formation": null, "routeCoordinates": "[[11.7816656494141, 72.7], [11.681665649414061, 81.5], [8.481665649414062, 81.5]]", "runCoordinates": null, "progressionRank": 1, "playerIndex": null, "routeNum": null, "blocker": false, "runner": false, "CBAssignmentPlayerID": null, "CBAssignmentPlayerIndex": null, "CBAssignmentPlayerPosition": null, "zoneYardX": null, "zoneYardY": null, "zoneHeight": null, "zoneWidth": null, "gapYardX": null, "gapYardY": null, "blockingAssignmentPlayerIndex": null, "blockingAssignmentUnitIndex": null}}, {"model": "quiz.position", "pk": 49, "fields": {"startX": 41.7816656494141, "startY": 72.9, "name": "WR", "formation": null, "routeCoordinates": "[[41.7816656494141, 72.9], [41.48166564941406, 85.8], [44.98166564941406, 85.9]]", "runCoordinates": null, "progressionRank": 4, "playerIndex": null, "routeNum": null, "blocker": false, "runner": false, "CBAssignmentPlayerID": null, "CBAssignmentPlayerIndex": null, "CBAssignmentPlayerPosition": null, "zoneYardX": null, "zoneYardY": null, "zoneHeight": null, "zoneWidth": null, "gapYardX": null, "gapYardY": null, "blockingAssignmentPlayerIndex": null, "blockingAssignmentUnitIndex": null}}, {"model": "quiz.position", "pk": 50, "fields": {"startX": 26.665, "startY": 70.0, "name": "QB", "formation": null, "routeCoordinates": "[[26.665, 70]]", "runCoordinates": null, "progressionRank": 0, "playerIndex": null, "routeNum": null, "blocker": false, "runner": false, "CBAssignmentPlayerID": null, "CBAssignmentPlayerIndex": null, "CBAssignmentPlayerPosition": null, "zoneYardX": null, "zoneYardY": null, "zoneHeight": null, "zoneWidth": null, "gapYardX": null, "gapYardY": null, "blockingAssignmentPlayerIndex": null, "blockingAssignmentUnitIndex": null}}, {"model": "quiz.position", "pk": 51, "fields": {"startX": 33.665, "startY": 73.0, "name": "RT", "formation": null, "routeCoordinates": "[[33.665, 73]]", "runCoordinates": null, "progressionRank": 0, "playerIndex": null, "routeNum": null, "blocker": false, "runner": false, "CBAssignmentPlayerID": null, "CBAssignmentPlayerIndex": null, "CBAssignmentPlayerPosition": null, "zoneYardX": null, "zoneYardY": null, "zoneHeight": null, "zoneWidth": null, "gapYardX": null, "gapYardY": null, "blockingAssignmentPlayerIndex": null, "blockingAssignmentUnitIndex": null}}, {"model": "quiz.position", "pk": 52, "fields": {"startX": 30.165, "startY": 73.0, "name": "RG", "formation": null, "routeCoordinates": "[[30.165, 73]]", "runCoordinates": null, "progressionRank": 0, "playerIndex": null, "routeNum": null, "blocker": false, "runner": false, "CBAssignmentPlayerID": null, "CBAssignmentPlayerIndex": null, "CBAssignmentPlayerPosition": null, "zoneYardX": null, "zoneYardY": null, "zoneHeight": null, "zoneWidth": null, "gapYardX": null, "gapYardY": null, "blockingAssignmentPlayerIndex": null, "blockingAssignmentUnitIndex": null}}, {"model": "quiz.position", "pk": 53, "fields": {"startX": 26.665, "startY": 73.5, "name": "C", "formation": null, "routeCoordinates": "[[26.665, 73.5]]", "runCoordinates": null, "progressionRank": 0, "playerIndex": null, "routeNum": null, "blocker": false, "runner": false, "CBAssignmentPlayerID": null, "CBAssignmentPlayerIndex": null, "CBAssignmentPlayerPosition": null, "zoneYardX": null, "zoneYardY": null, "zoneHeight": null, "zoneWidth": null, "gapYardX": null, "gapYardY": null, "blockingAssignmentPlayerIndex": null, "blockingAssignmentUnitIndex": null}}, {"model": "quiz.position", "pk": 54, "fields": {"startX": 23.165, "startY": 73.0, "name": "LG", "formation": null, "routeCoordinates": "[[23.165, 73]]", "runCoordinates": null, "progressionRank": 0, "playerIndex": null, "routeNum": null, "blocker": false, "runner": false, "CBAssignmentPlayerID": null, "CBAssignmentPlayerIndex": null, "CBAssignmentPlayerPosition": null, "zoneYardX": null, "zoneYardY": null, "zoneHeight": null, "zoneWidth": null, "gapYardX": null, "gapYardY": null, "blockingAssignmentPlayerIndex": null, "blockingAssignmentUnitIndex": null}}, {"model": "quiz.position", "pk": 55, "fields": {"startX": 19.665, "startY": 73.0, "name": "LT", "formation": null, "routeCoordinates": "[[19.665, 73]]", "runCoordinates": null, "progressionRank": 0, "playerIndex": null, "routeNum": null, "blocker": false, "runner": false, "CBAssignmentPlayerID": null, "CBAssignmentPlayerIndex": null, "CBAssignmentPlayerPosition": null, "zoneYardX": null, "zoneYardY": null, "zoneHeight": null, "zoneWidth": null, "gapYardX": null, "gapYardY": null, "blockingAssignmentPlayerIndex": null, "blockingAssignmentUnitIndex": null}}, {"model": "quiz.position", "pk": 266, "fields": {"startX": 20.0, "startY": 76.0, "name": "DE", "formation": 26, "routeCoordinates": null, "runCoordinates": null, "progressionRank": null, "playerIndex": null, "routeNum": null, "blocker": null, "runner": null, "CBAssignmentPlayerID": null, "CBAssignmentPlayerIndex": null, "CBAssignmentPlayerPosition": null, "zoneYardX": null, "zoneYardY": null, "zoneHeight": null, "zoneWidth": null, "gapYardX": 19.7816656494141, "gapYardY": 69.2333343505859, "blockingAssignmentPlayerIndex": null, "blockingAssignmentUnitIndex": null}}, {"model": "quiz.position", "pk": 267, "fields": {"startX": 33.0, "startY": 76.0, "name": "DE", "formation": 26, "routeCoordinates": null, "runCoordinates": null, "progressionRank": null, "playerIndex": null, "routeNum": null, "blocker": null, "runner": null, "CBAssignmentPlayerID": null, "CBAssignmentPlayerIndex": null, "CBAssignmentPlayerPosition": null, "zoneYardX": null, "zoneYardY": null, "zoneHeight": null, "zoneWidth": null, "gapYardX": 32.1816656494141, "gapYardY": 70.4333343505859, "blockingAssignmentPlayerIndex": null, "blockingAssignmentUnitIndex": null}}, {"model": "quiz.position", "pk": 268, "fields": {"startX": 24.0, "startY": 76.0, "name": "DL", "formation": 26, "routeCoordinates": null, "runCoordinates": null, "progressionRank": null, "playerIndex": null, "routeNum": null, "blocker": null, "runner": null, "CBAssignmentPlayerID": null, "CBAssignmentPlayerIndex": null, "CBAssignmentPlayerPosition": null, "zoneYardX": null, "zoneYardY": null, "zoneHeight": null, "zoneWidth": null, "gapYardX": 23.7816656494141, "gapYardY": 70.8333343505859, "blockingAssignmentPlayerIndex": null, "blockingAssignmentUnitIndex": null}}, {"model": "quiz.position", "pk": 269, "fields": {"startX": 28.0, "startY": 76.0, "name": "DL", "formation": 26, "routeCoordinates": null, "runCoordinates": null, "progressionRank": null, "playerIndex": null, "routeNum": null, "blocker": null, "runner": null, "CBAssignmentPlayerID": null, "CBAssignmentPlayerIndex": null, "CBAssignmentPlayerPosition": null, "zoneYardX": null, "zoneYardY": null, "zoneHeight": null, "zoneWidth": null, "gapYardX": 28.4816656494141, "gapYardY": 69.4333343505859, "blockingAssignmentPlayerIndex": null, "blockingAssignmentUnitIndex": null}}, {"model": "quiz.position", "pk": 270, "fields": {"startX": 16.9816656494141, "startY": 78.8333343505859, "name": "W", "formation": 26, "routeCoordinates": null, "runCoordinates": null, "progressionRank": null, "playerIndex": null, "routeNum": null, "blocker": null, "runner": null, "CBAssignmentPlayerID": 21, "CBAssignmentPlayerIndex": 3, "CBAssignmentPlayerPosition": "TE", "zoneYardX": null, "zoneYardY": null, "zoneHeight": null, "zoneWidth": null, "gapYardX": null, "gapYardY": null, "blockingAssignmentPlayerIndex": null, "blockingAssignmentUnitIndex": null}}, {"model": "quiz.position", "pk": 271, "fields": {"startX": 27.0, "startY": 80.0, "name": "M", "formation": 26, "routeCoordinates": null, "runCoordinates": null, "progressionRank": null, "playerIndex": null, "routeNum": null, "blocker": null, "runner": null, "CBAssignmentPlayerID": 20, "CBAssignmentPlayerIndex": 2, "CBAssignmentPlayerPosition": "RB", "zoneYardX": null, "zoneYardY": null, "zoneHeight": null, "zoneWidth": null, "gapYardX": null, "gapYardY": null, "blockingAssignmentPlayerIndex": null, "blockingAssignmentUnitIndex": null}}, {"model": "quiz.position", "pk": 272, "fields": {"startX": 36.0816656494141, "startY": 78.8333343505859, "name": "S", "formation": 26, "routeCoordinates": null, "runCoordinates": null, "progressionRank": null, "playerIndex": null, "routeNum": null, "blocker": null, "runner": null, "CBAssignmentPlayerID": 22, "CBAssignmentPlayerIndex": 4, "CBAssignmentPlayerPosition": "TE", "zoneYardX": null, "zoneYardY": null, "zoneHeight": null, "zoneWidth": null, "gapYardX": null, "gapYardY": null, "blockingAssignmentPlayerIndex": null, "blockingAssignmentUnitIndex": null}}, {"model": "quiz.position", "pk": 273, "fields": {"startX": 12.0, "startY": 76.0, "name": "CB", "formation": 26, "routeCoordinates": null, "runCoordinates": null, "progressionRank": null, "playerIndex": null, "routeNum": null, "blocker": null, "runner": null, "CBAssignmentPlayerID": 19, "CBAssignmentPlayerIndex": 4, "CBAssignmentPlayerPosition": "WR", "zoneYardX": null, "zoneYardY": null, "zoneHeight": null, "zoneWidth": null, "gapYardX": null, "gapYardY": null, "blockingAssignmentPlayerIndex": null, "blockingAssignmentUnitIndex": null}}, {"model": "quiz.position", "pk": 274, "fields": {"startX": 41.4816656494141, "startY": 77.4333343505859, "name": "CB", "formation": 26, "routeCoordinates": null, "runCoordinates": null, "progressionRank": null, "playerIndex": null, "routeNum": null, "blocker": null, "runner": null, "CBAssignmentPlayerID": 18, "CBAssignmentPlayerIndex": 3, "CBAssignmentPlayerPosition": "WR", "zoneYardX": null, "zoneYardY": null, "zoneHeight": null, "zoneWidth": null, "gapYardX": null, "gapYardY": null, "blockingAssignmentPlayerIndex": null, "blockingAssignmentUnitIndex": null}}, {"model": "quiz.position", "pk": 275, "fields": {"startX": 29.0, "startY": 85.0, "name": "SS", "formation": 26, "routeCoordinates": null, "runCoordinates": null, "progressionRank": null, "playerIndex": null, "routeNum": null, "blocker": null, "runner": null, "CBAssignmentPlayerID": null, "CBAssignmentPlayerIndex": null, "CBAssignmentPlayerPosition": null, "zoneYardX": 34.4816656494141, "zoneYardY": 89.6333343505859, "zoneHeight": null, "zoneWidth": null, "gapYardX": null, "gapYardY": null, "blockingAssignmentPlayerIndex": null, "blockingAssignmentUnitIndex": null}}, {"model": "quiz.position", "pk": 276, "fields": {"startX": 20.0, "startY": 85.0, "name": "FS", "formation": 26, "routeCoordinates": null, "runCoordinates": null, "progressionRank": null, "playerIndex": null, "routeNum": null, "blocker": null, "runner": null, "CBAssignmentPlayerID": null, "CBAssignmentPlayerIndex": null, "CBAssignmentPlayerPosition": null, "zoneYardX": 13.7816656494141, "zoneYardY": 89.2333343505859, "zoneHeight": null, "zoneWidth": null, "gapYardX": null, "gapYardY": null, "blockingAssignmentPlayerIndex": null, "blockingAssignmentUnitIndex": null}}, {"model": "quiz.position", "pk": 277, "fields": {"startX": 20.0, "startY": 76.0, "name": "DE", "formation": 27, "routeCoordinates": null, "runCoordinates": null, "progressionRank": null, "playerIndex": null, "routeNum": null, "blocker": null, "runner": null, "CBAssignmentPlayerID": null, "CBAssignmentPlayerIndex": null, "CBAssignmentPlayerPosition": null, "zoneYardX": null, "zoneYardY": null, "zoneHeight": null, "zoneWidth": null, "gapYardX": 20.8816656494141, "gapYardY": 70.3, "blockingAssignmentPlayerIndex": null, "blockingAssignmentUnitIndex": null}}, {"model": "quiz.position", "pk": 278, "fields": {"startX": 33.0, "startY": 76.0, "name": "DE", "formation": 27, "routeCoordinates": null, "runCoordinates": null, "progressionRank": null, "playerIndex": null, "routeNum": null, "blocker": null, "runner": null, "CBAssignmentPlayerID": null, "CBAssignmentPlayerIndex": null, "CBAssignmentPlayerPosition": null, "zoneYardX": null, "zoneYardY": null, "zoneHeight": null, "zoneWidth": null, "gapYardX": 32.8816656494141, "gapYardY": 70.3, "blockingAssignmentPlayerIndex": null, "blockingAssignmentUnitIndex": null}}, {"model": "quiz.position", "pk": 279, "fields": {"startX": 24.0, "startY": 76.0, "name": "DL", "formation": 27, "routeCoordinates": null, "runCoordinates": null, "progressionRank": null, "playerIndex": null, "routeNum": null, "blocker": null, "runner": null, "CBAssignmentPlayerID": null, "CBAssignmentPlayerIndex": null, "CBAssignmentPlayerPosition": null, "zoneYardX": null, "zoneYardY": null, "zoneHeight": null, "zoneWidth": null, "gapYardX": 25.7816656494141, "gapYardY": 70.6, "blockingAssignmentPlayerIndex": null, "blockingAssignmentUnitIndex": null}}, {"model": "quiz.position", "pk": 280, "fields": {"startX": 28.0, "startY": 76.0, "name": "DL", "formation": 27, "routeCoordinates": null, "runCoordinates": null, "progressionRank": null, "playerIndex": null, "routeNum": null, "blocker": null, "runner": null, "CBAssignmentPlayerID": null, "CBAssignmentPlayerIndex": null, "CBAssignmentPlayerPosition": null, "zoneYardX": null, "zoneYardY": null, "zoneHeight": null, "zoneWidth": null, "gapYardX": 28.4816656494141, "gapYardY": 70.5, "blockingAssignmentPlayerIndex": null, "blockingAssignmentUnitIndex": null}}, {"model": "quiz.position", "pk": 281, "fields": {"startX": 16.4816656494141, "startY": 77.9, "name": "W", "formation": 27, "routeCoordinates": null, "runCoordinates": null, "progressionRank": null, "playerIndex": null, "routeNum": null, "blocker": null, "runner": null, "CBAssignmentPlayerID": 33, "CBAssignmentPlayerIndex": 7, "CBAssignmentPlayerPosition": "WR", "zoneYardX": null, "zoneYardY": null, "zoneHeight": null, "zoneWidth": null, "gapYardX": null, "gapYardY": null, "blockingAssignmentPlayerIndex": null, "blockingAssignmentUnitIndex": null}}, {"model": "quiz.position", "pk": 282, "fields": {"startX": 22.1816656494141, "startY": 79.5, "name": "M", "formation": 27, "routeCoordinates": null, "runCoordinates": null, "progressionRank": null, "playerIndex": null, "routeNum": null, "blocker": null, "runner": null, "CBAssignmentPlayerID": 30, "CBAssignmentPlayerIndex": 3, "CBAssignmentPlayerPosition": "RB", "zoneYardX": null, "zoneYardY": null, "zoneHeight": null, "zoneWidth": null, "gapYardX": null, "gapYardY": null, "blockingAssignmentPlayerIndex": null, "blockingAssignmentUnitIndex": null}}, {"model": "quiz.position", "pk": 283, "fields": {"startX": 35.3816656494141, "startY": 78.7, "name": "S", "formation": 27, "routeCoordinates": null, "runCoordinates": null, "progressionRank": null, "playerIndex": null, "routeNum": null, "blocker": null, "runner": null, "CBAssignmentPlayerID": 32, "CBAssignmentPlayerIndex": 5, "CBAssignmentPlayerPosition": "TE", "zoneYardX": null, "zoneYardY": null, "zoneHeight": null, "zoneWidth": null, "gapYardX": null, "gapYardY": null, "blockingAssignmentPlayerIndex": null, "blockingAssignmentUnitIndex": null}}, {"model": "quiz.position", "pk": 284, "fields": {"startX": 12.0, "startY": 76.0, "name": "CB", "formation": 27, "routeCoordinates": null, "runCoordinates": null, "progressionRank": null, "playerIndex": null, "routeNum": null, "blocker": null, "runner": null, "CBAssignmentPlayerID": 29, "CBAssignmentPlayerIndex": 5, "CBAssignmentPlayerPosition": "WR", "zoneYardX": null, "zoneYardY": null, "zoneHeight": null, "zoneWidth": null, "gapYardX": null, "gapYardY": null, "blockingAssignmentPlayerIndex": null, "blockingAssignmentUnitIndex": null}}, {"model": "quiz.position", "pk": 285, "fields": {"startX": 41.3816656494141, "startY": 77.3, "name": "CB", "formation": 27, "routeCoordinates": null, "runCoordinates": null, "progressionRank": null, "playerIndex": null, "routeNum": null, "blocker": null, "runner": null, "CBAssignmentPlayerID": 31, "CBAssignmentPlayerIndex": 6, "CBAssignmentPlayerPosition": "WR", "zoneYardX": null, "zoneYardY": null, "zoneHeight": null, "zoneWidth": null, "gapYardX": null, "gapYardY": null, "blockingAssignmentPlayerIndex": null, "blockingAssignmentUnitIndex": null}}, {"model": "quiz.position", "pk": 286, "fields": {"startX": 29.0, "startY": 85.0, "name": "SS", "formation": 27, "routeCoordinates": null, "runCoordinates": null, "progressionRank": null, "playerIndex": null, "routeNum": null, "blocker": null, "runner": null, "CBAssignmentPlayerID": null, "CBAssignmentPlayerIndex": null, "CBAssignmentPlayerPosition": null, "zoneYardX": 35.4816656494141, "zoneYardY": 87.9, "zoneHeight": null, "zoneWidth": null, "gapYardX": null, "gapYardY": null, "blockingAssignmentPlayerIndex": null, "blockingAssignmentUnitIndex": null}}, {"model": "quiz.position", "pk": 287, "fields": {"startX": 20.0, "startY": 85.0, "name": "FS", "formation": 27, "routeCoordinates": null, "runCoordinates": null, "progressionRank": null, "playerIndex": null, "routeNum": null, "blocker": null, "runner": null, "CBAssignmentPlayerID": null, "CBAssignmentPlayerIndex": null, "CBAssignmentPlayerPosition": null, "zoneYardX": 13.8816656494141, "zoneYardY": 87.4, "zoneHeight": null, "zoneWidth": null, "gapYardX": null, "gapYardY": null, "blockingAssignmentPlayerIndex": null, "blockingAssignmentUnitIndex": null}}, {"model": "quiz.position", "pk": 288, "fields": {"startX": 19.665, "startY": 73.0, "name": "LT", "formation": 28, "routeCoordinates": null, "runCoordinates": null, "progressionRank": null, "playerIndex": -2, "routeNum": null, "blocker": null, "runner": null, "CBAssignmentPlayerID": null, "CBAssignmentPlayerIndex": null, "CBAssignmentPlayerPosition": null, "zoneYardX": null, "zoneYardY": null, "zoneHeight": null, "zoneWidth": null, "gapYardX": null, "gapYardY": null, "blockingAssignmentPlayerIndex": null, "blockingAssignmentUnitIndex": null}}, {"model": "quiz.position", "pk": 289, "fields": {"startX": 23.165, "startY": 73.0, "name": "LG", "formation": 28, "routeCoordinates": null, "runCoordinates": null, "progressionRank": null, "playerIndex": -1, "routeNum": null, "blocker": null, "runner": null, "CBAssignmentPlayerID": null, "CBAssignmentPlayerIndex": null, "CBAssignmentPlayerPosition": null, "zoneYardX": null, "zoneYardY": null, "zoneHeight": null, "zoneWidth": null, "gapYardX": null, "gapYardY": null, "blockingAssignmentPlayerIndex": null, "blockingAssignmentUnitIndex": null}}, {"model": "quiz.position", "pk": 290, "fields": {"startX": 26.665, "startY": 73.5, "name": "C", "formation": 28, "routeCoordinates": null, "runCoordinates": null, "progressionRank": null, "playerIndex": 0, "routeNum": null, "blocker": null, "runner": null, "CBAssignmentPlayerID": null, "CBAssignmentPlayerIndex": null, "CBAssignmentPlayerPosition": null, "zoneYardX": null, "zoneYardY": null, "zoneHeight": null, "zoneWidth": null, "gapYardX": null, "gapYardY": null, "blockingAssignmentPlayerIndex": null, "blockingAssignmentUnitIndex": null}}, {"model": "quiz.position", "pk": 291, "fields": {"startX": 30.165, "startY": 73.0, "name": "RG", "formation": 28, "routeCoordinates": null, "runCoordinates": null, "progressionRank": null, "playerIndex": 1, "routeNum": null, "blocker": null, "runner": null, "CBAssignmentPlayerID": null, "CBAssignmentPlayerIndex": null, "CBAssignmentPlayerPosition": null, "zoneYardX": null, "zoneYardY": null, "zoneHeight": null, "zoneWidth": null, "gapYardX": null, "gapYardY": null, "blockingAssignmentPlayerIndex": null, "blockingAssignmentUnitIndex": null}}, {"model": "quiz.position", "pk": 292, "fields": {"startX": 33.665, "startY": 73.0, "name": "RT", "formation": 28, "routeCoordinates": null, "runCoordinates": null, "progressionRank": null, "playerIndex": 2, "routeNum": null, "blocker": null, "runner": null, "CBAssignmentPlayerID": null, "CBAssignmentPlayerIndex": null, "CBAssignmentPlayerPosition": null, "zoneYardX": null, "zoneYardY": null, "zoneHeight": null, "zoneWidth": null, "gapYardX": null, "gapYardY": null, "blockingAssignmentPlayerIndex": null, "blockingAssignmentUnitIndex": null}}, {"model": "quiz.position", "pk": 293, "fields": {"startX": 26.665, "startY": 70.0, "name": "QB", "formation": 28, "routeCoordinates": null, "runCoordinates": null, "progressionRank": null, "playerIndex": 0, "routeNum": null, "blocker": null, "runner": null, "CBAssignmentPlayerID": null, "CBAssignmentPlayerIndex": null, "CBAssignmentPlayerPosition": null, "zoneYardX": null, "zoneYardY": null, "zoneHeight": null, "zoneWidth": null, "gapYardX": null, "gapYardY": null, "blockingAssignmentPlayerIndex": null, "blockingAssignmentUnitIndex": null}}, {"model": "quiz.position", "pk": 294, "fields": {"startX": 16.6816656494141, "startY": 72.9, "name": "TE", "formation": 28, "routeCoordinates": null, "runCoordinates": null, "progressionRank": null, "playerIndex": 1, "routeNum": null, "blocker": null, "runner": null, "CBAssignmentPlayerID": null, "CBAssignmentPlayerIndex": null, "CBAssignmentPlayerPosition": null, "zoneYardX": null, "zoneYardY": null, "zoneHeight": null, "zoneWidth": null, "gapYardX": null, "gapYardY": null, "blockingAssignmentPlayerIndex": null, "blockingAssignmentUnitIndex": null}}, {"model": "quiz.position", "pk": 295, "fields": {"startX": 36.9816656494141, "startY": 73.3, "name": "TE", "formation": 28, "routeCoordinates": null, "runCoordinates": null, "progressionRank": null, "playerIndex": 2, "routeNum": null, "blocker": null, "runner": null, "CBAssignmentPlayerID": null, "CBAssignmentPlayerIndex": null, "CBAssignmentPlayerPosition": null, "zoneYardX": null, "zoneYardY": null, "zoneHeight": null, "zoneWidth": null, "gapYardX": null, "gapYardY": null, "blockingAssignmentPlayerIndex": null, "blockingAssignmentUnitIndex": null}}, {"model": "quiz.position", "pk": 296, "fields": {"startX": 40.0816656494141, "startY": 72.3, "name": "TE", "formation": 28, "routeCoordinates": null, "runCoordinates": null, "progressionRank": null, "playerIndex": 3, "routeNum": null, "blocker": null, "runner": null, "CBAssignmentPlayerID": null, "CBAssignmentPlayerIndex": null, "CBAssignmentPlayerPosition": null, "zoneYardX": null, "zoneYardY": null, "zoneHeight": null, "zoneWidth": null, "gapYardX": null, "gapYardY": null, "blockingAssignmentPlayerIndex": null, "blockingAssignmentUnitIndex": null}}, {"model": "quiz.position", "pk": 297, "fields": {"startX": 26.8816656494141, "startY": 61.9, "name": "RB", "formation": 28, "routeCoordinates": null, "runCoordinates": null, "progressionRank": null, "playerIndex": 1, "routeNum": null, "blocker": null, "runner": null, "CBAssignmentPlayerID": null, "CBAssignmentPlayerIndex": null, "CBAssignmentPlayerPosition": null, "zoneYardX": null, "zoneYardY": null, "zoneHeight": null, "zoneWidth": null, "gapYardX": null, "gapYardY": null, "blockingAssignmentPlayerIndex": null, "blockingAssignmentUnitIndex": null}}, {"model": "quiz.position", "pk": 298, "fields": {"startX": 26.8816656494141, "startY": 65.8, "name": "RB", "formation": 28, "routeCoordinates": null, "runCoordinates": null, "progressionRank": null, "playerIndex": 2, "routeNum": null, "blocker": null, "runner": null, "CBAssignmentPlayerID": null, "CBAssignmentPlayerIndex": null, "CBAssignmentPlayerPosition": null, "zoneYardX": null, "zoneYardY": null, "zoneHeight": null, "zoneWidth": null, "gapYardX": null, "gapYardY": null, "blockingAssignmentPlayerIndex": null, "blockingAssignmentUnitIndex": null}}, {"model": "quiz.position", "pk": 299, "fields": {"startX": 20.0, "startY": 76.0, "name": "DE", "formation": 29, "routeCoordinates": null, "runCoordinates": null, "progressionRank": null, "playerIndex": null, "routeNum": null, "blocker": null, "runner": null, "CBAssignmentPlayerID": null, "CBAssignmentPlayerIndex": null, "CBAssignmentPlayerPosition": null, "zoneYardX": null, "zoneYardY": null, "zoneHeight": null, "zoneWidth": null, "gapYardX": 21.0816656494141, "gapYardY": 71.0, "blockingAssignmentPlayerIndex": null, "blockingAssignmentUnitIndex": null}}, {"model": "quiz.position", "pk": 300, "fields": {"startX": 33.0, "startY": 76.0, "name": "DE", "formation": 29, "routeCoordinates": null, "runCoordinates": null, "progressionRank": null, "playerIndex": null, "routeNum": null, "blocker": null, "runner": null, "CBAssignmentPlayerID": null, "CBAssignmentPlayerIndex": null, "CBAssignmentPlayerPosition": null, "zoneYardX": null, "zoneYardY": null, "zoneHeight": null, "zoneWidth": null, "gapYardX": 31.8816656494141, "gapYardY": 69.5, "blockingAssignmentPlayerIndex": null, "blockingAssignmentUnitIndex": null}}, {"model": "quiz.position", "pk": 301, "fields": {"startX": 24.0, "startY": 76.0, "name": "DL", "formation": 29, "routeCoordinates": null, "runCoordinates": null, "progressionRank": null, "playerIndex": null, "routeNum": null, "blocker": null, "runner": null, "CBAssignmentPlayerID": null, "CBAssignmentPlayerIndex": null, "CBAssignmentPlayerPosition": null, "zoneYardX": null, "zoneYardY": null, "zoneHeight": null, "zoneWidth": null, "gapYardX": 23.6816656494141, "gapYardY": 70.1, "blockingAssignmentPlayerIndex": null, "blockingAssignmentUnitIndex": null}}, {"model": "quiz.position", "pk": 302, "fields": {"startX": 28.0, "startY": 76.0, "name": "DL", "formation": 29, "routeCoordinates": null, "runCoordinates": null, "progressionRank": null, "playerIndex": null, "routeNum": null, "blocker": null, "runner": null, "CBAssignmentPlayerID": null, "CBAssignmentPlayerIndex": null, "CBAssignmentPlayerPosition": null, "zoneYardX": null, "zoneYardY": null, "zoneHeight": null, "zoneWidth": null, "gapYardX": 28.9816656494141, "gapYardY": 70.1, "blockingAssignmentPlayerIndex": null, "blockingAssignmentUnitIndex": null}}, {"model": "quiz.position", "pk": 303, "fields": {"startX": 21.0, "startY": 79.0, "name": "W", "formation": 29, "routeCoordinates": null, "runCoordinates": null, "progressionRank": null, "playerIndex": null, "routeNum": null, "blocker": null, "runner": null, "CBAssignmentPlayerID": 298, "CBAssignmentPlayerIndex": 2, "CBAssignmentPlayerPosition": "RB", "zoneYardX": null, "zoneYardY": null, "zoneHeight": null, "zoneWidth": null, "gapYardX": null, "gapYardY": null, "blockingAssignmentPlayerIndex": null, "blockingAssignmentUnitIndex": null}}, {"model": "quiz.position", "pk": 304, "fields": {"startX": 27.0, "startY": 80.0, "name": "M", "formation": 29, "routeCoordinates": null, "runCoordinates": null, "progressionRank": null, "playerIndex": null, "routeNum": null, "blocker": null, "runner": null, "CBAssignmentPlayerID": 297, "CBAssignmentPlayerIndex": 1, "CBAssignmentPlayerPosition": "RB", "zoneYardX": null, "zoneYardY": null, "zoneHeight": null, "zoneWidth": null, "gapYardX": null, "gapYardY": null, "blockingAssignmentPlayerIndex": null, "blockingAssignmentUnitIndex": null}}, {"model": "quiz.position", "pk": 305, "fields": {"startX": 33.4816656494141, "startY": 78.2, "name": "S", "formation": 29, "routeCoordinates": null, "runCoordinates": null, "progressionRank": null, "playerIndex": null, "routeNum": null, "blocker": null, "runner": null, "CBAssignmentPlayerID": 295, "CBAssignmentPlayerIndex": 2, "CBAssignmentPlayerPosition": "TE", "zoneYardX": null, "zoneYardY": null, "zoneHeight": null, "zoneWidth": null, "gapYardX": null, "gapYardY": null, "blockingAssignmentPlayerIndex": null, "blockingAssignmentUnitIndex": null}}, {"model": "quiz.position", "pk": 306, "fields": {"startX": 16.0816656494141, "startY": 76.3, "name": "CB", "formation": 29, "routeCoordinates": null, "runCoordinates": null, "progressionRank": null, "playerIndex": null, "routeNum": null, "blocker": null, "runner": null, "CBAssignmentPlayerID": 294, "CBAssignmentPlayerIndex": 1, "CBAssignmentPlayerPosition": "TE", "zoneYardX": null, "zoneYardY": null, "zoneHeight": null, "zoneWidth": null, "gapYardX": null, "gapYardY": null, "blockingAssignmentPlayerIndex": null, "blockingAssignmentUnitIndex": null}}, {"model": "quiz.position", "pk": 307, "fields": {"startX": 42.0816656494141, "startY": 76.6, "name": "CB", "formation": 29, "routeCoordinates": null, "runCoordinates": null, "progressionRank": null, "playerIndex": null, "routeNum": null, "blocker": null, "runner": null, "CBAssignmentPlayerID": null, "CBAssignmentPlayerIndex": null, "CBAssignmentPlayerPosition": null, "zoneYardX": null, "zoneYardY": null, "zoneHeight": null, "zoneWidth": null, "gapYardX": null, "gapYardY": null, "blockingAssignmentPlayerIndex": null, "blockingAssignmentUnitIndex": null}}, {"model": "quiz.position", "pk": 308, "fields": {"startX": 31.2816656494141, "startY": 80.9, "name": "SS", "formation": 29, "routeCoordinates": null, "runCoordinates": null, "progressionRank": null, "playerIndex": null, "routeNum": null, "blocker": null, "runner": null, "CBAssignmentPlayerID": null, "CBAssignmentPlayerIndex": null, "CBAssignmentPlayerPosition": null, "zoneYardX": 38.0816656494141, "zoneYardY": 89.3, "zoneHeight": null, "zoneWidth": null, "gapYardX": null, "gapYardY": null, "blockingAssignmentPlayerIndex": null, "blockingAssignmentUnitIndex": null}}, {"model": "quiz.position", "pk": 309, "fields": {"startX": 17.3816656494141, "startY": 80.6, "name": "FS", "formation": 29, "routeCoordinates": null, "runCoordinates": null, "progressionRank": null, "playerIndex": null, "routeNum": null, "blocker": null, "runner": null, "CBAssignmentPlayerID": null, "CBAssignmentPlayerIndex": null, "CBAssignmentPlayerPosition": null, "zoneYardX": 11.8816656494141, "zoneYardY": 86.9, "zoneHeight": null, "zoneWidth": null, "gapYardX": null, "gapYardY": null, "blockingAssignmentPlayerIndex": null, "blockingAssignmentUnitIndex": null}}, {"model": "quiz.position", "pk": 310, "fields": {"startX": 19.665, "startY": 73.0, "name": "LT", "formation": null, "routeCoordinates": "[[19.665, 73]]", "runCoordinates": null, "progressionRank": 0, "playerIndex": null, "routeNum": null, "blocker": false, "runner": false, "CBAssignmentPlayerID": null, "CBAssignmentPlayerIndex": null, "CBAssignmentPlayerPosition": null, "zoneYardX": null, "zoneYardY": null, "zoneHeight": null, "zoneWidth": null, "gapYardX": null, "gapYardY": null, "blockingAssignmentPlayerIndex": null, "blockingAssignmentUnitIndex": null}}, {"model": "quiz.position", "pk": 311, "fields": {"startX": 23.165, "startY": 73.0, "name": "LG", "formation": null, "routeCoordinates": "[[23.165, 73]]", "runCoordinates": null, "progressionRank": 0, "playerIndex": null, "routeNum": null, "blocker": false, "runner": false, "CBAssignmentPlayerID": null, "CBAssignmentPlayerIndex": null, "CBAssignmentPlayerPosition": null, "zoneYardX": null, "zoneYardY": null, "zoneHeight": null, "zoneWidth": null, "gapYardX": null, "gapYardY": null, "blockingAssignmentPlayerIndex": null, "blockingAssignmentUnitIndex": null}}, {"model": "quiz.position", "pk": 312, "fields": {"startX": 26.665, "startY": 73.5, "name": "C", "formation": null, "routeCoordinates": "[[26.665, 73.5]]", "runCoordinates": null, "progressionRank": 0, "playerIndex": null, "routeNum": null, "blocker": false, "runner": false, "CBAssignmentPlayerID": null, "CBAssignmentPlayerIndex": null, "CBAssignmentPlayerPosition": null, "zoneYardX": null, "zoneYardY": null, "zoneHeight": null, "zoneWidth": null, "gapYardX": null, "gapYardY": null, "blockingAssignmentPlayerIndex": null, "blockingAssignmentUnitIndex": null}}, {"model": "quiz.position", "pk": 313, "fields": {"startX": 30.165, "startY": 73.0, "name": "RG", "formation": null, "routeCoordinates": "[[30.165, 73]]", "runCoordinates": null, "progressionRank": 0, "playerIndex": null, "routeNum": null, "blocker": false, "runner": false, "CBAssignmentPlayerID": null, "CBAssignmentPlayerIndex": null, "CBAssignmentPlayerPosition": null, "zoneYardX": null, "zoneYardY": null, "zoneHeight": null, "zoneWidth": null, "gapYardX": null, "gapYardY": null, "blockingAssignmentPlayerIndex": null, "blockingAssignmentUnitIndex": null}}, {"model": "quiz.position", "pk": 314, "fields": {"startX": 33.665, "startY": 73.0, "name": "RT", "formation": null, "routeCoordinates": "[[33.665, 73]]", "runCoordinates": null, "progressionRank": 0, "playerIndex": null, "routeNum": null, "blocker": false, "runner": false, "CBAssignmentPlayerID": null, "CBAssignmentPlayerIndex": null, "CBAssignmentPlayerPosition": null, "zoneYardX": null, "zoneYardY": null, "zoneHeight": null, "zoneWidth": null, "gapYardX": null, "gapYardY": null, "blockingAssignmentPlayerIndex": null, "blockingAssignmentUnitIndex": null}}, {"model": "quiz.position", "pk": 315, "fields": {"startX": 26.665, "startY": 70.0, "name": "QB", "formation": null, "routeCoordinates": "[[26.665, 70]]", "runCoordinates": null, "progressionRank": 0, "playerIndex": null, "routeNum": null, "blocker": false, "runner": false, "CBAssignmentPlayerID": null, "CBAssignmentPlayerIndex": null, "CBAssignmentPlayerPosition": null, "zoneYardX": null, "zoneYardY": null, "zoneHeight": null, "zoneWidth": null, "gapYardX": null, "gapYardY": null, "blockingAssignmentPlayerIndex": null, "blockingAssignmentUnitIndex": null}}, {"model": "quiz.position", "pk": 316, "fields": {"startX": 16.6816656494141, "startY": 72.9, "name": "TE", "formation": null, "routeCoordinates": "[[16.6816656494141, 72.9], [14.07125, 92.26666717529297]]", "runCoordinates": null, "progressionRank": 4, "playerIndex": null, "routeNum": null, "blocker": false, "runner": false, "CBAssignmentPlayerID": null, "CBAssignmentPlayerIndex": null, "CBAssignmentPlayerPosition": null, "zoneYardX": null, "zoneYardY": null, "zoneHeight": null, "zoneWidth": null, "gapYardX": null, "gapYardY": null, "blockingAssignmentPlayerIndex": null, "blockingAssignmentUnitIndex": null}}, {"model": "quiz.position", "pk": 317, "fields": {"startX": 36.9816656494141, "startY": 73.3, "name": "TE", "formation": null, "routeCoordinates": "[[36.9816656494141, 73.3], [36.97125, 82.16666717529297], [48.371249999999996, 87.06666717529296]]", "runCoordinates": null, "progressionRank": 2, "playerIndex": null, "routeNum": null, "blocker": false, "runner": false, "CBAssignmentPlayerID": null, "CBAssignmentPlayerIndex": null, "CBAssignmentPlayerPosition": null, "zoneYardX": null, "zoneYardY": null, "zoneHeight": null, "zoneWidth": null, "gapYardX": null, "gapYardY": null, "blockingAssignmentPlayerIndex": null, "blockingAssignmentUnitIndex": null}}, {"model": "quiz.position", "pk": 318, "fields": {"startX": 40.0816656494141, "startY": 72.3, "name": "TE", "formation": null, "routeCoordinates": "[[40.0816656494141, 72.3], [39.27125, 80.06666717529296], [27.27125, 84.26666717529297]]", "runCoordinates": null, "progressionRank": 3, "playerIndex": null, "routeNum": null, "blocker": false, "runner": false, "CBAssignmentPlayerID": null, "CBAssignmentPlayerIndex": null, "CBAssignmentPlayerPosition": null, "zoneYardX": null, "zoneYardY": null, "zoneHeight": null, "zoneWidth": null, "gapYardX": null, "gapYardY": null, "blockingAssignmentPlayerIndex": null, "blockingAssignmentUnitIndex": null}}, {"model": "quiz.position", "pk": 319, "fields": {"startX": 26.8816656494141, "startY": 61.9, "name": "RB", "formation": null, "routeCoordinates": "[[26.8816656494141, 61.9]]", "runCoordinates": null, "progressionRank": 0, "playerIndex": null, "routeNum": null, "blocker": false, "runner": false, "CBAssignmentPlayerID": null, "CBAssignmentPlayerIndex": null, "CBAssignmentPlayerPosition": null, "zoneYardX": null, "zoneYardY": null, "zoneHeight": null, "zoneWidth": null, "gapYardX": null, "gapYardY": null, "blockingAssignmentPlayerIndex": null, "blockingAssignmentUnitIndex": null}}, {"model": "quiz.position", "pk": 320, "fields": {"startX": 26.8816656494141, "startY": 65.8, "name": "RB", "formation": null, "routeCoordinates": "[[26.8816656494141, 65.8], [34.17125, 71.36666717529297], [46.57125, 73.66666717529297]]", "runCoordinates": null, "progressionRank": 1, "playerIndex": null, "routeNum": null, "blocker": false, "runner": false, "CBAssignmentPlayerID": null, "CBAssignmentPlayerIndex": null, "CBAssignmentPlayerPosition": null, "zoneYardX": null, "zoneYardY": null, "zoneHeight": null, "zoneWidth": null, "gapYardX": null, "gapYardY": null, "blockingAssignmentPlayerIndex": null, "blockingAssignmentUnitIndex": null}}, {"model": "quiz.position", "pk": 321, "fields": {"startX": 19.665, "startY": 73.0, "name": "LT", "formation": null, "routeCoordinates": "[[19.665, 73]]", "runCoordinates": null, "progressionRank": 0, "playerIndex": null, "routeNum": null, "blocker": false, "runner": false, "CBAssignmentPlayerID": null, "CBAssignmentPlayerIndex": null, "CBAssignmentPlayerPosition": null, "zoneYardX": null, "zoneYardY": null, "zoneHeight": null, "zoneWidth": null, "gapYardX": null, "gapYardY": null, "blockingAssignmentPlayerIndex": 0, "blockingAssignmentUnitIndex": 0}}, {"model": "quiz.position", "pk": 322, "fields": {"startX": 23.165, "startY": 73.0, "name": "LG", "formation": null, "routeCoordinates": "[[23.165, 73]]", "runCoordinates": null, "progressionRank": 0, "playerIndex": null, "routeNum": null, "blocker": false, "runner": false, "CBAssignmentPlayerID": null, "CBAssignmentPlayerIndex": null, "CBAssignmentPlayerPosition": null, "zoneYardX": null, "zoneYardY": null, "zoneHeight": null, "zoneWidth": null, "gapYardX": null, "gapYardY": null, "blockingAssignmentPlayerIndex": 1, "blockingAssignmentUnitIndex": 0}}, {"model": "quiz.position", "pk": 323, "fields": {"startX": 26.665, "startY": 73.5, "name": "C", "formation": null, "routeCoordinates": "[[26.665, 73.5]]", "runCoordinates": null, "progressionRank": 0, "playerIndex": null, "routeNum": null, "blocker": false, "runner": false, "CBAssignmentPlayerID": null, "CBAssignmentPlayerIndex": null, "CBAssignmentPlayerPosition": null, "zoneYardX": null, "zoneYardY": null, "zoneHeight": null, "zoneWidth": null, "gapYardX": null, "gapYardY": null, "blockingAssignmentPlayerIndex": 1, "blockingAssignmentUnitIndex": 0}}, {"model": "quiz.position", "pk": 324, "fields": {"startX": 30.165, "startY": 73.0, "name": "RG", "formation": null, "routeCoordinates": "[[30.165, 73]]", "runCoordinates": null, "progressionRank": 0, "playerIndex": null, "routeNum": null, "blocker": false, "runner": false, "CBAssignmentPlayerID": null, "CBAssignmentPlayerIndex": null, "CBAssignmentPlayerPosition": null, "zoneYardX": null, "zoneYardY": null, "zoneHeight": null, "zoneWidth": null, "gapYardX": null, "gapYardY": null, "blockingAssignmentPlayerIndex": 2, "blockingAssignmentUnitIndex": 0}}, {"model": "quiz.position", "pk": 325, "fields": {"startX": 33.665, "startY": 73.0, "name": "RT", "formation": null, "routeCoordinates": "[[33.665, 73]]", "runCoordinates": null, "progressionRank": 0, "playerIndex": null, "routeNum": null, "blocker": false, "runner": false, "CBAssignmentPlayerID": null, "CBAssignmentPlayerIndex": null, "CBAssignmentPlayerPosition": null, "zoneYardX": null, "zoneYardY": null, "zoneHeight": null, "zoneWidth": null, "gapYardX": null, "gapYardY": null, "blockingAssignmentPlayerIndex": 3, "blockingAssignmentUnitIndex": 0}}, {"model": "quiz.position", "pk": 326, "fields": {"startX": 26.4816656494141, "startY": 65.1, "name": "QB", "formation": null, "routeCoordinates": "[[26.4816656494141, 65.1]]", "runCoordinates": null, "progressionRank": 0, "playerIndex": null, "routeNum": null, "blocker": false, "runner": false, "CBAssignmentPlayerID": null, "CBAssignmentPlayerIndex": null, "CBAssignmentPlayerPosition": null, "zoneYardX": null, "zoneYardY": null, "zoneHeight": null, "zoneWidth": null, "gapYardX": null, "gapYardY": null, "blockingAssignmentPlayerIndex": null, "blockingAssignmentUnitIndex": null}}, {"model": "quiz.position", "pk": 327, "fields": {"startX": 11.6816656494141, "startY": 72.9, "name": "WR", "formation": null, "routeCoordinates": "[[11.6816656494141, 72.9], [11.271249999999998, 89.06666717529296], [2.7712499999999993, 89.26666717529297]]", "runCoordinates": null, "progressionRank": 2, "playerIndex": null, "routeNum": null, "blocker": false, "runner": false, "CBAssignmentPlayerID": null, "CBAssignmentPlayerIndex": null, "CBAssignmentPlayerPosition": null, "zoneYardX": null, "zoneYardY": null, "zoneHeight": null, "zoneWidth": null, "gapYardX": null, "gapYardY": null, "blockingAssignmentPlayerIndex": null, "blockingAssignmentUnitIndex": null}}, {"model": "quiz.position", "pk": 328, "fields": {"startX": 22.1816656494141, "startY": 63.9, "name": "RB", "formation": null, "routeCoordinates": "[[22.1816656494141, 63.9]]", "runCoordinates": null, "progressionRank": 0, "playerIndex": null, "routeNum": null, "blocker": true, "runner": false, "CBAssignmentPlayerID": null, "CBAssignmentPlayerIndex": null, "CBAssignmentPlayerPosition": null, "zoneYardX": null, "zoneYardY": null, "zoneHeight": null, "zoneWidth": null, "gapYardX": null, "gapYardY": null, "blockingAssignmentPlayerIndex": 0, "blockingAssignmentUnitIndex": 0}}, {"model": "quiz.position", "pk": 329, "fields": {"startX": 42.4816656494141, "startY": 72.9, "name": "WR", "formation": null, "routeCoordinates": "[[42.4816656494141, 72.9], [42.871249999999996, 88.46666717529297], [48.97125, 82.16666717529297]]", "runCoordinates": null, "progressionRank": 4, "playerIndex": null, "routeNum": null, "blocker": false, "runner": false, "CBAssignmentPlayerID": null, "CBAssignmentPlayerIndex": null, "CBAssignmentPlayerPosition": null, "zoneYardX": null, "zoneYardY": null, "zoneHeight": null, "zoneWidth": null, "gapYardX": null, "gapYardY": null, "blockingAssignmentPlayerIndex": null, "blockingAssignmentUnitIndex": null}}, {"model": "quiz.position", "pk": 330, "fields": {"startX": 36.8816656494141, "startY": 71.7, "name": "TE", "formation": null, "routeCoordinates": "[[36.8816656494141, 71.7], [36.77125, 86.06666717529296], [30.471249999999998, 84.06666717529296]]", "runCoordinates": null, "progressionRank": 3, "playerIndex": null, "routeNum": null, "blocker": false, "runner": false, "CBAssignmentPlayerID": null, "CBAssignmentPlayerIndex": null, "CBAssignmentPlayerPosition": null, "zoneYardX": null, "zoneYardY": null, "zoneHeight": null, "zoneWidth": null, "gapYardX": null, "gapYardY": null, "blockingAssignmentPlayerIndex": null, "blockingAssignmentUnitIndex": null}}, {"model": "quiz.position", "pk": 331, "fields": {"startX": 15.8816656494141, "startY": 71.8, "name": "WR", "formation": null, "routeCoordinates": "[[15.8816656494141, 71.8], [16.17125, 90.46666717529297], [26.17125, 96.16666717529297]]", "runCoordinates": null, "progressionRank": 1, "playerIndex": null, "routeNum": null, "blocker": false, "runner": false, "CBAssignmentPlayerID": null, "CBAssignmentPlayerIndex": null, "CBAssignmentPlayerPosition": null, "zoneYardX": null, "zoneYardY": null, "zoneHeight": null, "zoneWidth": null, "gapYardX": null, "gapYardY": null, "blockingAssignmentPlayerIndex": null, "blockingAssignmentUnitIndex": null}}, {"model": "quiz.position", "pk": 332, "fields": {"startX": 19.665, "startY": 73.0, "name": "LT", "formation": null, "routeCoordinates": "[[19.665, 73]]", "runCoordinates": null, "progressionRank": 0, "playerIndex": null, "routeNum": null, "blocker": false, "runner": false, "CBAssignmentPlayerID": null, "CBAssignmentPlayerIndex": null, "CBAssignmentPlayerPosition": null, "zoneYardX": null, "zoneYardY": null, "zoneHeight": null, "zoneWidth": null, "gapYardX": null, "gapYardY": null, "blockingAssignmentPlayerIndex": 0, "blockingAssignmentUnitIndex": 1}}, {"model": "quiz.position", "pk": 333, "fields": {"startX": 23.165, "startY": 73.0, "name": "LG", "formation": null, "routeCoordinates": "[[23.165, 73]]", "runCoordinates": null, "progressionRank": 0, "playerIndex": null, "routeNum": null, "blocker": false, "runner": false, "CBAssignmentPlayerID": null, "CBAssignmentPlayerIndex": null, "CBAssignmentPlayerPosition": null, "zoneYardX": null, "zoneYardY": null, "zoneHeight": null, "zoneWidth": null, "gapYardX": null, "gapYardY": null, "blockingAssignmentPlayerIndex": 0, "blockingAssignmentUnitIndex": 0}}, {"model": "quiz.position", "pk": 334, "fields": {"startX": 26.665, "startY": 73.5, "name": "C", "formation": null, "routeCoordinates": "[[26.665, 73.5]]", "runCoordinates": null, "progressionRank": 0, "playerIndex": null, "routeNum": null, "blocker": false, "runner": false, "CBAssignmentPlayerID": null, "CBAssignmentPlayerIndex": null, "CBAssignmentPlayerPosition": null, "zoneYardX": null, "zoneYardY": null, "zoneHeight": null, "zoneWidth": null, "gapYardX": null, "gapYardY": null, "blockingAssignmentPlayerIndex": 1, "blockingAssignmentUnitIndex": 0}}, {"model": "quiz.position", "pk": 335, "fields": {"startX": 30.165, "startY": 73.0, "name": "RG", "formation": null, "routeCoordinates": "[[30.165, 73]]", "runCoordinates": null, "progressionRank": 0, "playerIndex": null, "routeNum": null, "blocker": false, "runner": false, "CBAssignmentPlayerID": null, "CBAssignmentPlayerIndex": null, "CBAssignmentPlayerPosition": null, "zoneYardX": null, "zoneYardY": null, "zoneHeight": null, "zoneWidth": null, "gapYardX": null, "gapYardY": null, "blockingAssignmentPlayerIndex": 1, "blockingAssignmentUnitIndex": 1}}, {"model": "quiz.position", "pk": 336, "fields": {"startX": 33.665, "startY": 73.0, "name": "RT", "formation": null, "routeCoordinates": "[[33.665, 73]]", "runCoordinates": null, "progressionRank": 0, "playerIndex": null, "routeNum": null, "blocker": false, "runner": false, "CBAssignmentPlayerID": null, "CBAssignmentPlayerIndex": null, "CBAssignmentPlayerPosition": null, "zoneYardX": null, "zoneYardY": null, "zoneHeight": null, "zoneWidth": null, "gapYardX": null, "gapYardY": null, "blockingAssignmentPlayerIndex": 3, "blockingAssignmentUnitIndex": 0}}, {"model": "quiz.position", "pk": 337, "fields": {"startX": 26.4816656494141, "startY": 65.1, "name": "QB", "formation": null, "routeCoordinates": "[[26.4816656494141, 65.1]]", "runCoordinates": null, "progressionRank": 0, "playerIndex": null, "routeNum": null, "blocker": false, "runner": false, "CBAssignmentPlayerID": null, "CBAssignmentPlayerIndex": null, "CBAssignmentPlayerPosition": null, "zoneYardX": null, "zoneYardY": null, "zoneHeight": null, "zoneWidth": null, "gapYardX": null, "gapYardY": null, "blockingAssignmentPlayerIndex": null, "blockingAssignmentUnitIndex": null}}, {"model": "quiz.position", "pk": 338, "fields": {"startX": 11.6816656494141, "startY": 72.9, "name": "WR", "formation": null, "routeCoordinates": "[[11.6816656494141, 72.9], [11.37125, 75.46666717529297], [14.471249999999998, 70.56666717529296]]", "runCoordinates": null, "progressionRank": 1, "playerIndex": null, "routeNum": null, "blocker": false, "runner": false, "CBAssignmentPlayerID": null, "CBAssignmentPlayerIndex": null, "CBAssignmentPlayerPosition": null, "zoneYardX": null, "zoneYardY": null, "zoneHeight": null, "zoneWidth": null, "gapYardX": null, "gapYardY": null, "blockingAssignmentPlayerIndex": null, "blockingAssignmentUnitIndex": null}}, {"model": "quiz.position", "pk": 339, "fields": {"startX": 22.1816656494141, "startY": 63.9, "name": "RB", "formation": null, "routeCoordinates": "[[22.1816656494141, 63.9]]", "runCoordinates": null, "progressionRank": 0, "playerIndex": null, "routeNum": null, "blocker": true, "runner": false, "CBAssignmentPlayerID": null, "CBAssignmentPlayerIndex": null, "CBAssignmentPlayerPosition": null, "zoneYardX": null, "zoneYardY": null, "zoneHeight": null, "zoneWidth": null, "gapYardX": null, "gapYardY": null, "blockingAssignmentPlayerIndex": 0, "blockingAssignmentUnitIndex": 0}}, {"model": "quiz.position", "pk": 340, "fields": {"startX": 42.4816656494141, "startY": 72.9, "name": "WR", "formation": null, "routeCoordinates": "[[42.4816656494141, 72.9], [41.97125, 75.46666717529297], [38.57125, 69.06666717529296]]", "runCoordinates": null, "progressionRank": 2, "playerIndex": null, "routeNum": null, "blocker": false, "runner": false, "CBAssignmentPlayerID": null, "CBAssignmentPlayerIndex": null, "CBAssignmentPlayerPosition": null, "zoneYardX": null, "zoneYardY": null, "zoneHeight": null, "zoneWidth": null, "gapYardX": null, "gapYardY": null, "blockingAssignmentPlayerIndex": null, "blockingAssignmentUnitIndex": null}}, {"model": "quiz.position", "pk": 341, "fields": {"startX": 36.8816656494141, "startY": 71.7, "name": "TE", "formation": null, "routeCoordinates": "[[36.8816656494141, 71.7]]", "runCoordinates": null, "progressionRank": 0, "playerIndex": null, "routeNum": null, "blocker": true, "runner": false, "CBAssignmentPlayerID": null, "CBAssignmentPlayerIndex": null, "CBAssignmentPlayerPosition": null, "zoneYardX": null, "zoneYardY": null, "zoneHeight": null, "zoneWidth": null, "gapYardX": null, "gapYardY": null, "blockingAssignmentPlayerIndex": 2, "blockingAssignmentUnitIndex": 1}}, {"model": "quiz.position", "pk": 342, "fields": {"startX": 15.8816656494141, "startY": 71.8, "name": "WR", "formation": null, "routeCoordinates": "[[15.8816656494141, 71.8]]", "runCoordinates": null, "progressionRank": 0, "playerIndex": null, "routeNum": null, "blocker": true, "runner": false, "CBAssignmentPlayerID": null, "CBAssignmentPlayerIndex": null, "CBAssignmentPlayerPosition": null, "zoneYardX": null, "zoneYardY": null, "zoneHeight": null, "zoneWidth": null, "gapYardX": null, "gapYardY": null, "blockingAssignmentPlayerIndex": 0, "blockingAssignmentUnitIndex": 3}}, {"model": "quiz.position", "pk": 343, "fields": {"startX": 19.665, "startY": 73.0, "name": "LT", "formation": 30, "routeCoordinates": null, "runCoordinates": null, "progressionRank": null, "playerIndex": 0, "routeNum": null, "blocker": null, "runner": null, "CBAssignmentPlayerID": null, "CBAssignmentPlayerIndex": null, "CBAssignmentPlayerPosition": null, "zoneYardX": null, "zoneYardY": null, "zoneHeight": null, "zoneWidth": null, "gapYardX": null, "gapYardY": null, "blockingAssignmentPlayerIndex": null, "blockingAssignmentUnitIndex": null}}, {"model": "quiz.position", "pk": 344, "fields": {"startX": 23.165, "startY": 73.0, "name": "LG", "formation": 30, "routeCoordinates": null, "runCoordinates": null, "progressionRank": null, "playerIndex": 0, "routeNum": null, "blocker": null, "runner": null, "CBAssignmentPlayerID": null, "CBAssignmentPlayerIndex": null, "CBAssignmentPlayerPosition": null, "zoneYardX": null, "zoneYardY": null, "zoneHeight": null, "zoneWidth": null, "gapYardX": null, "gapYardY": null, "blockingAssignmentPlayerIndex": null, "blockingAssignmentUnitIndex": null}}, {"model": "quiz.position", "pk": 345, "fields": {"startX": 26.665, "startY": 73.5, "name": "C", "formation": 30, "routeCoordinates": null, "runCoordinates": null, "progressionRank": null, "playerIndex": 0, "routeNum": null, "blocker": null, "runner": null, "CBAssignmentPlayerID": null, "CBAssignmentPlayerIndex": null, "CBAssignmentPlayerPosition": null, "zoneYardX": null, "zoneYardY": null, "zoneHeight": null, "zoneWidth": null, "gapYardX": null, "gapYardY": null, "blockingAssignmentPlayerIndex": null, "blockingAssignmentUnitIndex": null}}, {"model": "quiz.position", "pk": 346, "fields": {"startX": 30.165, "startY": 73.0, "name": "RG", "formation": 30, "routeCoordinates": null, "runCoordinates": null, "progressionRank": null, "playerIndex": 0, "routeNum": null, "blocker": null, "runner": null, "CBAssignmentPlayerID": null, "CBAssignmentPlayerIndex": null, "CBAssignmentPlayerPosition": null, "zoneYardX": null, "zoneYardY": null, "zoneHeight": null, "zoneWidth": null, "gapYardX": null, "gapYardY": null, "blockingAssignmentPlayerIndex": null, "blockingAssignmentUnitIndex": null}}, {"model": "quiz.position", "pk": 347, "fields": {"startX": 33.665, "startY": 73.0, "name": "RT", "formation": 30, "routeCoordinates": null, "runCoordinates": null, "progressionRank": null, "playerIndex": 0, "routeNum": null, "blocker": null, "runner": null, "CBAssignmentPlayerID": null, "CBAssignmentPlayerIndex": null, "CBAssignmentPlayerPosition": null, "zoneYardX": null, "zoneYardY": null, "zoneHeight": null, "zoneWidth": null, "gapYardX": null, "gapYardY": null, "blockingAssignmentPlayerIndex": null, "blockingAssignmentUnitIndex": null}}, {"model": "quiz.position", "pk": 348, "fields": {"startX": 26.4816656494141, "startY": 65.1, "name": "QB", "formation": 30, "routeCoordinates": null, "runCoordinates": null, "progressionRank": null, "playerIndex": 0, "routeNum": null, "blocker": null, "runner": null, "CBAssignmentPlayerID": null, "CBAssignmentPlayerIndex": null, "CBAssignmentPlayerPosition": null, "zoneYardX": null, "zoneYardY": null, "zoneHeight": null, "zoneWidth": null, "gapYardX": null, "gapYardY": null, "blockingAssignmentPlayerIndex": null, "blockingAssignmentUnitIndex": null}}, {"model": "quiz.position", "pk": 349, "fields": {"startX": 22.1816656494141, "startY": 63.9, "name": "RB", "formation": 30, "routeCoordinates": null, "runCoordinates": null, "progressionRank": null, "playerIndex": 0, "routeNum": null, "blocker": null, "runner": null, "CBAssignmentPlayerID": null, "CBAssignmentPlayerIndex": null, "CBAssignmentPlayerPosition": null, "zoneYardX": null, "zoneYardY": null, "zoneHeight": null, "zoneWidth": null, "gapYardX": null, "gapYardY": null, "blockingAssignmentPlayerIndex": null, "blockingAssignmentUnitIndex": null}}, {"model": "quiz.position", "pk": 350, "fields": {"startX": 42.4816656494141, "startY": 72.9, "name": "WR", "formation": 30, "routeCoordinates": null, "runCoordinates": null, "progressionRank": null, "playerIndex": 0, "routeNum": null, "blocker": null, "runner": null, "CBAssignmentPlayerID": null, "CBAssignmentPlayerIndex": null, "CBAssignmentPlayerPosition": null, "zoneYardX": null, "zoneYardY": null, "zoneHeight": null, "zoneWidth": null, "gapYardX": null, "gapYardY": null, "blockingAssignmentPlayerIndex": null, "blockingAssignmentUnitIndex": null}}, {"model": "quiz.position", "pk": 351, "fields": {"startX": 36.8816656494141, "startY": 71.7, "name": "TE", "formation": 30, "routeCoordinates": null, "runCoordinates": null, "progressionRank": null, "playerIndex": 0, "routeNum": null, "blocker": null, "runner": null, "CBAssignmentPlayerID": null, "CBAssignmentPlayerIndex": null, "CBAssignmentPlayerPosition": null, "zoneYardX": null, "zoneYardY": null, "zoneHeight": null, "zoneWidth": null, "gapYardX": null, "gapYardY": null, "blockingAssignmentPlayerIndex": null, "blockingAssignmentUnitIndex": null}}, {"model": "quiz.position", "pk": 352, "fields": {"startX": 8.09575, "startY": 69.4560005493164, "name": "WR", "formation": 30, "routeCoordinates": null, "runCoordinates": null, "progressionRank": null, "playerIndex": 0, "routeNum": null, "blocker": null, "runner": null, "CBAssignmentPlayerID": null, "CBAssignmentPlayerIndex": null, "CBAssignmentPlayerPosition": null, "zoneYardX": null, "zoneYardY": null, "zoneHeight": null, "zoneWidth": null, "gapYardX": null, "gapYardY": null, "blockingAssignmentPlayerIndex": null, "blockingAssignmentUnitIndex": null}}, {"model": "quiz.position", "pk": 353, "fields": {"startX": 15.87175, "startY": 73.0200005493164, "name": "TE", "formation": 30, "routeCoordinates": null, "runCoordinates": null, "progressionRank": null, "playerIndex": 1, "routeNum": null, "blocker": null, "runner": null, "CBAssignmentPlayerID": null, "CBAssignmentPlayerIndex": null, "CBAssignmentPlayerPosition": null, "zoneYardX": null, "zoneYardY": null, "zoneHeight": null, "zoneWidth": null, "gapYardX": null, "gapYardY": null, "blockingAssignmentPlayerIndex": null, "blockingAssignmentUnitIndex": null}}, {"model": "quiz.position", "pk": 354, "fields": {"startX": 19.665, "startY": 73.0, "name": "LT", "formation": 31, "routeCoordinates": null, "runCoordinates": null, "progressionRank": null, "playerIndex": 0, "routeNum": null, "blocker": null, "runner": null, "CBAssignmentPlayerID": null, "CBAssignmentPlayerIndex": null, "CBAssignmentPlayerPosition": null, "zoneYardX": null, "zoneYardY": null, "zoneHeight": null, "zoneWidth": null, "gapYardX": null, "gapYardY": null, "blockingAssignmentPlayerIndex": null, "blockingAssignmentUnitIndex": null}}, {"model": "quiz.position", "pk": 355, "fields": {"startX": 23.165, "startY": 73.0, "name": "LG", "formation": 31, "routeCoordinates": null, "runCoordinates": null, "progressionRank": null, "playerIndex": 0, "routeNum": null, "blocker": null, "runner": null, "CBAssignmentPlayerID": null, "CBAssignmentPlayerIndex": null, "CBAssignmentPlayerPosition": null, "zoneYardX": null, "zoneYardY": null, "zoneHeight": null, "zoneWidth": null, "gapYardX": null, "gapYardY": null, "blockingAssignmentPlayerIndex": null, "blockingAssignmentUnitIndex": null}}, {"model": "quiz.position", "pk": 356, "fields": {"startX": 26.665, "startY": 73.5, "name": "C", "formation": 31, "routeCoordinates": null, "runCoordinates": null, "progressionRank": null, "playerIndex": 0, "routeNum": null, "blocker": null, "runner": null, "CBAssignmentPlayerID": null, "CBAssignmentPlayerIndex": null, "CBAssignmentPlayerPosition": null, "zoneYardX": null, "zoneYardY": null, "zoneHeight": null, "zoneWidth": null, "gapYardX": null, "gapYardY": null, "blockingAssignmentPlayerIndex": null, "blockingAssignmentUnitIndex": null}}, {"model": "quiz.position", "pk": 357, "fields": {"startX": 30.165, "startY": 73.0, "name": "RG", "formation": 31, "routeCoordinates": null, "runCoordinates": null, "progressionRank": null, "playerIndex": 0, "routeNum": null, "blocker": null, "runner": null, "CBAssignmentPlayerID": null, "CBAssignmentPlayerIndex": null, "CBAssignmentPlayerPosition": null, "zoneYardX": null, "zoneYardY": null, "zoneHeight": null, "zoneWidth": null, "gapYardX": null, "gapYardY": null, "blockingAssignmentPlayerIndex": null, "blockingAssignmentUnitIndex": null}}, {"model": "quiz.position", "pk": 358, "fields": {"startX": 33.665, "startY": 73.0, "name": "RT", "formation": 31, "routeCoordinates": null, "runCoordinates": null, "progressionRank": null, "playerIndex": 0, "routeNum": null, "blocker": null, "runner": null, "CBAssignmentPlayerID": null, "CBAssignmentPlayerIndex": null, "CBAssignmentPlayerPosition": null, "zoneYardX": null, "zoneYardY": null, "zoneHeight": null, "zoneWidth": null, "gapYardX": null, "gapYardY": null, "blockingAssignmentPlayerIndex": null, "blockingAssignmentUnitIndex": null}}, {"model": "quiz.position", "pk": 359, "fields": {"startX": 26.4816656494141, "startY": 65.1, "name": "QB", "formation": 31, "routeCoordinates": null, "runCoordinates": null, "progressionRank": null, "playerIndex": 0, "routeNum": null, "blocker": null, "runner": null, "CBAssignmentPlayerID": null, "CBAssignmentPlayerIndex": null, "CBAssignmentPlayerPosition": null, "zoneYardX": null, "zoneYardY": null, "zoneHeight": null, "zoneWidth": null, "gapYardX": null, "gapYardY": null, "blockingAssignmentPlayerIndex": null, "blockingAssignmentUnitIndex": null}}, {"model": "quiz.position", "pk": 360, "fields": {"startX": 11.1584090909091, "startY": 69.8618186811967, "name": "WR", "formation": 31, "routeCoordinates": null, "runCoordinates": null, "progressionRank": null, "playerIndex": 0, "routeNum": null, "blocker": null, "runner": null, "CBAssignmentPlayerID": null, "CBAssignmentPlayerIndex": null, "CBAssignmentPlayerPosition": null, "zoneYardX": null, "zoneYardY": null, "zoneHeight": null, "zoneWidth": null, "gapYardX": null, "gapYardY": null, "blockingAssignmentPlayerIndex": null, "blockingAssignmentUnitIndex": null}}, {"model": "quiz.position", "pk": 361, "fields": {"startX": 22.1816656494141, "startY": 63.9, "name": "RB", "formation": 31, "routeCoordinates": null, "runCoordinates": null, "progressionRank": null, "playerIndex": 0, "routeNum": null, "blocker": null, "runner": null, "CBAssignmentPlayerID": null, "CBAssignmentPlayerIndex": null, "CBAssignmentPlayerPosition": null, "zoneYardX": null, "zoneYardY": null, "zoneHeight": null, "zoneWidth": null, "gapYardX": null, "gapYardY": null, "blockingAssignmentPlayerIndex": null, "blockingAssignmentUnitIndex": null}}, {"model": "quiz.position", "pk": 362, "fields": {"startX": 42.4816656494141, "startY": 72.9, "name": "WR", "formation": 31, "routeCoordinates": null, "runCoordinates": null, "progressionRank": null, "playerIndex": 0, "routeNum": null, "blocker": null, "runner": null, "CBAssignmentPlayerID": null, "CBAssignmentPlayerIndex": null, "CBAssignmentPlayerPosition": null, "zoneYardX": null, "zoneYardY": null, "zoneHeight": null, "zoneWidth": null, "gapYardX": null, "gapYardY": null, "blockingAssignmentPlayerIndex": null, "blockingAssignmentUnitIndex": null}}, {"model": "quiz.position", "pk": 363, "fields": {"startX": 36.8816656494141, "startY": 71.7, "name": "TE", "formation": 31, "routeCoordinates": null, "runCoordinates": null, "progressionRank": null, "playerIndex": 0, "routeNum": null, "blocker": null, "runner": null, "CBAssignmentPlayerID": null, "CBAssignmentPlayerIndex": null, "CBAssignmentPlayerPosition": null, "zoneYardX": null, "zoneYardY": null, "zoneHeight": null, "zoneWidth": null, "gapYardX": null, "gapYardY": null, "blockingAssignmentPlayerIndex": null, "blockingAssignmentUnitIndex": null}}, {"model": "quiz.position", "pk": 364, "fields": {"startX": 16.0675, "startY": 73.2000004993785, "name": "TE", "formation": 31, "routeCoordinates": null, "runCoordinates": null, "progressionRank": null, "playerIndex": 1, "routeNum": null, "blocker": null, "runner": null, "CBAssignmentPlayerID": null, "CBAssignmentPlayerIndex": null, "CBAssignmentPlayerPosition": null, "zoneYardX": null, "zoneYardY": null, "zoneHeight": null, "zoneWidth": null, "gapYardX": null, "gapYardY": null, "blockingAssignmentPlayerIndex": null, "blockingAssignmentUnitIndex": null}}, {"model": "quiz.position", "pk": 365, "fields": {"startX": 16.0675, "startY": 73.2000004993785, "name": "TE", "formation": null, "routeCoordinates": "[[16.0675, 73.2000004993785], [16.263863636363634, 85.37454595392401], [6.83840909090909, 92.64000049937854]]", "runCoordinates": null, "progressionRank": 2, "playerIndex": null, "routeNum": null, "blocker": false, "runner": false, "CBAssignmentPlayerID": null, "CBAssignmentPlayerIndex": null, "CBAssignmentPlayerPosition": null, "zoneYardX": null, "zoneYardY": null, "zoneHeight": null, "zoneWidth": null, "gapYardX": null, "gapYardY": null, "blockingAssignmentPlayerIndex": null, "blockingAssignmentUnitIndex": null}}, {"model": "quiz.position", "pk": 366, "fields": {"startX": 36.8816656494141, "startY": 71.7, "name": "TE", "formation": null, "routeCoordinates": "[[36.8816656494141, 71.7], [37.47113636363636, 92.934545953924], [30.00931818181818, 100.78909140846946]]", "runCoordinates": null, "progressionRank": 3, "playerIndex": null, "routeNum": null, "blocker": false, "runner": false, "CBAssignmentPlayerID": null, "CBAssignmentPlayerIndex": null, "CBAssignmentPlayerPosition": null, "zoneYardX": null, "zoneYardY": null, "zoneHeight": null, "zoneWidth": null, "gapYardX": null, "gapYardY": null, "blockingAssignmentPlayerIndex": null, "blockingAssignmentUnitIndex": null}}, {"model": "quiz.position", "pk": 367, "fields": {"startX": 42.4816656494141, "startY": 72.9, "name": "WR", "formation": null, "routeCoordinates": "[[42.4816656494141, 72.9], [41.79113636363636, 97.7454550448331], [50.136590909090906, 100.78909140846946]]", "runCoordinates": null, "progressionRank": 4, "playerIndex": null, "routeNum": null, "blocker": false, "runner": false, "CBAssignmentPlayerID": null, "CBAssignmentPlayerIndex": null, "CBAssignmentPlayerPosition": null, "zoneYardX": null, "zoneYardY": null, "zoneHeight": null, "zoneWidth": null, "gapYardX": null, "gapYardY": null, "blockingAssignmentPlayerIndex": null, "blockingAssignmentUnitIndex": null}}, {"model": "quiz.position", "pk": 368, "fields": {"startX": 22.1816656494141, "startY": 63.9, "name": "RB", "formation": null, "routeCoordinates": "[[22.1816656494141, 63.9]]", "runCoordinates": null, "progressionRank": 0, "playerIndex": null, "routeNum": null, "blocker": false, "runner": false, "CBAssignmentPlayerID": null, "CBAssignmentPlayerIndex": null, "CBAssignmentPlayerPosition": null, "zoneYardX": null, "zoneYardY": null, "zoneHeight": null, "zoneWidth": null, "gapYardX": null, "gapYardY": null, "blockingAssignmentPlayerIndex": null, "blockingAssignmentUnitIndex": null}}, {"model": "quiz.position", "pk": 369, "fields": {"startX": 11.1584090909091, "startY": 69.8618186811967, "name": "WR", "formation": null, "routeCoordinates": "[[11.1584090909091, 69.8618186811967], [9.391136363636363, 86.35636413574218], [21.467499999999998, 93.32727322665127]]", "runCoordinates": null, "progressionRank": 1, "playerIndex": null, "routeNum": null, "blocker": false, "runner": false, "CBAssignmentPlayerID": null, "CBAssignmentPlayerIndex": null, "CBAssignmentPlayerPosition": null, "zoneYardX": null, "zoneYardY": null, "zoneHeight": null, "zoneWidth": null, "gapYardX": null, "gapYardY": null, "blockingAssignmentPlayerIndex": null, "blockingAssignmentUnitIndex": null}}, {"model": "quiz.position", "pk": 370, "fields": {"startX": 26.4816656494141, "startY": 65.1, "name": "QB", "formation": null, "routeCoordinates": "[[26.4816656494141, 65.1]]", "runCoordinates": null, "progressionRank": 0, "playerIndex": null, "routeNum": null, "blocker": false, "runner": false, "CBAssignmentPlayerID": null, "CBAssignmentPlayerIndex": null, "CBAssignmentPlayerPosition": null, "zoneYardX": null, "zoneYardY": null, "zoneHeight": null, "zoneWidth": null, "gapYardX": null, "gapYardY": null, "blockingAssignmentPlayerIndex": null, "blockingAssignmentUnitIndex": null}}, {"model": "quiz.position", "pk": 371, "fields": {"startX": 33.665, "startY": 73.0, "name": "RT", "formation": null, "routeCoordinates": "[[33.665, 73]]", "runCoordinates": null, "progressionRank": 0, "playerIndex": null, "routeNum": null, "blocker": false, "runner": false, "CBAssignmentPlayerID": null, "CBAssignmentPlayerIndex": null, "CBAssignmentPlayerPosition": null, "zoneYardX": null, "zoneYardY": null, "zoneHeight": null, "zoneWidth": null, "gapYardX": null, "gapYardY": null, "blockingAssignmentPlayerIndex": null, "blockingAssignmentUnitIndex": null}}, {"model": "quiz.position", "pk": 372, "fields": {"startX": 30.165, "startY": 73.0, "name": "RG", "formation": null, "routeCoordinates": "[[30.165, 73]]", "runCoordinates": null, "progressionRank": 0, "playerIndex": null, "routeNum": null, "blocker": false, "runner": false, "CBAssignmentPlayerID": null, "CBAssignmentPlayerIndex": null, "CBAssignmentPlayerPosition": null, "zoneYardX": null, "zoneYardY": null, "zoneHeight": null, "zoneWidth": null, "gapYardX": null, "gapYardY": null, "blockingAssignmentPlayerIndex": null, "blockingAssignmentUnitIndex": null}}, {"model": "quiz.position", "pk": 373, "fields": {"startX": 26.665, "startY": 73.5, "name": "C", "formation": null, "routeCoordinates": "[[26.665, 73.5]]", "runCoordinates": null, "progressionRank": 0, "playerIndex": null, "routeNum": null, "blocker": false, "runner": false, "CBAssignmentPlayerID": null, "CBAssignmentPlayerIndex": null, "CBAssignmentPlayerPosition": null, "zoneYardX": null, "zoneYardY": null, "zoneHeight": null, "zoneWidth": null, "gapYardX": null, "gapYardY": null, "blockingAssignmentPlayerIndex": null, "blockingAssignmentUnitIndex": null}}, {"model": "quiz.position", "pk": 374, "fields": {"startX": 23.165, "startY": 73.0, "name": "LG", "formation": null, "routeCoordinates": "[[23.165, 73]]", "runCoordinates": null, "progressionRank": 0, "playerIndex": null, "routeNum": null, "blocker": false, "runner": false, "CBAssignmentPlayerID": null, "CBAssignmentPlayerIndex": null, "CBAssignmentPlayerPosition": null, "zoneYardX": null, "zoneYardY": null, "zoneHeight": null, "zoneWidth": null, "gapYardX": null, "gapYardY": null, "blockingAssignmentPlayerIndex": null, "blockingAssignmentUnitIndex": null}}, {"model": "quiz.position", "pk": 375, "fields": {"startX": 19.665, "startY": 73.0, "name": "LT", "formation": null, "routeCoordinates": "[[19.665, 73]]", "runCoordinates": null, "progressionRank": 0, "playerIndex": null, "routeNum": null, "blocker": false, "runner": false, "CBAssignmentPlayerID": null, "CBAssignmentPlayerIndex": null, "CBAssignmentPlayerPosition": null, "zoneYardX": null, "zoneYardY": null, "zoneHeight": null, "zoneWidth": null, "gapYardX": null, "gapYardY": null, "blockingAssignmentPlayerIndex": null, "blockingAssignmentUnitIndex": null}}, {"model": "quiz.position", "pk": 376, "fields": {"startX": 36.8816656494141, "startY": 71.7, "name": "TE", "formation": 32, "routeCoordinates": null, "runCoordinates": null, "progressionRank": null, "playerIndex": 0, "routeNum": null, "blocker": null, "runner": null, "CBAssignmentPlayerID": null, "CBAssignmentPlayerIndex": null, "CBAssignmentPlayerPosition": null, "zoneYardX": null, "zoneYardY": null, "zoneHeight": null, "zoneWidth": null, "gapYardX": null, "gapYardY": null, "blockingAssignmentPlayerIndex": null, "blockingAssignmentUnitIndex": null}}, {"model": "quiz.position", "pk": 377, "fields": {"startX": 42.4816656494141, "startY": 72.9, "name": "WR", "formation": 32, "routeCoordinates": null, "runCoordinates": null, "progressionRank": null, "playerIndex": 0, "routeNum": null, "blocker": null, "runner": null, "CBAssignmentPlayerID": null, "CBAssignmentPlayerIndex": null, "CBAssignmentPlayerPosition": null, "zoneYardX": null, "zoneYardY": null, "zoneHeight": null, "zoneWidth": null, "gapYardX": null, "gapYardY": null, "blockingAssignmentPlayerIndex": null, "blockingAssignmentUnitIndex": null}}, {"model": "quiz.position", "pk": 378, "fields": {"startX": 22.1816656494141, "startY": 63.9, "name": "RB", "formation": 32, "routeCoordinates": null, "runCoordinates": null, "progressionRank": null, "playerIndex": 0, "routeNum": null, "blocker": null, "runner": null, "CBAssignmentPlayerID": null, "CBAssignmentPlayerIndex": null, "CBAssignmentPlayerPosition": null, "zoneYardX": null, "zoneYardY": null, "zoneHeight": null, "zoneWidth": null, "gapYardX": null, "gapYardY": null, "blockingAssignmentPlayerIndex": null, "blockingAssignmentUnitIndex": null}}, {"model": "quiz.position", "pk": 379, "fields": {"startX": 11.1584090909091, "startY": 69.8618186811967, "name": "WR", "formation": 32, "routeCoordinates": null, "runCoordinates": null, "progressionRank": null, "playerIndex": 0, "routeNum": null, "blocker": null, "runner": null, "CBAssignmentPlayerID": null, "CBAssignmentPlayerIndex": null, "CBAssignmentPlayerPosition": null, "zoneYardX": null, "zoneYardY": null, "zoneHeight": null, "zoneWidth": null, "gapYardX": null, "gapYardY": null, "blockingAssignmentPlayerIndex": null, "blockingAssignmentUnitIndex": null}}, {"model": "quiz.position", "pk": 380, "fields": {"startX": 26.4816656494141, "startY": 65.1, "name": "QB", "formation": 32, "routeCoordinates": null, "runCoordinates": null, "progressionRank": null, "playerIndex": 0, "routeNum": null, "blocker": null, "runner": null, "CBAssignmentPlayerID": null, "CBAssignmentPlayerIndex": null, "CBAssignmentPlayerPosition": null, "zoneYardX": null, "zoneYardY": null, "zoneHeight": null, "zoneWidth": null, "gapYardX": null, "gapYardY": null, "blockingAssignmentPlayerIndex": null, "blockingAssignmentUnitIndex": null}}, {"model": "quiz.position", "pk": 381, "fields": {"startX": 33.665, "startY": 73.0, "name": "RT", "formation": 32, "routeCoordinates": null, "runCoordinates": null, "progressionRank": null, "playerIndex": 0, "routeNum": null, "blocker": null, "runner": null, "CBAssignmentPlayerID": null, "CBAssignmentPlayerIndex": null, "CBAssignmentPlayerPosition": null, "zoneYardX": null, "zoneYardY": null, "zoneHeight": null, "zoneWidth": null, "gapYardX": null, "gapYardY": null, "blockingAssignmentPlayerIndex": null, "blockingAssignmentUnitIndex": null}}, {"model": "quiz.position", "pk": 382, "fields": {"startX": 30.165, "startY": 73.0, "name": "RG", "formation": 32, "routeCoordinates": null, "runCoordinates": null, "progressionRank": null, "playerIndex": 0, "routeNum": null, "blocker": null, "runner": null, "CBAssignmentPlayerID": null, "CBAssignmentPlayerIndex": null, "CBAssignmentPlayerPosition": null, "zoneYardX": null, "zoneYardY": null, "zoneHeight": null, "zoneWidth": null, "gapYardX": null, "gapYardY": null, "blockingAssignmentPlayerIndex": null, "blockingAssignmentUnitIndex": null}}, {"model": "quiz.position", "pk": 383, "fields": {"startX": 26.665, "startY": 73.5, "name": "C", "formation": 32, "routeCoordinates": null, "runCoordinates": null, "progressionRank": null, "playerIndex": 0, "routeNum": null, "blocker": null, "runner": null, "CBAssignmentPlayerID": null, "CBAssignmentPlayerIndex": null, "CBAssignmentPlayerPosition": null, "zoneYardX": null, "zoneYardY": null, "zoneHeight": null, "zoneWidth": null, "gapYardX": null, "gapYardY": null, "blockingAssignmentPlayerIndex": null, "blockingAssignmentUnitIndex": null}}, {"model": "quiz.position", "pk": 384, "fields": {"startX": 23.165, "startY": 73.0, "name": "LG", "formation": 32, "routeCoordinates": null, "runCoordinates": null, "progressionRank": null, "playerIndex": 0, "routeNum": null, "blocker": null, "runner": null, "CBAssignmentPlayerID": null, "CBAssignmentPlayerIndex": null, "CBAssignmentPlayerPosition": null, "zoneYardX": null, "zoneYardY": null, "zoneHeight": null, "zoneWidth": null, "gapYardX": null, "gapYardY": null, "blockingAssignmentPlayerIndex": null, "blockingAssignmentUnitIndex": null}}, {"model": "quiz.position", "pk": 385, "fields": {"startX": 19.665, "startY": 73.0, "name": "LT", "formation": 32, "routeCoordinates": null, "runCoordinates": null, "progressionRank": null, "playerIndex": 0, "routeNum": null, "blocker": null, "runner": null, "CBAssignmentPlayerID": null, "CBAssignmentPlayerIndex": null, "CBAssignmentPlayerPosition": null, "zoneYardX": null, "zoneYardY": null, "zoneHeight": null, "zoneWidth": null, "gapYardX": null, "gapYardY": null, "blockingAssignmentPlayerIndex": null, "blockingAssignmentUnitIndex": null}}, {"model": "quiz.position", "pk": 386, "fields": {"startX": 3.1075, "startY": 73.2981823175604, "name": "WR", "formation": 32, "routeCoordinates": null, "runCoordinates": null, "progressionRank": null, "playerIndex": 1, "routeNum": null, "blocker": null, "runner": null, "CBAssignmentPlayerID": null, "CBAssignmentPlayerIndex": null, "CBAssignmentPlayerPosition": null, "zoneYardX": null, "zoneYardY": null, "zoneHeight": null, "zoneWidth": null, "gapYardX": null, "gapYardY": null, "blockingAssignmentPlayerIndex": null, "blockingAssignmentUnitIndex": null}}, {"model": "quiz.position", "pk": 387, "fields": {"startX": 19.665, "startY": 73.0, "name": "LT", "formation": 33, "routeCoordinates": null, "runCoordinates": null, "progressionRank": null, "playerIndex": -2, "routeNum": null, "blocker": null, "runner": null, "CBAssignmentPlayerID": null, "CBAssignmentPlayerIndex": null, "CBAssignmentPlayerPosition": null, "zoneYardX": null, "zoneYardY": null, "zoneHeight": null, "zoneWidth": null, "gapYardX": null, "gapYardY": null, "blockingAssignmentPlayerIndex": null, "blockingAssignmentUnitIndex": null}}, {"model": "quiz.position", "pk": 388, "fields": {"startX": 23.165, "startY": 73.0, "name": "LG", "formation": 33, "routeCoordinates": null, "runCoordinates": null, "progressionRank": null, "playerIndex": -1, "routeNum": null, "blocker": null, "runner": null, "CBAssignmentPlayerID": null, "CBAssignmentPlayerIndex": null, "CBAssignmentPlayerPosition": null, "zoneYardX": null, "zoneYardY": null, "zoneHeight": null, "zoneWidth": null, "gapYardX": null, "gapYardY": null, "blockingAssignmentPlayerIndex": null, "blockingAssignmentUnitIndex": null}}, {"model": "quiz.position", "pk": 389, "fields": {"startX": 26.665, "startY": 73.5, "name": "C", "formation": 33, "routeCoordinates": null, "runCoordinates": null, "progressionRank": null, "playerIndex": 0, "routeNum": null, "blocker": null, "runner": null, "CBAssignmentPlayerID": null, "CBAssignmentPlayerIndex": null, "CBAssignmentPlayerPosition": null, "zoneYardX": null, "zoneYardY": null, "zoneHeight": null, "zoneWidth": null, "gapYardX": null, "gapYardY": null, "blockingAssignmentPlayerIndex": null, "blockingAssignmentUnitIndex": null}}, {"model": "quiz.position", "pk": 390, "fields": {"startX": 30.165, "startY": 73.0, "name": "RG", "formation": 33, "routeCoordinates": null, "runCoordinates": null, "progressionRank": null, "playerIndex": 1, "routeNum": null, "blocker": null, "runner": null, "CBAssignmentPlayerID": null, "CBAssignmentPlayerIndex": null, "CBAssignmentPlayerPosition": null, "zoneYardX": null, "zoneYardY": null, "zoneHeight": null, "zoneWidth": null, "gapYardX": null, "gapYardY": null, "blockingAssignmentPlayerIndex": null, "blockingAssignmentUnitIndex": null}}, {"model": "quiz.position", "pk": 391, "fields": {"startX": 33.665, "startY": 73.0, "name": "RT", "formation": 33, "routeCoordinates": null, "runCoordinates": null, "progressionRank": null, "playerIndex": 2, "routeNum": null, "blocker": null, "runner": null, "CBAssignmentPlayerID": null, "CBAssignmentPlayerIndex": null, "CBAssignmentPlayerPosition": null, "zoneYardX": null, "zoneYardY": null, "zoneHeight": null, "zoneWidth": null, "gapYardX": null, "gapYardY": null, "blockingAssignmentPlayerIndex": null, "blockingAssignmentUnitIndex": null}}, {"model": "quiz.position", "pk": 392, "fields": {"startX": 26.665, "startY": 70.0, "name": "QB", "formation": 33, "routeCoordinates": null, "runCoordinates": null, "progressionRank": null, "playerIndex": 0, "routeNum": null, "blocker": null, "runner": null, "CBAssignmentPlayerID": null, "CBAssignmentPlayerIndex": null, "CBAssignmentPlayerPosition": null, "zoneYardX": null, "zoneYardY": null, "zoneHeight": null, "zoneWidth": null, "gapYardX": null, "gapYardY": null, "blockingAssignmentPlayerIndex": null, "blockingAssignmentUnitIndex": null}}, {"model": "quiz.position", "pk": 393, "fields": {"startX": 25.0020454545455, "startY": 64.6581823175604, "name": "RB", "formation": 33, "routeCoordinates": null, "runCoordinates": null, "progressionRank": null, "playerIndex": 1, "routeNum": null, "blocker": null, "runner": null, "CBAssignmentPlayerID": null, "CBAssignmentPlayerIndex": null, "CBAssignmentPlayerPosition": null, "zoneYardX": null, "zoneYardY": null, "zoneHeight": null, "zoneWidth": null, "gapYardX": null, "gapYardY": null, "blockingAssignmentPlayerIndex": null, "blockingAssignmentUnitIndex": null}}, {"model": "quiz.position", "pk": 394, "fields": {"startX": 17.6384090909091, "startY": 66.6218186811967, "name": "RB", "formation": 33, "routeCoordinates": null, "runCoordinates": null, "progressionRank": null, "playerIndex": 2, "routeNum": null, "blocker": null, "runner": null, "CBAssignmentPlayerID": null, "CBAssignmentPlayerIndex": null, "CBAssignmentPlayerPosition": null, "zoneYardX": null, "zoneYardY": null, "zoneHeight": null, "zoneWidth": null, "gapYardX": null, "gapYardY": null, "blockingAssignmentPlayerIndex": null, "blockingAssignmentUnitIndex": null}}, {"model": "quiz.position", "pk": 395, "fields": {"startX": 9.19477272727273, "startY": 73.3963641357422, "name": "WR", "formation": 33, "routeCoordinates": null, "runCoordinates": null, "progressionRank": null, "playerIndex": 1, "routeNum": null, "blocker": null, "runner": null, "CBAssignmentPlayerID": null, "CBAssignmentPlayerIndex": null, "CBAssignmentPlayerPosition": null, "zoneYardX": null, "zoneYardY": null, "zoneHeight": null, "zoneWidth": null, "gapYardX": null, "gapYardY": null, "blockingAssignmentPlayerIndex": null, "blockingAssignmentUnitIndex": null}}, {"model": "quiz.position", "pk": 396, "fields": {"startX": 46.6020454545455, "startY": 71.334545953924, "name": "WR", "formation": 33, "routeCoordinates": null, "runCoordinates": null, "progressionRank": null, "playerIndex": 2, "routeNum": null, "blocker": null, "runner": null, "CBAssignmentPlayerID": null, "CBAssignmentPlayerIndex": null, "CBAssignmentPlayerPosition": null, "zoneYardX": null, "zoneYardY": null, "zoneHeight": null, "zoneWidth": null, "gapYardX": null, "gapYardY": null, "blockingAssignmentPlayerIndex": null, "blockingAssignmentUnitIndex": null}}, {"model": "quiz.position", "pk": 397, "fields": {"startX": 37.9620454545455, "startY": 73.2000004993785, "name": "TE", "formation": 33, "routeCoordinates": null, "runCoordinates": null, "progressionRank": null, "playerIndex": 1, "routeNum": null, "blocker": null, "runner": null, "CBAssignmentPlayerID": null, "CBAssignmentPlayerIndex": null, "CBAssignmentPlayerPosition": null, "zoneYardX": null, "zoneYardY": null, "zoneHeight": null, "zoneWidth": null, "gapYardX": null, "gapYardY": null, "blockingAssignmentPlayerIndex": null, "blockingAssignmentUnitIndex": null}}, {"model": "quiz.position", "pk": 398, "fields": {"startX": 37.9620454545455, "startY": 73.2000004993785, "name": "TE", "formation": null, "routeCoordinates": "[[37.9620454545455, 73.2000004993785], [29.42022727272727, 82.72363686301492]]", "runCoordinates": null, "progressionRank": 1, "playerIndex": null, "routeNum": null, "blocker": false, "runner": false, "CBAssignmentPlayerID": null, "CBAssignmentPlayerIndex": null, "CBAssignmentPlayerPosition": null, "zoneYardX": null, "zoneYardY": null, "zoneHeight": null, "zoneWidth": null, "gapYardX": null, "gapYardY": null, "blockingAssignmentPlayerIndex": null, "blockingAssignmentUnitIndex": null}}, {"model": "quiz.position", "pk": 399, "fields": {"startX": 46.6020454545455, "startY": 71.334545953924, "name": "WR", "formation": null, "routeCoordinates": "[[46.6020454545455, 71.334545953924], [45.71840909090909, 82.82181868119673]]", "runCoordinates": null, "progressionRank": 0, "playerIndex": null, "routeNum": null, "blocker": false, "runner": false, "CBAssignmentPlayerID": null, "CBAssignmentPlayerIndex": null, "CBAssignmentPlayerPosition": null, "zoneYardX": null, "zoneYardY": null, "zoneHeight": null, "zoneWidth": null, "gapYardX": null, "gapYardY": null, "blockingAssignmentPlayerIndex": null, "blockingAssignmentUnitIndex": null}}, {"model": "quiz.position", "pk": 400, "fields": {"startX": 9.19477272727273, "startY": 73.3963641357422, "name": "WR", "formation": null, "routeCoordinates": "[[9.19477272727273, 73.3963641357422], [8.507499999999999, 83.214545953924], [12.925681818181816, 87.14181868119674], [15.47840909090909, 89.40000049937855]]", "runCoordinates": null, "progressionRank": 2, "playerIndex": null, "routeNum": null, "blocker": false, "runner": false, "CBAssignmentPlayerID": null, "CBAssignmentPlayerIndex": null, "CBAssignmentPlayerPosition": null, "zoneYardX": null, "zoneYardY": null, "zoneHeight": null, "zoneWidth": null, "gapYardX": null, "gapYardY": null, "blockingAssignmentPlayerIndex": null, "blockingAssignmentUnitIndex": null}}, {"model": "quiz.position", "pk": 401, "fields": {"startX": 17.6384090909091, "startY": 66.6218186811967, "name": "RB", "formation": null, "routeCoordinates": "[[17.6384090909091, 66.6218186811967], [20.583863636363635, 68.68363686301493]]", "runCoordinates": null, "progressionRank": 3, "playerIndex": null, "routeNum": null, "blocker": false, "runner": false, "CBAssignmentPlayerID": null, "CBAssignmentPlayerIndex": null, "CBAssignmentPlayerPosition": null, "zoneYardX": null, "zoneYardY": null, "zoneHeight": null, "zoneWidth": null, "gapYardX": null, "gapYardY": null, "blockingAssignmentPlayerIndex": null, "blockingAssignmentUnitIndex": null}}, {"model": "quiz.position", "pk": 402, "fields": {"startX": 25.0020454545455, "startY": 64.6581823175604, "name": "RB", "formation": null, "routeCoordinates": "[[25.0020454545455, 64.6581823175604], [38.64931818181818, 67.30909140846947]]", "runCoordinates": null, "progressionRank": 2, "playerIndex": null, "routeNum": null, "blocker": false, "runner": false, "CBAssignmentPlayerID": null, "CBAssignmentPlayerIndex": null, "CBAssignmentPlayerPosition": null, "zoneYardX": null, "zoneYardY": null, "zoneHeight": null, "zoneWidth": null, "gapYardX": null, "gapYardY": null, "blockingAssignmentPlayerIndex": null, "blockingAssignmentUnitIndex": null}}, {"model": "quiz.position", "pk": 403, "fields": {"startX": 26.665, "startY": 70.0, "name": "QB", "formation": null, "routeCoordinates": "[[26.665, 70]]", "runCoordinates": null, "progressionRank": 0, "playerIndex": null, "routeNum": null, "blocker": false, "runner": false, "CBAssignmentPlayerID": null, "CBAssignmentPlayerIndex": null, "CBAssignmentPlayerPosition": null, "zoneYardX": null, "zoneYardY": null, "zoneHeight": null, "zoneWidth": null, "gapYardX": null, "gapYardY": null, "blockingAssignmentPlayerIndex": null, "blockingAssignmentUnitIndex": null}}, {"model": "quiz.position", "pk": 404, "fields": {"startX": 33.665, "startY": 73.0, "name": "RT", "formation": null, "routeCoordinates": "[[33.665, 73]]", "runCoordinates": null, "progressionRank": 0, "playerIndex": null, "routeNum": null, "blocker": false, "runner": false, "CBAssignmentPlayerID": null, "CBAssignmentPlayerIndex": null, "CBAssignmentPlayerPosition": null, "zoneYardX": null, "zoneYardY": null, "zoneHeight": null, "zoneWidth": null, "gapYardX": null, "gapYardY": null, "blockingAssignmentPlayerIndex": null, "blockingAssignmentUnitIndex": null}}, {"model": "quiz.position", "pk": 405, "fields": {"startX": 30.165, "startY": 73.0, "name": "RG", "formation": null, "routeCoordinates": "[[30.165, 73]]", "runCoordinates": null, "progressionRank": 0, "playerIndex": null, "routeNum": null, "blocker": false, "runner": false, "CBAssignmentPlayerID": null, "CBAssignmentPlayerIndex": null, "CBAssignmentPlayerPosition": null, "zoneYardX": null, "zoneYardY": null, "zoneHeight": null, "zoneWidth": null, "gapYardX": null, "gapYardY": null, "blockingAssignmentPlayerIndex": null, "blockingAssignmentUnitIndex": null}}, {"model": "quiz.position", "pk": 406, "fields": {"startX": 26.665, "startY": 73.5, "name": "C", "formation": null, "routeCoordinates": "[[26.665, 73.5]]", "runCoordinates": null, "progressionRank": 0, "playerIndex": null, "routeNum": null, "blocker": false, "runner": false, "CBAssignmentPlayerID": null, "CBAssignmentPlayerIndex": null, "CBAssignmentPlayerPosition": null, "zoneYardX": null, "zoneYardY": null, "zoneHeight": null, "zoneWidth": null, "gapYardX": null, "gapYardY": null, "blockingAssignmentPlayerIndex": null, "blockingAssignmentUnitIndex": null}}, {"model": "quiz.position", "pk": 407, "fields": {"startX": 23.165, "startY": 73.0, "name": "LG", "formation": null, "routeCoordinates": "[[23.165, 73]]", "runCoordinates": null, "progressionRank": 0, "playerIndex": null, "routeNum": null, "blocker": false, "runner": false, "CBAssignmentPlayerID": null, "CBAssignmentPlayerIndex": null, "CBAssignmentPlayerPosition": null, "zoneYardX": null, "zoneYardY": null, "zoneHeight": null, "zoneWidth": null, "gapYardX": null, "gapYardY": null, "blockingAssignmentPlayerIndex": null, "blockingAssignmentUnitIndex": null}}, {"model": "quiz.position", "pk": 408, "fields": {"startX": 19.665, "startY": 73.0, "name": "LT", "formation": null, "routeCoordinates": "[[19.665, 73]]", "runCoordinates": null, "progressionRank": 0, "playerIndex": null, "routeNum": null, "blocker": false, "runner": false, "CBAssignmentPlayerID": null, "CBAssignmentPlayerIndex": null, "CBAssignmentPlayerPosition": null, "zoneYardX": null, "zoneYardY": null, "zoneHeight": null, "zoneWidth": null, "gapYardX": null, "gapYardY": null, "blockingAssignmentPlayerIndex": null, "blockingAssignmentUnitIndex": null}}, {"model": "quiz.position", "pk": 409, "fields": {"startX": 37.9620454545455, "startY": 73.2000004993785, "name": "TE", "formation": null, "routeCoordinates": "[[37.9620454545455, 73.2000004993785]]", "runCoordinates": null, "progressionRank": 0, "playerIndex": null, "routeNum": null, "blocker": false, "runner": false, "CBAssignmentPlayerID": null, "CBAssignmentPlayerIndex": null, "CBAssignmentPlayerPosition": null, "zoneYardX": null, "zoneYardY": null, "zoneHeight": null, "zoneWidth": null, "gapYardX": null, "gapYardY": null, "blockingAssignmentPlayerIndex": null, "blockingAssignmentUnitIndex": null}}, {"model": "quiz.position", "pk": 410, "fields": {"startX": 46.6020454545455, "startY": 71.334545953924, "name": "WR", "formation": null, "routeCoordinates": "[[46.6020454545455, 71.334545953924]]", "runCoordinates": null, "progressionRank": 0, "playerIndex": null, "routeNum": null, "blocker": false, "runner": false, "CBAssignmentPlayerID": null, "CBAssignmentPlayerIndex": null, "CBAssignmentPlayerPosition": null, "zoneYardX": null, "zoneYardY": null, "zoneHeight": null, "zoneWidth": null, "gapYardX": null, "gapYardY": null, "blockingAssignmentPlayerIndex": null, "blockingAssignmentUnitIndex": null}}, {"model": "quiz.position", "pk": 411, "fields": {"startX": 9.19477272727273, "startY": 73.3963641357422, "name": "WR", "formation": null, "routeCoordinates": "[[9.19477272727273, 73.3963641357422]]", "runCoordinates": null, "progressionRank": 0, "playerIndex": null, "routeNum": null, "blocker": false, "runner": false, "CBAssignmentPlayerID": null, "CBAssignmentPlayerIndex": null, "CBAssignmentPlayerPosition": null, "zoneYardX": null, "zoneYardY": null, "zoneHeight": null, "zoneWidth": null, "gapYardX": null, "gapYardY": null, "blockingAssignmentPlayerIndex": null, "blockingAssignmentUnitIndex": null}}, {"model": "quiz.position", "pk": 412, "fields": {"startX": 17.6384090909091, "startY": 66.6218186811967, "name": "RB", "formation": null, "routeCoordinates": "[[17.6384090909091, 66.6218186811967]]", "runCoordinates": null, "progressionRank": 0, "playerIndex": null, "routeNum": null, "blocker": false, "runner": false, "CBAssignmentPlayerID": null, "CBAssignmentPlayerIndex": null, "CBAssignmentPlayerPosition": null, "zoneYardX": null, "zoneYardY": null, "zoneHeight": null, "zoneWidth": null, "gapYardX": null, "gapYardY": null, "blockingAssignmentPlayerIndex": null, "blockingAssignmentUnitIndex": null}}, {"model": "quiz.position", "pk": 413, "fields": {"startX": 25.0020454545455, "startY": 64.6581823175604, "name": "RB", "formation": null, "routeCoordinates": "[[25.0020454545455, 64.6581823175604]]", "runCoordinates": null, "progressionRank": 0, "playerIndex": null, "routeNum": null, "blocker": false, "runner": false, "CBAssignmentPlayerID": null, "CBAssignmentPlayerIndex": null, "CBAssignmentPlayerPosition": null, "zoneYardX": null, "zoneYardY": null, "zoneHeight": null, "zoneWidth": null, "gapYardX": null, "gapYardY": null, "blockingAssignmentPlayerIndex": null, "blockingAssignmentUnitIndex": null}}, {"model": "quiz.position", "pk": 414, "fields": {"startX": 26.665, "startY": 70.0, "name": "QB", "formation": null, "routeCoordinates": "[[26.665, 70]]", "runCoordinates": null, "progressionRank": 0, "playerIndex": null, "routeNum": null, "blocker": false, "runner": false, "CBAssignmentPlayerID": null, "CBAssignmentPlayerIndex": null, "CBAssignmentPlayerPosition": null, "zoneYardX": null, "zoneYardY": null, "zoneHeight": null, "zoneWidth": null, "gapYardX": null, "gapYardY": null, "blockingAssignmentPlayerIndex": null, "blockingAssignmentUnitIndex": null}}, {"model": "quiz.position", "pk": 415, "fields": {"startX": 33.665, "startY": 73.0, "name": "RT", "formation": null, "routeCoordinates": "[[33.665, 73]]", "runCoordinates": null, "progressionRank": 0, "playerIndex": null, "routeNum": null, "blocker": false, "runner": false, "CBAssignmentPlayerID": null, "CBAssignmentPlayerIndex": null, "CBAssignmentPlayerPosition": null, "zoneYardX": null, "zoneYardY": null, "zoneHeight": null, "zoneWidth": null, "gapYardX": null, "gapYardY": null, "blockingAssignmentPlayerIndex": null, "blockingAssignmentUnitIndex": null}}, {"model": "quiz.position", "pk": 416, "fields": {"startX": 30.165, "startY": 73.0, "name": "RG", "formation": null, "routeCoordinates": "[[30.165, 73]]", "runCoordinates": null, "progressionRank": 0, "playerIndex": null, "routeNum": null, "blocker": false, "runner": false, "CBAssignmentPlayerID": null, "CBAssignmentPlayerIndex": null, "CBAssignmentPlayerPosition": null, "zoneYardX": null, "zoneYardY": null, "zoneHeight": null, "zoneWidth": null, "gapYardX": null, "gapYardY": null, "blockingAssignmentPlayerIndex": null, "blockingAssignmentUnitIndex": null}}, {"model": "quiz.position", "pk": 417, "fields": {"startX": 26.665, "startY": 73.5, "name": "C", "formation": null, "routeCoordinates": "[[26.665, 73.5]]", "runCoordinates": null, "progressionRank": 0, "playerIndex": null, "routeNum": null, "blocker": false, "runner": false, "CBAssignmentPlayerID": null, "CBAssignmentPlayerIndex": null, "CBAssignmentPlayerPosition": null, "zoneYardX": null, "zoneYardY": null, "zoneHeight": null, "zoneWidth": null, "gapYardX": null, "gapYardY": null, "blockingAssignmentPlayerIndex": null, "blockingAssignmentUnitIndex": null}}, {"model": "quiz.position", "pk": 418, "fields": {"startX": 23.165, "startY": 73.0, "name": "LG", "formation": null, "routeCoordinates": "[[23.165, 73]]", "runCoordinates": null, "progressionRank": 0, "playerIndex": null, "routeNum": null, "blocker": false, "runner": false, "CBAssignmentPlayerID": null, "CBAssignmentPlayerIndex": null, "CBAssignmentPlayerPosition": null, "zoneYardX": null, "zoneYardY": null, "zoneHeight": null, "zoneWidth": null, "gapYardX": null, "gapYardY": null, "blockingAssignmentPlayerIndex": null, "blockingAssignmentUnitIndex": null}}, {"model": "quiz.position", "pk": 419, "fields": {"startX": 19.665, "startY": 73.0, "name": "LT", "formation": null, "routeCoordinates": "[[19.665, 73]]", "runCoordinates": null, "progressionRank": 0, "playerIndex": null, "routeNum": null, "blocker": false, "runner": false, "CBAssignmentPlayerID": null, "CBAssignmentPlayerIndex": null, "CBAssignmentPlayerPosition": null, "zoneYardX": null, "zoneYardY": null, "zoneHeight": null, "zoneWidth": null, "gapYardX": null, "gapYardY": null, "blockingAssignmentPlayerIndex": null, "blockingAssignmentUnitIndex": null}}, {"model": "quiz.test", "pk": 1, "fields": {"name": "Peyton Test-1", "type_of_test": "QBProgression", "player": 1, "score": null, "skips": null, "incorrect_guesses": null, "deadline": "2016-01-27T00:00:00Z", "completed": false, "in_progress": false, "created_at": "2016-02-09T22:29:36.048Z", "updated_at": "2016-02-09T22:29:47.446Z", "coach_who_created": 2, "formations": []}}, {"model": "quiz.test", "pk": 2, "fields": {"name": "Conner Demo", "type_of_test": "QBProgression", "player": 2, "score": null, "skips": null, "incorrect_guesses": null, "deadline": "2016-04-23T00:00:00Z", "completed": false, "in_progress": true, "created_at": "2016-04-11T21:45:52.942Z", "updated_at": "2016-04-13T14:42:02.497Z", "coach_who_created": 5, "formations": []}}, {"model": "quiz.test", "pk": 3, "fields": {"name": "Rams Demo", "type_of_test": "QBProgression", "player": 3, "score": null, "skips": null, "incorrect_guesses": null, "deadline": "2016-04-23T00:00:00Z", "completed": false, "in_progress": true, "created_at": "2016-04-13T18:37:28.708Z", "updated_at": "2016-04-15T15:46:29.154Z", "coach_who_created": 7, "formations": []}}, {"model": "quiz.test", "pk": 4, "fields": {"name": "Rams Demo", "type_of_test": "QBProgression", "player": 4, "score": null, "skips": null, "incorrect_guesses": null, "deadline": "2016-04-23T00:00:00Z", "completed": false, "in_progress": true, "created_at": "2016-04-13T18:37:57.183Z", "updated_at": "2016-04-15T17:03:55.935Z", "coach_who_created": 7, "formations": []}}, {"model": "quiz.test", "pk": 5, "fields": {"name": "Rams Demo", "type_of_test": "QBProgression", "player": 5, "score": null, "skips": null, "incorrect_guesses": null, "deadline": "2016-04-23T00:00:00Z", "completed": false, "in_progress": true, "created_at": "2016-04-13T18:38:18.957Z", "updated_at": "2016-04-14T23:47:34.498Z", "coach_who_created": 7, "formations": []}}, {"model": "quiz.test", "pk": 6, "fields": {"name": "Julia's Quiz", "type_of_test": "QBProgression", "player": 4, "score": null, "skips": null, "incorrect_guesses": null, "deadline": "2016-04-23T00:00:00Z", "completed": false, "in_progress": true, "created_at": "2016-04-15T20:24:16.572Z", "updated_at": "2016-04-15T21:57:31.428Z", "coach_who_created": 7, "formations": []}}, {"model": "quiz.test", "pk": 7, "fields": {"name": "Chargers Demo", "type_of_test": "QBProgression", "player": 6, "score": null, "skips": null, "incorrect_guesses": null, "deadline": "2016-04-23T00:00:00Z", "completed": false, "in_progress": false, "created_at": "2016-04-16T19:58:00.156Z", "updated_at": "2016-04-16T19:58:16.188Z", "coach_who_created": 11, "formations": []}}, {"model": "quiz.test", "pk": 8, "fields": {"name": "Chargers Demo", "type_of_test": "QBProgression", "player": 8, "score": null, "skips": null, "incorrect_guesses": null, "deadline": "2016-04-23T00:00:00Z", "completed": false, "in_progress": true, "created_at": "2016-04-16T19:58:40.516Z", "updated_at": "2016-04-17T18:46:51.272Z", "coach_who_created": 11, "formations": []}}, {"model": "quiz.test", "pk": 9, "fields": {"name": "Chargers Demo", "type_of_test": "QBProgression", "player": 7, "score": null, "skips": null, "incorrect_guesses": null, "deadline": "2016-04-23T00:00:00Z", "completed": false, "in_progress": false, "created_at": "2016-04-16T19:59:04.910Z", "updated_at": "2016-04-16T19:59:13.616Z", "coach_who_created": 11, "formations": []}}, {"model": "quiz.play", "pk": 1, "fields": {"name": "Streaks", "team": 1, "formation": 2, "created_at": "2016-02-09T22:25:36.902Z", "updated_at": "2016-04-16T19:59:09.548Z", "players": [], "positions": [34, 35, 36, 37, 38, 39, 40, 41, 42, 43, 44], "tests": [1, 7, 8, 9]}}, {"model": "quiz.play", "pk": 2, "fields": {"name": "Outs", "team": 1, "formation": 2, "created_at": "2016-02-09T22:26:23.871Z", "updated_at": "2016-04-16T19:59:09.938Z", "players": [], "positions": [46, 47, 48, 49, 50, 51, 52, 53, 54, 55, 45], "tests": [1, 7, 8, 9]}}, {"model": "quiz.play", "pk": 3, "fields": {"name": "Spider 2 Y Banana", "team": 1, "formation": 28, "created_at": "2016-04-13T13:56:37.547Z", "updated_at": "2016-04-16T19:59:13.614Z", "players": [], "positions": [310, 311, 312, 313, 314, 315, 316, 317, 318, 319, 320], "tests": [2, 3, 4, 5, 7, 8, 9]}}, {"model": "quiz.play", "pk": 4, "fields": {"name": "525 Hawaii", "team": 1, "formation": 3, "created_at": "2016-04-13T13:57:42.521Z", "updated_at": "2016-04-16T19:59:11.539Z", "players": [], "positions": [321, 322, 323, 324, 325, 326, 327, 328, 329, 330, 331], "tests": [2, 3, 4, 5, 7, 8, 9]}}, {"model": "quiz.play", "pk": 5, "fields": {"name": "Inside WR Screens", "team": 1, "formation": 3, "created_at": "2016-04-13T13:58:49.921Z", "updated_at": "2016-04-16T19:59:11.915Z", "players": [], "positions": [332, 333, 334, 335, 336, 337, 338, 339, 340, 341, 342], "tests": [2, 3, 4, 5, 7, 8, 9]}}, {"model": "quiz.play", "pk": 6, "fields": {"name": "Tim Deep Posts", "team": 1, "formation": 31, "created_at": "2016-04-14T23:47:00.332Z", "updated_at": "2016-04-15T20:24:43.849Z", "players": [], "positions": [365, 366, 367, 368, 369, 370, 371, 372, 373, 374, 375], "tests": [6]}}, {"model": "quiz.play", "pk": 7, "fields": {"name": "", "team": 1, "formation": 33, "created_at": "2016-04-15T20:22:51.216Z", "updated_at": "2016-04-15T20:24:33.518Z", "players": [], "positions": [398, 399, 400, 401, 402, 403, 404, 405, 406, 407, 408], "tests": [6]}}, {"model": "quiz.play", "pk": 8, "fields": {"name": "", "team": 1, "formation": 33, "created_at": "2016-04-15T20:22:56.286Z", "updated_at": "2016-04-15T20:22:56.429Z", "players": [], "positions": [409, 410, 411, 412, 413, 414, 415, 416, 417, 418, 419], "tests": []}}, {"model": "quiz.testresult", "pk": 4, "fields": {"score": 2.0, "skips": 0.0, "incorrect_guesses": 3.0, "string_id": "4", "time_taken": 2, "test": 2, "player": 2, "most_recent": false, "completed": true, "created_at": "2016-04-11T21:46:13.962Z", "updated_at": "2016-04-13T14:42:18.173Z", "missed_plays": [1], "correct_plays": [1, 2], "skipped_plays": []}}, {"model": "quiz.testresult", "pk": 5, "fields": {"score": 1.0, "skips": 0.0, "incorrect_guesses": 1.0, "string_id": "5", "time_taken": 3, "test": 2, "player": 2, "most_recent": false, "completed": true, "created_at": "2016-04-11T21:53:54.866Z", "updated_at": "2016-04-13T14:42:18.176Z", "missed_plays": [1], "correct_plays": [1], "skipped_plays": []}}, {"model": "quiz.testresult", "pk": 6, "fields": {"score": 0.0, "skips": 1.0, "incorrect_guesses": 1.0, "string_id": "6", "time_taken": 3, "test": 2, "player": 2, "most_recent": false, "completed": true, "created_at": "2016-04-11T21:54:12.695Z", "updated_at": "2016-04-13T14:42:18.178Z", "missed_plays": [2], "correct_plays": [], "skipped_plays": [1]}}, {"model": "quiz.testresult", "pk": 7, "fields": {"score": 1.0, "skips": 0.0, "incorrect_guesses": 1.0, "string_id": "7", "time_taken": null, "test": 2, "player": 2, "most_recent": false, "completed": false, "created_at": "2016-04-11T21:54:24.266Z", "updated_at": "2016-04-13T14:42:18.181Z", "missed_plays": [1], "correct_plays": [2], "skipped_plays": []}}, {"model": "quiz.testresult", "pk": 8, "fields": {"score": 1.0, "skips": 0.0, "incorrect_guesses": 1.0, "string_id": "8", "time_taken": 3, "test": 2, "player": 2, "most_recent": false, "completed": true, "created_at": "2016-04-11T21:56:07.588Z", "updated_at": "2016-04-13T14:42:18.183Z", "missed_plays": [1], "correct_plays": [2], "skipped_plays": []}}, {"model": "quiz.testresult", "pk": 9, "fields": {"score": 0.0, "skips": 0.0, "incorrect_guesses": 2.0, "string_id": "9", "time_taken": 3, "test": 2, "player": 2, "most_recent": false, "completed": true, "created_at": "2016-04-11T21:56:28.171Z", "updated_at": "2016-04-13T14:42:18.185Z", "missed_plays": [1, 2], "correct_plays": [], "skipped_plays": []}}, {"model": "quiz.testresult", "pk": 10, "fields": {"score": 0.0, "skips": 0.0, "incorrect_guesses": 2.0, "string_id": "10", "time_taken": 0, "test": 2, "player": 2, "most_recent": false, "completed": true, "created_at": "2016-04-11T22:01:02.066Z", "updated_at": "2016-04-13T14:42:18.187Z", "missed_plays": [1, 2], "correct_plays": [], "skipped_plays": []}}, {"model": "quiz.testresult", "pk": 11, "fields": {"score": 0.0, "skips": 0.0, "incorrect_guesses": 2.0, "string_id": "11", "time_taken": 0, "test": 2, "player": 2, "most_recent": false, "completed": true, "created_at": "2016-04-11T22:02:11.577Z", "updated_at": "2016-04-13T14:42:18.190Z", "missed_plays": [1, 2], "correct_plays": [], "skipped_plays": []}}, {"model": "quiz.testresult", "pk": 12, "fields": {"score": 0.0, "skips": 0.0, "incorrect_guesses": 2.0, "string_id": "12", "time_taken": 0, "test": 2, "player": 2, "most_recent": false, "completed": true, "created_at": "2016-04-11T22:06:53.316Z", "updated_at": "2016-04-13T14:42:18.192Z", "missed_plays": [1, 2], "correct_plays": [], "skipped_plays": []}}, {"model": "quiz.testresult", "pk": 13, "fields": {"score": 0.0, "skips": 0.0, "incorrect_guesses": 2.0, "string_id": "13", "time_taken": 9, "test": 2, "player": 2, "most_recent": false, "completed": true, "created_at": "2016-04-11T22:08:01.779Z", "updated_at": "2016-04-13T14:42:18.195Z", "missed_plays": [1, 2], "correct_plays": [], "skipped_plays": []}}, {"model": "quiz.testresult", "pk": 14, "fields": {"score": 0.0, "skips": 0.0, "incorrect_guesses": 2.0, "string_id": "14", "time_taken": 0, "test": 2, "player": 2, "most_recent": false, "completed": true, "created_at": "2016-04-11T22:10:08.819Z", "updated_at": "2016-04-13T14:42:18.198Z", "missed_plays": [1, 2], "correct_plays": [], "skipped_plays": []}}, {"model": "quiz.testresult", "pk": 15, "fields": {"score": 0.0, "skips": 0.0, "incorrect_guesses": 2.0, "string_id": "15", "time_taken": 122, "test": 2, "player": 2, "most_recent": false, "completed": true, "created_at": "2016-04-11T22:10:18.096Z", "updated_at": "2016-04-13T14:42:18.200Z", "missed_plays": [1, 2], "correct_plays": [], "skipped_plays": []}}, {"model": "quiz.testresult", "pk": 16, "fields": {"score": 0.0, "skips": 0.0, "incorrect_guesses": 1.0, "string_id": "16", "time_taken": null, "test": 2, "player": 2, "most_recent": false, "completed": false, "created_at": "2016-04-12T21:12:43.226Z", "updated_at": "2016-04-13T14:42:18.202Z", "missed_plays": [1], "correct_plays": [], "skipped_plays": []}}, {"model": "quiz.testresult", "pk": 17, "fields": {"score": 0.0, "skips": 1.0, "incorrect_guesses": 1.0, "string_id": "17", "time_taken": 3, "test": 2, "player": 2, "most_recent": false, "completed": true, "created_at": "2016-04-13T03:58:42.740Z", "updated_at": "2016-04-13T14:42:18.204Z", "missed_plays": [1], "correct_plays": [], "skipped_plays": [2]}}, {"model": "quiz.testresult", "pk": 18, "fields": {"score": 0.0, "skips": 2.0, "incorrect_guesses": 0.0, "string_id": "18", "time_taken": 10, "test": 2, "player": 2, "most_recent": false, "completed": true, "created_at": "2016-04-13T03:58:50.134Z", "updated_at": "2016-04-13T14:42:18.209Z", "missed_plays": [], "correct_plays": [], "skipped_plays": [1, 2]}}, {"model": "quiz.testresult", "pk": 19, "fields": {"score": 0.0, "skips": 0.0, "incorrect_guesses": 2.0, "string_id": "19", "time_taken": 12, "test": 2, "player": 2, "most_recent": false, "completed": true, "created_at": "2016-04-13T03:58:53.223Z", "updated_at": "2016-04-13T14:42:18.211Z", "missed_plays": [1, 2], "correct_plays": [], "skipped_plays": []}}, {"model": "quiz.testresult", "pk": 20, "fields": {"score": 3.0, "skips": 0.0, "incorrect_guesses": 2.0, "string_id": "20", "time_taken": 3, "test": 2, "player": 2, "most_recent": false, "completed": true, "created_at": "2016-04-13T13:59:22.000Z", "updated_at": "2016-04-13T14:42:18.215Z", "missed_plays": [1, 4], "correct_plays": [2, 5, 3], "skipped_plays": []}}, {"model": "quiz.testresult", "pk": 21, "fields": {"score": 0.0, "skips": 5.0, "incorrect_guesses": 0.0, "string_id": "21", "time_taken": 33, "test": 2, "player": 2, "most_recent": false, "completed": true, "created_at": "2016-04-13T13:59:51.739Z", "updated_at": "2016-04-13T14:42:18.217Z", "missed_plays": [], "correct_plays": [], "skipped_plays": [1, 2, 4, 5, 3]}}, {"model": "quiz.testresult", "pk": 22, "fields": {"score": 1.0, "skips": 2.0, "incorrect_guesses": 2.0, "string_id": "22", "time_taken": 36, "test": 2, "player": 2, "most_recent": false, "completed": true, "created_at": "2016-04-13T13:59:56.963Z", "updated_at": "2016-04-13T14:42:18.218Z", "missed_plays": [5, 3], "correct_plays": [4], "skipped_plays": [1, 2]}}, {"model": "quiz.testresult", "pk": 23, "fields": {"score": 0.0, "skips": 0.0, "incorrect_guesses": 1.0, "string_id": "23", "time_taken": null, "test": 2, "player": 2, "most_recent": true, "completed": false, "created_at": "2016-04-13T14:42:18.139Z", "updated_at": "2016-04-13T14:42:20.162Z", "missed_plays": [1], "correct_plays": [], "skipped_plays": []}}, {"model": "quiz.testresult", "pk": 24, "fields": {"score": 5.0, "skips": 0.0, "incorrect_guesses": 0.0, "string_id": "24", "time_taken": 2, "test": 5, "player": 5, "most_recent": false, "completed": true, "created_at": "2016-04-13T18:38:36.374Z", "updated_at": "2016-04-14T23:47:41.083Z", "missed_plays": [1], "correct_plays": [1, 2, 4, 5, 3], "skipped_plays": [2, 4, 5, 3]}}, {"model": "quiz.testresult", "pk": 25, "fields": {"score": 1.0, "skips": 0.0, "incorrect_guesses": 0.0, "string_id": "25", "time_taken": null, "test": 5, "player": 5, "most_recent": false, "completed": false, "created_at": "2016-04-13T18:40:40.392Z", "updated_at": "2016-04-14T23:47:41.086Z", "missed_plays": [], "correct_plays": [1], "skipped_plays": []}}, {"model": "quiz.testresult", "pk": 26, "fields": {"score": 0.0, "skips": 0.0, "incorrect_guesses": 5.0, "string_id": "26", "time_taken": 21, "test": 5, "player": 5, "most_recent": false, "completed": true, "created_at": "2016-04-13T18:40:59.356Z", "updated_at": "2016-04-14T23:47:41.089Z", "missed_plays": [1, 2, 4, 5, 3], "correct_plays": [], "skipped_plays": []}}, {"model": "quiz.testresult", "pk": 27, "fields": {"score": 0.0, "skips": 5.0, "incorrect_guesses": 0.0, "string_id": "27", "time_taken": 39, "test": 5, "player": 5, "most_recent": false, "completed": true, "created_at": "2016-04-13T18:41:16.364Z", "updated_at": "2016-04-14T23:47:41.093Z", "missed_plays": [], "correct_plays": [], "skipped_plays": [1, 2, 4, 5, 3]}}, {"model": "quiz.testresult", "pk": 28, "fields": {"score": 0.0, "skips": 0.0, "incorrect_guesses": 1.0, "string_id": "28", "time_taken": null, "test": 5, "player": 5, "most_recent": false, "completed": false, "created_at": "2016-04-13T18:44:53.579Z", "updated_at": "2016-04-14T23:47:41.099Z", "missed_plays": [1], "correct_plays": [], "skipped_plays": []}}, {"model": "quiz.testresult", "pk": 29, "fields": {"score": 0.0, "skips": 0.0, "incorrect_guesses": 1.0, "string_id": "29", "time_taken": null, "test": 5, "player": 5, "most_recent": false, "completed": false, "created_at": "2016-04-13T20:51:55.203Z", "updated_at": "2016-04-14T23:47:41.103Z", "missed_plays": [1], "correct_plays": [], "skipped_plays": []}}, {"model": "quiz.testresult", "pk": 30, "fields": {"score": 0.0, "skips": 0.0, "incorrect_guesses": 1.0, "string_id": "30", "time_taken": null, "test": 5, "player": 5, "most_recent": false, "completed": false, "created_at": "2016-04-13T21:13:37.581Z", "updated_at": "2016-04-14T23:47:41.106Z", "missed_plays": [1], "correct_plays": [], "skipped_plays": []}}, {"model": "quiz.testresult", "pk": 31, "fields": {"score": 0.0, "skips": 0.0, "incorrect_guesses": 1.0, "string_id": "31", "time_taken": null, "test": 5, "player": 5, "most_recent": false, "completed": false, "created_at": "2016-04-13T21:35:06.639Z", "updated_at": "2016-04-14T23:47:41.113Z", "missed_plays": [1], "correct_plays": [], "skipped_plays": []}}, {"model": "quiz.testresult", "pk": 32, "fields": {"score": 0.0, "skips": 0.0, "incorrect_guesses": 1.0, "string_id": "32", "time_taken": null, "test": 5, "player": 5, "most_recent": false, "completed": false, "created_at": "2016-04-13T21:54:59.978Z", "updated_at": "2016-04-14T23:47:41.118Z", "missed_plays": [1], "correct_plays": [], "skipped_plays": []}}, {"model": "quiz.testresult", "pk": 33, "fields": {"score": 0.0, "skips": 5.0, "incorrect_guesses": 0.0, "string_id": "33", "time_taken": 0, "test": 5, "player": 5, "most_recent": false, "completed": true, "created_at": "2016-04-13T22:03:47.468Z", "updated_at": "2016-04-14T23:47:41.121Z", "missed_plays": [], "correct_plays": [], "skipped_plays": [1, 2, 4, 5, 3]}}, {"model": "quiz.testresult", "pk": 34, "fields": {"score": 0.0, "skips": 5.0, "incorrect_guesses": 0.0, "string_id": "34", "time_taken": 9, "test": 5, "player": 5, "most_recent": false, "completed": true, "created_at": "2016-04-13T22:03:53.149Z", "updated_at": "2016-04-14T23:47:41.127Z", "missed_plays": [], "correct_plays": [], "skipped_plays": [1, 2, 4, 5, 3]}}, {"model": "quiz.testresult", "pk": 35, "fields": {"score": 0.0, "skips": 5.0, "incorrect_guesses": 0.0, "string_id": "35", "time_taken": 10, "test": 5, "player": 5, "most_recent": false, "completed": true, "created_at": "2016-04-13T22:03:57.612Z", "updated_at": "2016-04-14T23:47:41.130Z", "missed_plays": [], "correct_plays": [], "skipped_plays": [1, 2, 4, 5, 3]}}, {"model": "quiz.testresult", "pk": 36, "fields": {"score": 0.0, "skips": 0.0, "incorrect_guesses": 1.0, "string_id": "36", "time_taken": null, "test": 5, "player": 5, "most_recent": false, "completed": false, "created_at": "2016-04-13T22:10:26.467Z", "updated_at": "2016-04-14T23:47:41.132Z", "missed_plays": [1], "correct_plays": [], "skipped_plays": []}}, {"model": "quiz.testresult", "pk": 37, "fields": {"score": 0.0, "skips": 2.0, "incorrect_guesses": 0.0, "string_id": "37", "time_taken": null, "test": 5, "player": 5, "most_recent": false, "completed": false, "created_at": "2016-04-13T22:16:20.597Z", "updated_at": "2016-04-14T23:47:41.135Z", "missed_plays": [], "correct_plays": [], "skipped_plays": [1, 2]}}, {"model": "quiz.testresult", "pk": 38, "fields": {"score": 0.0, "skips": 4.0, "incorrect_guesses": 1.0, "string_id": "38", "time_taken": 3, "test": 5, "player": 5, "most_recent": false, "completed": true, "created_at": "2016-04-13T22:27:43.362Z", "updated_at": "2016-04-14T23:47:41.137Z", "missed_plays": [1], "correct_plays": [], "skipped_plays": [2, 4, 5, 3]}}, {"model": "quiz.testresult", "pk": 39, "fields": {"score": 0.0, "skips": 0.0, "incorrect_guesses": 2.0, "string_id": "39", "time_taken": null, "test": 5, "player": 5, "most_recent": false, "completed": false, "created_at": "2016-04-14T22:17:48.210Z", "updated_at": "2016-04-14T23:47:41.140Z", "missed_plays": [1, 2], "correct_plays": [], "skipped_plays": []}}, {"model": "quiz.testresult", "pk": 40, "fields": {"score": 0.0, "skips": 0.0, "incorrect_guesses": 1.0, "string_id": "40", "time_taken": null, "test": 5, "player": 5, "most_recent": false, "completed": false, "created_at": "2016-04-14T22:18:20.817Z", "updated_at": "2016-04-14T23:47:41.142Z", "missed_plays": [1], "correct_plays": [], "skipped_plays": []}}, {"model": "quiz.testresult", "pk": 41, "fields": {"score": 0.0, "skips": 0.0, "incorrect_guesses": 1.0, "string_id": "41", "time_taken": null, "test": 5, "player": 5, "most_recent": false, "completed": false, "created_at": "2016-04-14T22:19:04.484Z", "updated_at": "2016-04-14T23:47:41.148Z", "missed_plays": [1], "correct_plays": [], "skipped_plays": []}}, {"model": "quiz.testresult", "pk": 42, "fields": {"score": 0.0, "skips": 0.0, "incorrect_guesses": 1.0, "string_id": "42", "time_taken": null, "test": 5, "player": 5, "most_recent": false, "completed": false, "created_at": "2016-04-14T22:19:33.933Z", "updated_at": "2016-04-14T23:47:41.151Z", "missed_plays": [1], "correct_plays": [], "skipped_plays": []}}, {"model": "quiz.testresult", "pk": 43, "fields": {"score": 0.0, "skips": 0.0, "incorrect_guesses": 1.0, "string_id": "43", "time_taken": null, "test": 5, "player": 5, "most_recent": false, "completed": false, "created_at": "2016-04-14T22:24:18.442Z", "updated_at": "2016-04-14T23:47:41.154Z", "missed_plays": [1], "correct_plays": [], "skipped_plays": []}}, {"model": "quiz.testresult", "pk": 44, "fields": {"score": 0.0, "skips": 2.0, "incorrect_guesses": 3.0, "string_id": "44", "time_taken": 1, "test": 5, "player": 5, "most_recent": false, "completed": true, "created_at": "2016-04-14T22:27:12.873Z", "updated_at": "2016-04-14T23:47:41.157Z", "missed_plays": [1, 2, 4], "correct_plays": [], "skipped_plays": [5, 3]}}, {"model": "quiz.testresult", "pk": 45, "fields": {"score": 0.0, "skips": 5.0, "incorrect_guesses": 0.0, "string_id": "45", "time_taken": 1, "test": 5, "player": 5, "most_recent": false, "completed": true, "created_at": "2016-04-14T22:30:40.076Z", "updated_at": "2016-04-14T23:47:41.161Z", "missed_plays": [], "correct_plays": [], "skipped_plays": [1, 2, 4, 5, 3]}}, {"model": "quiz.testresult", "pk": 46, "fields": {"score": 1.0, "skips": 3.0, "incorrect_guesses": 1.0, "string_id": "46", "time_taken": 6, "test": 5, "player": 5, "most_recent": false, "completed": true, "created_at": "2016-04-14T22:30:52.515Z", "updated_at": "2016-04-14T23:47:41.164Z", "missed_plays": [1], "correct_plays": [2], "skipped_plays": [4, 5, 3]}}, {"model": "quiz.testresult", "pk": 47, "fields": {"score": 0.0, "skips": 0.0, "incorrect_guesses": 1.0, "string_id": "47", "time_taken": null, "test": 5, "player": 5, "most_recent": true, "completed": false, "created_at": "2016-04-14T23:47:41.038Z", "updated_at": "2016-04-14T23:47:43.084Z", "missed_plays": [1], "correct_plays": [], "skipped_plays": []}}, {"model": "quiz.testresult", "pk": 48, "fields": {"score": 0.0, "skips": 5.0, "incorrect_guesses": 0.0, "string_id": "48", "time_taken": 2, "test": 3, "player": 3, "most_recent": false, "completed": true, "created_at": "2016-04-15T15:46:11.696Z", "updated_at": "2016-04-15T15:46:56.430Z", "missed_plays": [], "correct_plays": [], "skipped_plays": [1, 2, 4, 5, 3]}}, {"model": "quiz.testresult", "pk": 49, "fields": {"score": 0.0, "skips": 5.0, "incorrect_guesses": 0.0, "string_id": "49", "time_taken": 3, "test": 3, "player": 3, "most_recent": false, "completed": true, "created_at": "2016-04-15T15:46:15.692Z", "updated_at": "2016-04-15T15:46:56.432Z", "missed_plays": [], "correct_plays": [1], "skipped_plays": [1, 2, 4, 5, 3]}}, {"model": "quiz.testresult", "pk": 50, "fields": {"score": 5.0, "skips": 0.0, "incorrect_guesses": 0.0, "string_id": "50", "time_taken": 2, "test": 3, "player": 3, "most_recent": false, "completed": true, "created_at": "2016-04-15T15:46:34.241Z", "updated_at": "2016-04-15T15:46:56.435Z", "missed_plays": [], "correct_plays": [1, 2, 4, 5, 3], "skipped_plays": []}}, {"model": "quiz.testresult", "pk": 51, "fields": {"score": 0.0, "skips": 0.0, "incorrect_guesses": 5.0, "string_id": "51", "time_taken": 25, "test": 3, "player": 3, "most_recent": true, "completed": true, "created_at": "2016-04-15T15:46:56.393Z", "updated_at": "2016-04-15T15:47:13.121Z", "missed_plays": [1, 2, 4, 5, 3], "correct_plays": [], "skipped_plays": []}}, {"model": "quiz.testresult", "pk": 52, "fields": {"score": 5.0, "skips": 0.0, "incorrect_guesses": 0.0, "string_id": "Temp", "time_taken": null, "test": 4, "player": 4, "most_recent": false, "completed": false, "created_at": "2016-04-15T15:47:52.544Z", "updated_at": "2016-04-15T20:20:35.912Z", "missed_plays": [], "correct_plays": [1, 2, 4, 5, 3], "skipped_plays": []}}, {"model": "quiz.testresult", "pk": 53, "fields": {"score": 0.0, "skips": 0.0, "incorrect_guesses": 5.0, "string_id": "53", "time_taken": 25, "test": 4, "player": 4, "most_recent": false, "completed": true, "created_at": "2016-04-15T15:48:17.264Z", "updated_at": "2016-04-15T20:20:35.914Z", "missed_plays": [1, 2, 4, 5, 3], "correct_plays": [], "skipped_plays": []}}, {"model": "quiz.testresult", "pk": 54, "fields": {"score": 1.0, "skips": 0.0, "incorrect_guesses": 0.0, "string_id": "54", "time_taken": 47, "test": 4, "player": 4, "most_recent": false, "completed": true, "created_at": "2016-04-15T15:48:35.835Z", "updated_at": "2016-04-15T20:20:35.919Z", "missed_plays": [], "correct_plays": [1], "skipped_plays": [1, 2, 4, 5, 3]}}, {"model": "quiz.testresult", "pk": 55, "fields": {"score": 1.0, "skips": 0.0, "incorrect_guesses": 4.0, "string_id": "55", "time_taken": 0, "test": 4, "player": 4, "most_recent": false, "completed": true, "created_at": "2016-04-15T17:04:20.010Z", "updated_at": "2016-04-15T20:20:35.921Z", "missed_plays": [2, 4, 5, 3], "correct_plays": [1], "skipped_plays": []}}, {"model": "quiz.testresult", "pk": 56, "fields": {"score": 0.0, "skips": 0.0, "incorrect_guesses": 1.0, "string_id": "56", "time_taken": null, "test": 4, "player": 4, "most_recent": true, "completed": false, "created_at": "2016-04-15T20:20:35.885Z", "updated_at": "2016-04-15T20:20:37.921Z", "missed_plays": [1], "correct_plays": [], "skipped_plays": []}}, {"model": "quiz.testresult", "pk": 57, "fields": {"score": 0.0, "skips": 1.0, "incorrect_guesses": 1.0, "string_id": "57", "time_taken": 1, "test": 6, "player": 4, "most_recent": true, "completed": true, "created_at": "2016-04-15T20:25:47.903Z", "updated_at": "2016-04-15T20:25:51.724Z", "missed_plays": [7], "correct_plays": [], "skipped_plays": [6]}}, {"model": "quiz.testresult", "pk": 58, "fields": {"score": 5.0, "skips": 0.0, "incorrect_guesses": 0.0, "string_id": "58", "time_taken": null, "test": 8, "player": 8, "most_recent": false, "completed": false, "created_at": "2016-04-16T20:01:58.340Z", "updated_at": "2016-04-16T20:34:24.001Z", "missed_plays": [], "correct_plays": [1, 2, 4, 5, 3], "skipped_plays": []}}, {"model": "quiz.testresult", "pk": 59, "fields": {"score": 0.0, "skips": 0.0, "incorrect_guesses": 5.0, "string_id": "59", "time_taken": 21, "test": 8, "player": 8, "most_recent": false, "completed": true, "created_at": "2016-04-16T20:02:15.010Z", "updated_at": "2016-04-16T20:34:24.005Z", "missed_plays": [1, 2, 4, 5, 3], "correct_plays": [], "skipped_plays": []}}, {"model": "quiz.testresult", "pk": 60, "fields": {"score": 1.0, "skips": 0.0, "incorrect_guesses": 0.0, "string_id": "60", "time_taken": 40, "test": 8, "player": 8, "most_recent": false, "completed": true, "created_at": "2016-04-16T20:02:33.120Z", "updated_at": "2016-04-16T20:34:24.008Z", "missed_plays": [], "correct_plays": [1], "skipped_plays": [1, 2, 4, 5, 3]}}, {"model": "quiz.testresult", "pk": 61, "fields": {"score": 5.0, "skips": 0.0, "incorrect_guesses": 0.0, "string_id": "61", "time_taken": 42, "test": 8, "player": 8, "most_recent": true, "completed": true, "created_at": "2016-04-16T20:34:23.909Z", "updated_at": "2016-04-16T20:34:44.322Z", "missed_plays": [], "correct_plays": [1, 2, 4, 5, 3], "skipped_plays": []}}, {"model": "quiz.testresultplay", "pk": 10, "fields": {"testresult": 4, "play": 1, "count": null, "correct": false, "incorrect": true, "skipped": false, "created_at": "2016-04-11T21:46:14.007Z", "updated_at": "2016-04-11T21:46:14.007Z"}}, {"model": "quiz.testresultplay", "pk": 11, "fields": {"testresult": 4, "play": 1, "count": null, "correct": false, "incorrect": true, "skipped": false, "created_at": "2016-04-11T21:46:16.975Z", "updated_at": "2016-04-11T21:46:16.975Z"}}, {"model": "quiz.testresultplay", "pk": 12, "fields": {"testresult": 4, "play": 1, "count": null, "correct": false, "incorrect": true, "skipped": false, "created_at": "2016-04-11T21:46:23.031Z", "updated_at": "2016-04-11T21:46:23.032Z"}}, {"model": "quiz.testresultplay", "pk": 13, "fields": {"testresult": 4, "play": 1, "count": null, "correct": true, "incorrect": false, "skipped": false, "created_at": "2016-04-11T21:46:25.063Z", "updated_at": "2016-04-11T21:46:25.063Z"}}, {"model": "quiz.testresultplay", "pk": 14, "fields": {"testresult": 4, "play": 2, "count": null, "correct": true, "incorrect": false, "skipped": false, "created_at": "2016-04-11T21:46:35.241Z", "updated_at": "2016-04-11T21:46:35.241Z"}}, {"model": "quiz.testresultplay", "pk": 15, "fields": {"testresult": 5, "play": 1, "count": null, "correct": false, "incorrect": true, "skipped": false, "created_at": "2016-04-11T21:53:54.891Z", "updated_at": "2016-04-11T21:53:54.891Z"}}, {"model": "quiz.testresultplay", "pk": 16, "fields": {"testresult": 5, "play": 1, "count": null, "correct": true, "incorrect": false, "skipped": false, "created_at": "2016-04-11T21:53:56.705Z", "updated_at": "2016-04-11T21:53:56.705Z"}}, {"model": "quiz.testresultplay", "pk": 17, "fields": {"testresult": 5, "play": 1, "count": null, "correct": true, "incorrect": false, "skipped": false, "created_at": "2016-04-11T21:53:56.708Z", "updated_at": "2016-04-11T21:53:56.708Z"}}, {"model": "quiz.testresultplay", "pk": 18, "fields": {"testresult": 5, "play": 2, "count": null, "correct": false, "incorrect": false, "skipped": false, "created_at": "2016-04-11T21:53:56.880Z", "updated_at": "2016-04-11T21:53:56.880Z"}}, {"model": "quiz.testresultplay", "pk": 19, "fields": {"testresult": 6, "play": 1, "count": null, "correct": false, "incorrect": false, "skipped": true, "created_at": "2016-04-11T21:54:12.729Z", "updated_at": "2016-04-11T21:54:12.729Z"}}, {"model": "quiz.testresultplay", "pk": 20, "fields": {"testresult": 6, "play": 2, "count": null, "correct": false, "incorrect": true, "skipped": false, "created_at": "2016-04-11T21:54:17.220Z", "updated_at": "2016-04-11T21:54:17.220Z"}}, {"model": "quiz.testresultplay", "pk": 21, "fields": {"testresult": 6, "play": 2, "count": null, "correct": false, "incorrect": false, "skipped": false, "created_at": "2016-04-11T21:54:19.217Z", "updated_at": "2016-04-11T21:54:19.217Z"}}, {"model": "quiz.testresultplay", "pk": 22, "fields": {"testresult": 7, "play": 1, "count": null, "correct": false, "incorrect": true, "skipped": false, "created_at": "2016-04-11T21:54:24.290Z", "updated_at": "2016-04-11T21:54:24.290Z"}}, {"model": "quiz.testresultplay", "pk": 23, "fields": {"testresult": 7, "play": 1, "count": null, "correct": false, "incorrect": false, "skipped": false, "created_at": "2016-04-11T21:54:26.292Z", "updated_at": "2016-04-11T21:54:26.292Z"}}, {"model": "quiz.testresultplay", "pk": 24, "fields": {"testresult": 7, "play": 2, "count": null, "correct": true, "incorrect": false, "skipped": false, "created_at": "2016-04-11T21:54:32.996Z", "updated_at": "2016-04-11T21:54:32.996Z"}}, {"model": "quiz.testresultplay", "pk": 25, "fields": {"testresult": 8, "play": 1, "count": null, "correct": false, "incorrect": true, "skipped": false, "created_at": "2016-04-11T21:56:07.634Z", "updated_at": "2016-04-11T21:56:07.634Z"}}, {"model": "quiz.testresultplay", "pk": 26, "fields": {"testresult": 8, "play": 1, "count": null, "correct": false, "incorrect": false, "skipped": false, "created_at": "2016-04-11T21:56:09.623Z", "updated_at": "2016-04-11T21:56:09.624Z"}}, {"model": "quiz.testresultplay", "pk": 27, "fields": {"testresult": 8, "play": 2, "count": null, "correct": true, "incorrect": false, "skipped": false, "created_at": "2016-04-11T21:56:14.227Z", "updated_at": "2016-04-11T21:56:14.227Z"}}, {"model": "quiz.testresultplay", "pk": 28, "fields": {"testresult": 9, "play": 1, "count": null, "correct": false, "incorrect": true, "skipped": false, "created_at": "2016-04-11T21:56:28.212Z", "updated_at": "2016-04-11T21:56:28.212Z"}}, {"model": "quiz.testresultplay", "pk": 29, "fields": {"testresult": 9, "play": 1, "count": null, "correct": false, "incorrect": false, "skipped": false, "created_at": "2016-04-11T21:56:30.186Z", "updated_at": "2016-04-11T21:56:30.186Z"}}, {"model": "quiz.testresultplay", "pk": 30, "fields": {"testresult": 9, "play": 2, "count": null, "correct": false, "incorrect": true, "skipped": false, "created_at": "2016-04-11T21:56:31.644Z", "updated_at": "2016-04-11T21:56:31.644Z"}}, {"model": "quiz.testresultplay", "pk": 31, "fields": {"testresult": 9, "play": 2, "count": null, "correct": false, "incorrect": false, "skipped": false, "created_at": "2016-04-11T21:56:33.634Z", "updated_at": "2016-04-11T21:56:33.634Z"}}, {"model": "quiz.testresultplay", "pk": 32, "fields": {"testresult": 10, "play": 1, "count": null, "correct": false, "incorrect": true, "skipped": false, "created_at": "2016-04-11T22:01:02.094Z", "updated_at": "2016-04-11T22:01:02.094Z"}}, {"model": "quiz.testresultplay", "pk": 33, "fields": {"testresult": 10, "play": 1, "count": null, "correct": false, "incorrect": false, "skipped": false, "created_at": "2016-04-11T22:01:04.092Z", "updated_at": "2016-04-11T22:01:04.092Z"}}, {"model": "quiz.testresultplay", "pk": 34, "fields": {"testresult": 10, "play": 2, "count": null, "correct": false, "incorrect": true, "skipped": false, "created_at": "2016-04-11T22:01:05.706Z", "updated_at": "2016-04-11T22:01:05.706Z"}}, {"model": "quiz.testresultplay", "pk": 35, "fields": {"testresult": 10, "play": 2, "count": null, "correct": false, "incorrect": false, "skipped": false, "created_at": "2016-04-11T22:01:07.697Z", "updated_at": "2016-04-11T22:01:07.697Z"}}, {"model": "quiz.testresultplay", "pk": 36, "fields": {"testresult": 11, "play": 1, "count": null, "correct": false, "incorrect": true, "skipped": false, "created_at": "2016-04-11T22:02:11.604Z", "updated_at": "2016-04-11T22:02:11.604Z"}}, {"model": "quiz.testresultplay", "pk": 37, "fields": {"testresult": 11, "play": 1, "count": null, "correct": false, "incorrect": false, "skipped": false, "created_at": "2016-04-11T22:02:13.602Z", "updated_at": "2016-04-11T22:02:13.602Z"}}, {"model": "quiz.testresultplay", "pk": 38, "fields": {"testresult": 11, "play": 2, "count": null, "correct": false, "incorrect": true, "skipped": false, "created_at": "2016-04-11T22:02:14.670Z", "updated_at": "2016-04-11T22:02:14.670Z"}}, {"model": "quiz.testresultplay", "pk": 39, "fields": {"testresult": 11, "play": 2, "count": null, "correct": false, "incorrect": false, "skipped": false, "created_at": "2016-04-11T22:02:16.661Z", "updated_at": "2016-04-11T22:02:16.661Z"}}, {"model": "quiz.testresultplay", "pk": 40, "fields": {"testresult": 12, "play": 1, "count": null, "correct": false, "incorrect": true, "skipped": false, "created_at": "2016-04-11T22:06:53.340Z", "updated_at": "2016-04-11T22:06:53.340Z"}}, {"model": "quiz.testresultplay", "pk": 41, "fields": {"testresult": 12, "play": 1, "count": null, "correct": false, "incorrect": false, "skipped": false, "created_at": "2016-04-11T22:06:55.339Z", "updated_at": "2016-04-11T22:06:55.340Z"}}, {"model": "quiz.testresultplay", "pk": 42, "fields": {"testresult": 12, "play": 2, "count": null, "correct": false, "incorrect": true, "skipped": false, "created_at": "2016-04-11T22:06:56.599Z", "updated_at": "2016-04-11T22:06:56.599Z"}}, {"model": "quiz.testresultplay", "pk": 43, "fields": {"testresult": 12, "play": 2, "count": null, "correct": false, "incorrect": false, "skipped": false, "created_at": "2016-04-11T22:06:58.597Z", "updated_at": "2016-04-11T22:06:58.597Z"}}, {"model": "quiz.testresultplay", "pk": 44, "fields": {"testresult": 13, "play": 1, "count": null, "correct": false, "incorrect": true, "skipped": false, "created_at": "2016-04-11T22:08:01.800Z", "updated_at": "2016-04-11T22:08:01.800Z"}}, {"model": "quiz.testresultplay", "pk": 45, "fields": {"testresult": 13, "play": 1, "count": null, "correct": false, "incorrect": false, "skipped": false, "created_at": "2016-04-11T22:08:03.789Z", "updated_at": "2016-04-11T22:08:03.789Z"}}, {"model": "quiz.testresultplay", "pk": 46, "fields": {"testresult": 13, "play": 2, "count": null, "correct": false, "incorrect": true, "skipped": false, "created_at": "2016-04-11T22:08:05.749Z", "updated_at": "2016-04-11T22:08:05.749Z"}}, {"model": "quiz.testresultplay", "pk": 47, "fields": {"testresult": 13, "play": 2, "count": null, "correct": false, "incorrect": false, "skipped": false, "created_at": "2016-04-11T22:08:07.738Z", "updated_at": "2016-04-11T22:08:07.738Z"}}, {"model": "quiz.testresultplay", "pk": 48, "fields": {"testresult": 14, "play": 1, "count": null, "correct": false, "incorrect": true, "skipped": false, "created_at": "2016-04-11T22:10:08.864Z", "updated_at": "2016-04-11T22:10:08.864Z"}}, {"model": "quiz.testresultplay", "pk": 49, "fields": {"testresult": 14, "play": 1, "count": null, "correct": false, "incorrect": false, "skipped": false, "created_at": "2016-04-11T22:10:10.772Z", "updated_at": "2016-04-11T22:10:10.772Z"}}, {"model": "quiz.testresultplay", "pk": 50, "fields": {"testresult": 14, "play": 2, "count": null, "correct": false, "incorrect": true, "skipped": false, "created_at": "2016-04-11T22:10:13.000Z", "updated_at": "2016-04-11T22:10:13.000Z"}}, {"model": "quiz.testresultplay", "pk": 51, "fields": {"testresult": 14, "play": 2, "count": null, "correct": false, "incorrect": false, "skipped": false, "created_at": "2016-04-11T22:10:14.984Z", "updated_at": "2016-04-11T22:10:14.984Z"}}, {"model": "quiz.testresultplay", "pk": 52, "fields": {"testresult": 15, "play": 1, "count": null, "correct": false, "incorrect": true, "skipped": false, "created_at": "2016-04-11T22:10:18.121Z", "updated_at": "2016-04-11T22:10:18.121Z"}}, {"model": "quiz.testresultplay", "pk": 53, "fields": {"testresult": 15, "play": 1, "count": null, "correct": false, "incorrect": false, "skipped": false, "created_at": "2016-04-11T22:10:20.102Z", "updated_at": "2016-04-11T22:10:20.102Z"}}, {"model": "quiz.testresultplay", "pk": 54, "fields": {"testresult": 15, "play": 2, "count": null, "correct": false, "incorrect": true, "skipped": false, "created_at": "2016-04-11T22:10:21.889Z", "updated_at": "2016-04-11T22:10:21.889Z"}}, {"model": "quiz.testresultplay", "pk": 55, "fields": {"testresult": 15, "play": 2, "count": null, "correct": false, "incorrect": false, "skipped": false, "created_at": "2016-04-11T22:10:23.888Z", "updated_at": "2016-04-11T22:10:23.889Z"}}, {"model": "quiz.testresultplay", "pk": 56, "fields": {"testresult": 16, "play": 1, "count": null, "correct": false, "incorrect": true, "skipped": false, "created_at": "2016-04-12T21:12:43.269Z", "updated_at": "2016-04-12T21:12:43.269Z"}}, {"model": "quiz.testresultplay", "pk": 57, "fields": {"testresult": 16, "play": 1, "count": null, "correct": false, "incorrect": false, "skipped": false, "created_at": "2016-04-12T21:12:45.228Z", "updated_at": "2016-04-12T21:12:45.228Z"}}, {"model": "quiz.testresultplay", "pk": 58, "fields": {"testresult": 17, "play": 1, "count": null, "correct": false, "incorrect": true, "skipped": false, "created_at": "2016-04-13T03:58:42.784Z", "updated_at": "2016-04-13T03:58:42.784Z"}}, {"model": "quiz.testresultplay", "pk": 59, "fields": {"testresult": 17, "play": 1, "count": null, "correct": false, "incorrect": false, "skipped": false, "created_at": "2016-04-13T03:58:44.762Z", "updated_at": "2016-04-13T03:58:44.762Z"}}, {"model": "quiz.testresultplay", "pk": 60, "fields": {"testresult": 17, "play": 2, "count": null, "correct": false, "incorrect": false, "skipped": true, "created_at": "2016-04-13T03:58:47.978Z", "updated_at": "2016-04-13T03:58:47.978Z"}}, {"model": "quiz.testresultplay", "pk": 61, "fields": {"testresult": 18, "play": 1, "count": null, "correct": false, "incorrect": false, "skipped": true, "created_at": "2016-04-13T03:58:50.153Z", "updated_at": "2016-04-13T03:58:50.153Z"}}, {"model": "quiz.testresultplay", "pk": 62, "fields": {"testresult": 18, "play": 2, "count": null, "correct": false, "incorrect": false, "skipped": true, "created_at": "2016-04-13T03:58:50.344Z", "updated_at": "2016-04-13T03:58:50.344Z"}}, {"model": "quiz.testresultplay", "pk": 63, "fields": {"testresult": 19, "play": 1, "count": null, "correct": false, "incorrect": true, "skipped": false, "created_at": "2016-04-13T03:58:53.243Z", "updated_at": "2016-04-13T03:58:53.243Z"}}, {"model": "quiz.testresultplay", "pk": 64, "fields": {"testresult": 19, "play": 1, "count": null, "correct": false, "incorrect": false, "skipped": false, "created_at": "2016-04-13T03:58:55.244Z", "updated_at": "2016-04-13T03:58:55.244Z"}}, {"model": "quiz.testresultplay", "pk": 65, "fields": {"testresult": 19, "play": 2, "count": null, "correct": false, "incorrect": true, "skipped": false, "created_at": "2016-04-13T03:58:56.524Z", "updated_at": "2016-04-13T03:58:56.524Z"}}, {"model": "quiz.testresultplay", "pk": 66, "fields": {"testresult": 19, "play": 2, "count": null, "correct": false, "incorrect": false, "skipped": false, "created_at": "2016-04-13T03:58:58.513Z", "updated_at": "2016-04-13T03:58:58.513Z"}}, {"model": "quiz.testresultplay", "pk": 67, "fields": {"testresult": 20, "play": 1, "count": null, "correct": false, "incorrect": true, "skipped": false, "created_at": "2016-04-13T13:59:22.034Z", "updated_at": "2016-04-13T13:59:22.034Z"}}, {"model": "quiz.testresultplay", "pk": 68, "fields": {"testresult": 20, "play": 1, "count": null, "correct": false, "incorrect": false, "skipped": false, "created_at": "2016-04-13T13:59:24.023Z", "updated_at": "2016-04-13T13:59:24.023Z"}}, {"model": "quiz.testresultplay", "pk": 69, "fields": {"testresult": 20, "play": 2, "count": null, "correct": true, "incorrect": false, "skipped": false, "created_at": "2016-04-13T13:59:28.438Z", "updated_at": "2016-04-13T13:59:28.439Z"}}, {"model": "quiz.testresultplay", "pk": 70, "fields": {"testresult": 20, "play": 4, "count": null, "correct": false, "incorrect": true, "skipped": false, "created_at": "2016-04-13T13:59:34.564Z", "updated_at": "2016-04-13T13:59:34.564Z"}}, {"model": "quiz.testresultplay", "pk": 71, "fields": {"testresult": 20, "play": 4, "count": null, "correct": false, "incorrect": false, "skipped": false, "created_at": "2016-04-13T13:59:36.552Z", "updated_at": "2016-04-13T13:59:36.552Z"}}, {"model": "quiz.testresultplay", "pk": 72, "fields": {"testresult": 20, "play": 5, "count": null, "correct": true, "incorrect": false, "skipped": false, "created_at": "2016-04-13T13:59:41.293Z", "updated_at": "2016-04-13T13:59:41.293Z"}}, {"model": "quiz.testresultplay", "pk": 73, "fields": {"testresult": 20, "play": 3, "count": null, "correct": true, "incorrect": false, "skipped": false, "created_at": "2016-04-13T13:59:49.443Z", "updated_at": "2016-04-13T13:59:49.443Z"}}, {"model": "quiz.testresultplay", "pk": 74, "fields": {"testresult": 21, "play": 1, "count": null, "correct": false, "incorrect": false, "skipped": true, "created_at": "2016-04-13T13:59:51.783Z", "updated_at": "2016-04-13T13:59:51.783Z"}}, {"model": "quiz.testresultplay", "pk": 75, "fields": {"testresult": 21, "play": 2, "count": null, "correct": false, "incorrect": false, "skipped": true, "created_at": "2016-04-13T13:59:51.968Z", "updated_at": "2016-04-13T13:59:51.968Z"}}, {"model": "quiz.testresultplay", "pk": 76, "fields": {"testresult": 21, "play": 4, "count": null, "correct": false, "incorrect": false, "skipped": true, "created_at": "2016-04-13T13:59:52.159Z", "updated_at": "2016-04-13T13:59:52.159Z"}}, {"model": "quiz.testresultplay", "pk": 77, "fields": {"testresult": 21, "play": 5, "count": null, "correct": false, "incorrect": false, "skipped": true, "created_at": "2016-04-13T13:59:52.378Z", "updated_at": "2016-04-13T13:59:52.378Z"}}, {"model": "quiz.testresultplay", "pk": 78, "fields": {"testresult": 21, "play": 3, "count": null, "correct": false, "incorrect": false, "skipped": true, "created_at": "2016-04-13T13:59:52.877Z", "updated_at": "2016-04-13T13:59:52.877Z"}}, {"model": "quiz.testresultplay", "pk": 79, "fields": {"testresult": 22, "play": 1, "count": null, "correct": false, "incorrect": false, "skipped": true, "created_at": "2016-04-13T13:59:56.979Z", "updated_at": "2016-04-13T13:59:56.979Z"}}, {"model": "quiz.testresultplay", "pk": 80, "fields": {"testresult": 22, "play": 2, "count": null, "correct": false, "incorrect": false, "skipped": true, "created_at": "2016-04-13T13:59:57.313Z", "updated_at": "2016-04-13T13:59:57.313Z"}}, {"model": "quiz.testresultplay", "pk": 81, "fields": {"testresult": 22, "play": 4, "count": null, "correct": true, "incorrect": false, "skipped": false, "created_at": "2016-04-13T14:00:17.276Z", "updated_at": "2016-04-13T14:00:17.276Z"}}, {"model": "quiz.testresultplay", "pk": 82, "fields": {"testresult": 22, "play": 5, "count": null, "correct": false, "incorrect": true, "skipped": false, "created_at": "2016-04-13T14:00:20.592Z", "updated_at": "2016-04-13T14:00:20.592Z"}}, {"model": "quiz.testresultplay", "pk": 83, "fields": {"testresult": 22, "play": 5, "count": null, "correct": false, "incorrect": false, "skipped": false, "created_at": "2016-04-13T14:00:22.552Z", "updated_at": "2016-04-13T14:00:22.552Z"}}, {"model": "quiz.testresultplay", "pk": 84, "fields": {"testresult": 22, "play": 3, "count": null, "correct": false, "incorrect": true, "skipped": false, "created_at": "2016-04-13T14:00:25.975Z", "updated_at": "2016-04-13T14:00:25.975Z"}}, {"model": "quiz.testresultplay", "pk": 85, "fields": {"testresult": 22, "play": 3, "count": null, "correct": false, "incorrect": false, "skipped": false, "created_at": "2016-04-13T14:00:27.989Z", "updated_at": "2016-04-13T14:00:27.990Z"}}, {"model": "quiz.testresultplay", "pk": 86, "fields": {"testresult": 23, "play": 1, "count": null, "correct": false, "incorrect": true, "skipped": false, "created_at": "2016-04-13T14:42:18.160Z", "updated_at": "2016-04-13T14:42:18.160Z"}}, {"model": "quiz.testresultplay", "pk": 87, "fields": {"testresult": 23, "play": 1, "count": null, "correct": false, "incorrect": false, "skipped": false, "created_at": "2016-04-13T14:42:20.153Z", "updated_at": "2016-04-13T14:42:20.153Z"}}, {"model": "quiz.testresultplay", "pk": 88, "fields": {"testresult": 24, "play": 1, "count": null, "correct": false, "incorrect": true, "skipped": false, "created_at": "2016-04-13T18:38:36.508Z", "updated_at": "2016-04-13T18:38:36.508Z"}}, {"model": "quiz.testresultplay", "pk": 89, "fields": {"testresult": 24, "play": 1, "count": null, "correct": false, "incorrect": false, "skipped": false, "created_at": "2016-04-13T18:38:38.362Z", "updated_at": "2016-04-13T18:38:38.362Z"}}, {"model": "quiz.testresultplay", "pk": 90, "fields": {"testresult": 24, "play": 2, "count": null, "correct": false, "incorrect": false, "skipped": true, "created_at": "2016-04-13T18:38:50.112Z", "updated_at": "2016-04-13T18:38:50.112Z"}}, {"model": "quiz.testresultplay", "pk": 91, "fields": {"testresult": 24, "play": 4, "count": null, "correct": false, "incorrect": false, "skipped": true, "created_at": "2016-04-13T18:38:50.827Z", "updated_at": "2016-04-13T18:38:50.827Z"}}, {"model": "quiz.testresultplay", "pk": 92, "fields": {"testresult": 24, "play": 5, "count": null, "correct": false, "incorrect": false, "skipped": true, "created_at": "2016-04-13T18:38:51.344Z", "updated_at": "2016-04-13T18:38:51.344Z"}}, {"model": "quiz.testresultplay", "pk": 93, "fields": {"testresult": 24, "play": 3, "count": null, "correct": false, "incorrect": false, "skipped": true, "created_at": "2016-04-13T18:38:51.938Z", "updated_at": "2016-04-13T18:38:51.938Z"}}, {"model": "quiz.testresultplay", "pk": 94, "fields": {"testresult": 25, "play": 1, "count": null, "correct": true, "incorrect": false, "skipped": false, "created_at": "2016-04-13T18:40:40.422Z", "updated_at": "2016-04-13T18:40:40.422Z"}}, {"model": "quiz.testresultplay", "pk": 95, "fields": {"testresult": 24, "play": 1, "count": null, "correct": true, "incorrect": false, "skipped": false, "created_at": "2016-04-13T18:40:40.424Z", "updated_at": "2016-04-13T18:40:40.424Z"}}, {"model": "quiz.testresultplay", "pk": 96, "fields": {"testresult": 24, "play": 2, "count": null, "correct": true, "incorrect": false, "skipped": false, "created_at": "2016-04-13T18:40:43.683Z", "updated_at": "2016-04-13T18:40:43.684Z"}}, {"model": "quiz.testresultplay", "pk": 97, "fields": {"testresult": 24, "play": 4, "count": null, "correct": true, "incorrect": false, "skipped": false, "created_at": "2016-04-13T18:40:49.007Z", "updated_at": "2016-04-13T18:40:49.007Z"}}, {"model": "quiz.testresultplay", "pk": 98, "fields": {"testresult": 24, "play": 5, "count": null, "correct": true, "incorrect": false, "skipped": false, "created_at": "2016-04-13T18:40:52.195Z", "updated_at": "2016-04-13T18:40:52.195Z"}}, {"model": "quiz.testresultplay", "pk": 99, "fields": {"testresult": 24, "play": 3, "count": null, "correct": true, "incorrect": false, "skipped": false, "created_at": "2016-04-13T18:40:56.874Z", "updated_at": "2016-04-13T18:40:56.875Z"}}, {"model": "quiz.testresultplay", "pk": 100, "fields": {"testresult": 24, "play": 3, "count": null, "correct": true, "incorrect": false, "skipped": false, "created_at": "2016-04-13T18:40:56.878Z", "updated_at": "2016-04-13T18:40:56.878Z"}}, {"model": "quiz.testresultplay", "pk": 101, "fields": {"testresult": 26, "play": 1, "count": null, "correct": false, "incorrect": true, "skipped": false, "created_at": "2016-04-13T18:40:59.379Z", "updated_at": "2016-04-13T18:40:59.379Z"}}, {"model": "quiz.testresultplay", "pk": 102, "fields": {"testresult": 26, "play": 1, "count": null, "correct": false, "incorrect": false, "skipped": false, "created_at": "2016-04-13T18:41:01.382Z", "updated_at": "2016-04-13T18:41:01.382Z"}}, {"model": "quiz.testresultplay", "pk": 103, "fields": {"testresult": 26, "play": 2, "count": null, "correct": false, "incorrect": true, "skipped": false, "created_at": "2016-04-13T18:41:02.845Z", "updated_at": "2016-04-13T18:41:02.845Z"}}, {"model": "quiz.testresultplay", "pk": 104, "fields": {"testresult": 26, "play": 2, "count": null, "correct": false, "incorrect": false, "skipped": false, "created_at": "2016-04-13T18:41:04.843Z", "updated_at": "2016-04-13T18:41:04.843Z"}}, {"model": "quiz.testresultplay", "pk": 105, "fields": {"testresult": 26, "play": 4, "count": null, "correct": false, "incorrect": true, "skipped": false, "created_at": "2016-04-13T18:41:05.952Z", "updated_at": "2016-04-13T18:41:05.952Z"}}, {"model": "quiz.testresultplay", "pk": 106, "fields": {"testresult": 26, "play": 4, "count": null, "correct": false, "incorrect": false, "skipped": false, "created_at": "2016-04-13T18:41:07.938Z", "updated_at": "2016-04-13T18:41:07.938Z"}}, {"model": "quiz.testresultplay", "pk": 107, "fields": {"testresult": 26, "play": 5, "count": null, "correct": false, "incorrect": true, "skipped": false, "created_at": "2016-04-13T18:41:09.490Z", "updated_at": "2016-04-13T18:41:09.490Z"}}, {"model": "quiz.testresultplay", "pk": 108, "fields": {"testresult": 26, "play": 5, "count": null, "correct": false, "incorrect": false, "skipped": false, "created_at": "2016-04-13T18:41:11.487Z", "updated_at": "2016-04-13T18:41:11.487Z"}}, {"model": "quiz.testresultplay", "pk": 109, "fields": {"testresult": 26, "play": 3, "count": null, "correct": false, "incorrect": true, "skipped": false, "created_at": "2016-04-13T18:41:12.964Z", "updated_at": "2016-04-13T18:41:12.964Z"}}, {"model": "quiz.testresultplay", "pk": 110, "fields": {"testresult": 26, "play": 3, "count": null, "correct": false, "incorrect": false, "skipped": false, "created_at": "2016-04-13T18:41:14.953Z", "updated_at": "2016-04-13T18:41:14.953Z"}}, {"model": "quiz.testresultplay", "pk": 111, "fields": {"testresult": 27, "play": 1, "count": null, "correct": false, "incorrect": false, "skipped": true, "created_at": "2016-04-13T18:41:16.400Z", "updated_at": "2016-04-13T18:41:16.400Z"}}, {"model": "quiz.testresultplay", "pk": 112, "fields": {"testresult": 27, "play": 2, "count": null, "correct": false, "incorrect": false, "skipped": true, "created_at": "2016-04-13T18:41:16.966Z", "updated_at": "2016-04-13T18:41:16.966Z"}}, {"model": "quiz.testresultplay", "pk": 113, "fields": {"testresult": 27, "play": 4, "count": null, "correct": false, "incorrect": false, "skipped": true, "created_at": "2016-04-13T18:41:17.175Z", "updated_at": "2016-04-13T18:41:17.175Z"}}, {"model": "quiz.testresultplay", "pk": 114, "fields": {"testresult": 27, "play": 5, "count": null, "correct": false, "incorrect": false, "skipped": true, "created_at": "2016-04-13T18:41:17.378Z", "updated_at": "2016-04-13T18:41:17.378Z"}}, {"model": "quiz.testresultplay", "pk": 115, "fields": {"testresult": 27, "play": 3, "count": null, "correct": false, "incorrect": false, "skipped": true, "created_at": "2016-04-13T18:41:17.589Z", "updated_at": "2016-04-13T18:41:17.589Z"}}, {"model": "quiz.testresultplay", "pk": 116, "fields": {"testresult": 28, "play": 1, "count": null, "correct": false, "incorrect": true, "skipped": false, "created_at": "2016-04-13T18:44:53.600Z", "updated_at": "2016-04-13T18:44:53.600Z"}}, {"model": "quiz.testresultplay", "pk": 117, "fields": {"testresult": 28, "play": 1, "count": null, "correct": false, "incorrect": false, "skipped": false, "created_at": "2016-04-13T18:44:55.597Z", "updated_at": "2016-04-13T18:44:55.597Z"}}, {"model": "quiz.testresultplay", "pk": 118, "fields": {"testresult": 29, "play": 1, "count": null, "correct": false, "incorrect": true, "skipped": false, "created_at": "2016-04-13T20:51:55.252Z", "updated_at": "2016-04-13T20:51:55.252Z"}}, {"model": "quiz.testresultplay", "pk": 119, "fields": {"testresult": 29, "play": 1, "count": null, "correct": false, "incorrect": false, "skipped": false, "created_at": "2016-04-13T20:51:57.241Z", "updated_at": "2016-04-13T20:51:57.241Z"}}, {"model": "quiz.testresultplay", "pk": 120, "fields": {"testresult": 30, "play": 1, "count": null, "correct": false, "incorrect": true, "skipped": false, "created_at": "2016-04-13T21:13:37.616Z", "updated_at": "2016-04-13T21:13:37.616Z"}}, {"model": "quiz.testresultplay", "pk": 121, "fields": {"testresult": 30, "play": 1, "count": null, "correct": false, "incorrect": false, "skipped": false, "created_at": "2016-04-13T21:13:39.607Z", "updated_at": "2016-04-13T21:13:39.607Z"}}, {"model": "quiz.testresultplay", "pk": 122, "fields": {"testresult": 31, "play": 1, "count": null, "correct": false, "incorrect": true, "skipped": false, "created_at": "2016-04-13T21:35:06.689Z", "updated_at": "2016-04-13T21:35:06.689Z"}}, {"model": "quiz.testresultplay", "pk": 123, "fields": {"testresult": 31, "play": 1, "count": null, "correct": false, "incorrect": false, "skipped": false, "created_at": "2016-04-13T21:35:08.643Z", "updated_at": "2016-04-13T21:35:08.643Z"}}, {"model": "quiz.testresultplay", "pk": 124, "fields": {"testresult": 32, "play": 1, "count": null, "correct": false, "incorrect": true, "skipped": false, "created_at": "2016-04-13T21:55:00.011Z", "updated_at": "2016-04-13T21:55:00.011Z"}}, {"model": "quiz.testresultplay", "pk": 125, "fields": {"testresult": 32, "play": 1, "count": null, "correct": false, "incorrect": false, "skipped": false, "created_at": "2016-04-13T21:55:02.008Z", "updated_at": "2016-04-13T21:55:02.008Z"}}, {"model": "quiz.testresultplay", "pk": 126, "fields": {"testresult": 33, "play": 1, "count": null, "correct": false, "incorrect": false, "skipped": true, "created_at": "2016-04-13T22:03:47.499Z", "updated_at": "2016-04-13T22:03:47.499Z"}}, {"model": "quiz.testresultplay", "pk": 127, "fields": {"testresult": 33, "play": 2, "count": null, "correct": false, "incorrect": false, "skipped": true, "created_at": "2016-04-13T22:03:48.432Z", "updated_at": "2016-04-13T22:03:48.432Z"}}, {"model": "quiz.testresultplay", "pk": 128, "fields": {"testresult": 33, "play": 4, "count": null, "correct": false, "incorrect": false, "skipped": true, "created_at": "2016-04-13T22:03:51.455Z", "updated_at": "2016-04-13T22:03:51.455Z"}}, {"model": "quiz.testresultplay", "pk": 129, "fields": {"testresult": 33, "play": 5, "count": null, "correct": false, "incorrect": false, "skipped": true, "created_at": "2016-04-13T22:03:51.785Z", "updated_at": "2016-04-13T22:03:51.785Z"}}, {"model": "quiz.testresultplay", "pk": 130, "fields": {"testresult": 33, "play": 3, "count": null, "correct": false, "incorrect": false, "skipped": true, "created_at": "2016-04-13T22:03:52.073Z", "updated_at": "2016-04-13T22:03:52.073Z"}}, {"model": "quiz.testresultplay", "pk": 131, "fields": {"testresult": 34, "play": 1, "count": null, "correct": false, "incorrect": false, "skipped": true, "created_at": "2016-04-13T22:03:53.174Z", "updated_at": "2016-04-13T22:03:53.174Z"}}, {"model": "quiz.testresultplay", "pk": 132, "fields": {"testresult": 34, "play": 2, "count": null, "correct": false, "incorrect": false, "skipped": true, "created_at": "2016-04-13T22:03:53.306Z", "updated_at": "2016-04-13T22:03:53.306Z"}}, {"model": "quiz.testresultplay", "pk": 133, "fields": {"testresult": 34, "play": 4, "count": null, "correct": false, "incorrect": false, "skipped": true, "created_at": "2016-04-13T22:03:53.459Z", "updated_at": "2016-04-13T22:03:53.459Z"}}, {"model": "quiz.testresultplay", "pk": 134, "fields": {"testresult": 34, "play": 5, "count": null, "correct": false, "incorrect": false, "skipped": true, "created_at": "2016-04-13T22:03:53.621Z", "updated_at": "2016-04-13T22:03:53.621Z"}}, {"model": "quiz.testresultplay", "pk": 135, "fields": {"testresult": 34, "play": 3, "count": null, "correct": false, "incorrect": false, "skipped": true, "created_at": "2016-04-13T22:03:53.791Z", "updated_at": "2016-04-13T22:03:53.791Z"}}, {"model": "quiz.testresultplay", "pk": 136, "fields": {"testresult": 35, "play": 1, "count": null, "correct": false, "incorrect": false, "skipped": true, "created_at": "2016-04-13T22:03:57.634Z", "updated_at": "2016-04-13T22:03:57.634Z"}}, {"model": "quiz.testresultplay", "pk": 137, "fields": {"testresult": 35, "play": 2, "count": null, "correct": false, "incorrect": false, "skipped": true, "created_at": "2016-04-13T22:03:57.762Z", "updated_at": "2016-04-13T22:03:57.762Z"}}, {"model": "quiz.testresultplay", "pk": 138, "fields": {"testresult": 35, "play": 4, "count": null, "correct": false, "incorrect": false, "skipped": true, "created_at": "2016-04-13T22:03:57.910Z", "updated_at": "2016-04-13T22:03:57.910Z"}}, {"model": "quiz.testresultplay", "pk": 139, "fields": {"testresult": 35, "play": 5, "count": null, "correct": false, "incorrect": false, "skipped": true, "created_at": "2016-04-13T22:03:58.069Z", "updated_at": "2016-04-13T22:03:58.069Z"}}, {"model": "quiz.testresultplay", "pk": 140, "fields": {"testresult": 35, "play": 3, "count": null, "correct": false, "incorrect": false, "skipped": true, "created_at": "2016-04-13T22:03:58.322Z", "updated_at": "2016-04-13T22:03:58.322Z"}}, {"model": "quiz.testresultplay", "pk": 141, "fields": {"testresult": 36, "play": 1, "count": null, "correct": false, "incorrect": true, "skipped": false, "created_at": "2016-04-13T22:10:26.483Z", "updated_at": "2016-04-13T22:10:26.483Z"}}, {"model": "quiz.testresultplay", "pk": 142, "fields": {"testresult": 36, "play": 1, "count": null, "correct": false, "incorrect": false, "skipped": false, "created_at": "2016-04-13T22:10:28.490Z", "updated_at": "2016-04-13T22:10:28.490Z"}}, {"model": "quiz.testresultplay", "pk": 143, "fields": {"testresult": 37, "play": 1, "count": null, "correct": false, "incorrect": false, "skipped": true, "created_at": "2016-04-13T22:16:20.619Z", "updated_at": "2016-04-13T22:16:20.619Z"}}, {"model": "quiz.testresultplay", "pk": 144, "fields": {"testresult": 37, "play": 2, "count": null, "correct": false, "incorrect": false, "skipped": true, "created_at": "2016-04-13T22:16:21.081Z", "updated_at": "2016-04-13T22:16:21.081Z"}}, {"model": "quiz.testresultplay", "pk": 145, "fields": {"testresult": 38, "play": 1, "count": null, "correct": false, "incorrect": true, "skipped": false, "created_at": "2016-04-13T22:27:43.405Z", "updated_at": "2016-04-13T22:27:43.405Z"}}, {"model": "quiz.testresultplay", "pk": 146, "fields": {"testresult": 38, "play": 1, "count": null, "correct": false, "incorrect": false, "skipped": false, "created_at": "2016-04-13T22:27:45.356Z", "updated_at": "2016-04-13T22:27:45.356Z"}}, {"model": "quiz.testresultplay", "pk": 147, "fields": {"testresult": 38, "play": 2, "count": null, "correct": false, "incorrect": false, "skipped": true, "created_at": "2016-04-13T22:27:45.926Z", "updated_at": "2016-04-13T22:27:45.926Z"}}, {"model": "quiz.testresultplay", "pk": 148, "fields": {"testresult": 38, "play": 4, "count": null, "correct": false, "incorrect": false, "skipped": true, "created_at": "2016-04-13T22:27:46.074Z", "updated_at": "2016-04-13T22:27:46.074Z"}}, {"model": "quiz.testresultplay", "pk": 149, "fields": {"testresult": 38, "play": 5, "count": null, "correct": false, "incorrect": false, "skipped": true, "created_at": "2016-04-13T22:27:46.254Z", "updated_at": "2016-04-13T22:27:46.254Z"}}, {"model": "quiz.testresultplay", "pk": 150, "fields": {"testresult": 38, "play": 3, "count": null, "correct": false, "incorrect": false, "skipped": true, "created_at": "2016-04-13T22:27:46.437Z", "updated_at": "2016-04-13T22:27:46.437Z"}}, {"model": "quiz.testresultplay", "pk": 151, "fields": {"testresult": 39, "play": 1, "count": null, "correct": false, "incorrect": true, "skipped": false, "created_at": "2016-04-14T22:17:48.282Z", "updated_at": "2016-04-14T22:17:48.282Z"}}, {"model": "quiz.testresultplay", "pk": 152, "fields": {"testresult": 39, "play": 1, "count": null, "correct": false, "incorrect": false, "skipped": false, "created_at": "2016-04-14T22:17:50.219Z", "updated_at": "2016-04-14T22:17:50.219Z"}}, {"model": "quiz.testresultplay", "pk": 153, "fields": {"testresult": 39, "play": 2, "count": null, "correct": false, "incorrect": true, "skipped": false, "created_at": "2016-04-14T22:17:53.644Z", "updated_at": "2016-04-14T22:17:53.644Z"}}, {"model": "quiz.testresultplay", "pk": 154, "fields": {"testresult": 39, "play": 2, "count": null, "correct": false, "incorrect": false, "skipped": false, "created_at": "2016-04-14T22:17:55.635Z", "updated_at": "2016-04-14T22:17:55.635Z"}}, {"model": "quiz.testresultplay", "pk": 155, "fields": {"testresult": 40, "play": 1, "count": null, "correct": false, "incorrect": true, "skipped": false, "created_at": "2016-04-14T22:18:20.846Z", "updated_at": "2016-04-14T22:18:20.846Z"}}, {"model": "quiz.testresultplay", "pk": 156, "fields": {"testresult": 40, "play": 1, "count": null, "correct": false, "incorrect": false, "skipped": false, "created_at": "2016-04-14T22:18:22.833Z", "updated_at": "2016-04-14T22:18:22.833Z"}}, {"model": "quiz.testresultplay", "pk": 157, "fields": {"testresult": 41, "play": 1, "count": null, "correct": false, "incorrect": true, "skipped": false, "created_at": "2016-04-14T22:19:04.506Z", "updated_at": "2016-04-14T22:19:04.506Z"}}, {"model": "quiz.testresultplay", "pk": 158, "fields": {"testresult": 41, "play": 1, "count": null, "correct": false, "incorrect": false, "skipped": false, "created_at": "2016-04-14T22:19:06.504Z", "updated_at": "2016-04-14T22:19:06.504Z"}}, {"model": "quiz.testresultplay", "pk": 159, "fields": {"testresult": 42, "play": 1, "count": null, "correct": false, "incorrect": true, "skipped": false, "created_at": "2016-04-14T22:19:33.955Z", "updated_at": "2016-04-14T22:19:33.955Z"}}, {"model": "quiz.testresultplay", "pk": 160, "fields": {"testresult": 42, "play": 1, "count": null, "correct": false, "incorrect": false, "skipped": false, "created_at": "2016-04-14T22:19:35.949Z", "updated_at": "2016-04-14T22:19:35.949Z"}}, {"model": "quiz.testresultplay", "pk": 161, "fields": {"testresult": 43, "play": 1, "count": null, "correct": false, "incorrect": true, "skipped": false, "created_at": "2016-04-14T22:24:18.465Z", "updated_at": "2016-04-14T22:24:18.465Z"}}, {"model": "quiz.testresultplay", "pk": 162, "fields": {"testresult": 43, "play": 1, "count": null, "correct": false, "incorrect": false, "skipped": false, "created_at": "2016-04-14T22:24:20.462Z", "updated_at": "2016-04-14T22:24:20.462Z"}}, {"model": "quiz.testresultplay", "pk": 163, "fields": {"testresult": 44, "play": 1, "count": null, "correct": false, "incorrect": true, "skipped": false, "created_at": "2016-04-14T22:27:12.904Z", "updated_at": "2016-04-14T22:27:12.905Z"}}, {"model": "quiz.testresultplay", "pk": 164, "fields": {"testresult": 44, "play": 1, "count": null, "correct": false, "incorrect": false, "skipped": false, "created_at": "2016-04-14T22:27:14.897Z", "updated_at": "2016-04-14T22:27:14.897Z"}}, {"model": "quiz.testresultplay", "pk": 165, "fields": {"testresult": 44, "play": 2, "count": null, "correct": false, "incorrect": true, "skipped": false, "created_at": "2016-04-14T22:27:17.678Z", "updated_at": "2016-04-14T22:27:17.678Z"}}, {"model": "quiz.testresultplay", "pk": 166, "fields": {"testresult": 44, "play": 2, "count": null, "correct": false, "incorrect": false, "skipped": false, "created_at": "2016-04-14T22:27:19.673Z", "updated_at": "2016-04-14T22:27:19.673Z"}}, {"model": "quiz.testresultplay", "pk": 167, "fields": {"testresult": 44, "play": 4, "count": null, "correct": false, "incorrect": true, "skipped": false, "created_at": "2016-04-14T22:27:44.332Z", "updated_at": "2016-04-14T22:27:44.332Z"}}, {"model": "quiz.testresultplay", "pk": 168, "fields": {"testresult": 44, "play": 4, "count": null, "correct": false, "incorrect": false, "skipped": false, "created_at": "2016-04-14T22:27:46.308Z", "updated_at": "2016-04-14T22:27:46.308Z"}}, {"model": "quiz.testresultplay", "pk": 169, "fields": {"testresult": 44, "play": 5, "count": null, "correct": false, "incorrect": false, "skipped": true, "created_at": "2016-04-14T22:28:01.605Z", "updated_at": "2016-04-14T22:28:01.605Z"}}, {"model": "quiz.testresultplay", "pk": 170, "fields": {"testresult": 44, "play": 3, "count": null, "correct": false, "incorrect": false, "skipped": true, "created_at": "2016-04-14T22:28:03.306Z", "updated_at": "2016-04-14T22:28:03.306Z"}}, {"model": "quiz.testresultplay", "pk": 171, "fields": {"testresult": 45, "play": 1, "count": null, "correct": false, "incorrect": false, "skipped": true, "created_at": "2016-04-14T22:30:40.104Z", "updated_at": "2016-04-14T22:30:40.104Z"}}, {"model": "quiz.testresultplay", "pk": 172, "fields": {"testresult": 45, "play": 2, "count": null, "correct": false, "incorrect": false, "skipped": true, "created_at": "2016-04-14T22:30:40.436Z", "updated_at": "2016-04-14T22:30:40.436Z"}}, {"model": "quiz.testresultplay", "pk": 173, "fields": {"testresult": 45, "play": 4, "count": null, "correct": false, "incorrect": false, "skipped": true, "created_at": "2016-04-14T22:30:40.713Z", "updated_at": "2016-04-14T22:30:40.713Z"}}, {"model": "quiz.testresultplay", "pk": 174, "fields": {"testresult": 45, "play": 5, "count": null, "correct": false, "incorrect": false, "skipped": true, "created_at": "2016-04-14T22:30:41.637Z", "updated_at": "2016-04-14T22:30:41.637Z"}}, {"model": "quiz.testresultplay", "pk": 175, "fields": {"testresult": 45, "play": 3, "count": null, "correct": false, "incorrect": false, "skipped": true, "created_at": "2016-04-14T22:30:42.029Z", "updated_at": "2016-04-14T22:30:42.029Z"}}, {"model": "quiz.testresultplay", "pk": 176, "fields": {"testresult": 46, "play": 1, "count": null, "correct": false, "incorrect": true, "skipped": false, "created_at": "2016-04-14T22:30:52.533Z", "updated_at": "2016-04-14T22:30:52.533Z"}}, {"model": "quiz.testresultplay", "pk": 177, "fields": {"testresult": 46, "play": 1, "count": null, "correct": false, "incorrect": false, "skipped": false, "created_at": "2016-04-14T22:30:54.526Z", "updated_at": "2016-04-14T22:30:54.526Z"}}, {"model": "quiz.testresultplay", "pk": 178, "fields": {"testresult": 46, "play": 2, "count": null, "correct": true, "incorrect": false, "skipped": false, "created_at": "2016-04-14T22:31:00.755Z", "updated_at": "2016-04-14T22:31:00.755Z"}}, {"model": "quiz.testresultplay", "pk": 179, "fields": {"testresult": 46, "play": 4, "count": null, "correct": false, "incorrect": false, "skipped": true, "created_at": "2016-04-14T22:31:02.619Z", "updated_at": "2016-04-14T22:31:02.619Z"}}, {"model": "quiz.testresultplay", "pk": 180, "fields": {"testresult": 46, "play": 5, "count": null, "correct": false, "incorrect": false, "skipped": true, "created_at": "2016-04-14T22:31:02.784Z", "updated_at": "2016-04-14T22:31:02.784Z"}}, {"model": "quiz.testresultplay", "pk": 181, "fields": {"testresult": 46, "play": 3, "count": null, "correct": false, "incorrect": false, "skipped": true, "created_at": "2016-04-14T22:31:02.922Z", "updated_at": "2016-04-14T22:31:02.922Z"}}, {"model": "quiz.testresultplay", "pk": 182, "fields": {"testresult": 47, "play": 1, "count": null, "correct": false, "incorrect": true, "skipped": false, "created_at": "2016-04-14T23:47:41.065Z", "updated_at": "2016-04-14T23:47:41.065Z"}}, {"model": "quiz.testresultplay", "pk": 183, "fields": {"testresult": 47, "play": 1, "count": null, "correct": false, "incorrect": false, "skipped": false, "created_at": "2016-04-14T23:47:43.065Z", "updated_at": "2016-04-14T23:47:43.065Z"}}, {"model": "quiz.testresultplay", "pk": 184, "fields": {"testresult": 48, "play": 1, "count": null, "correct": false, "incorrect": false, "skipped": true, "created_at": "2016-04-15T15:46:11.742Z", "updated_at": "2016-04-15T15:46:11.742Z"}}, {"model": "quiz.testresultplay", "pk": 185, "fields": {"testresult": 48, "play": 2, "count": null, "correct": false, "incorrect": false, "skipped": true, "created_at": "2016-04-15T15:46:11.952Z", "updated_at": "2016-04-15T15:46:11.952Z"}}, {"model": "quiz.testresultplay", "pk": 186, "fields": {"testresult": 48, "play": 4, "count": null, "correct": false, "incorrect": false, "skipped": true, "created_at": "2016-04-15T15:46:12.289Z", "updated_at": "2016-04-15T15:46:12.289Z"}}, {"model": "quiz.testresultplay", "pk": 187, "fields": {"testresult": 48, "play": 5, "count": null, "correct": false, "incorrect": false, "skipped": true, "created_at": "2016-04-15T15:46:12.560Z", "updated_at": "2016-04-15T15:46:12.560Z"}}, {"model": "quiz.testresultplay", "pk": 188, "fields": {"testresult": 48, "play": 3, "count": null, "correct": false, "incorrect": false, "skipped": true, "created_at": "2016-04-15T15:46:12.840Z", "updated_at": "2016-04-15T15:46:12.840Z"}}, {"model": "quiz.testresultplay", "pk": 189, "fields": {"testresult": 49, "play": 1, "count": null, "correct": false, "incorrect": false, "skipped": true, "created_at": "2016-04-15T15:46:15.708Z", "updated_at": "2016-04-15T15:46:15.708Z"}}, {"model": "quiz.testresultplay", "pk": 190, "fields": {"testresult": 49, "play": 2, "count": null, "correct": false, "incorrect": false, "skipped": true, "created_at": "2016-04-15T15:46:16.447Z", "updated_at": "2016-04-15T15:46:16.447Z"}}, {"model": "quiz.testresultplay", "pk": 191, "fields": {"testresult": 49, "play": 4, "count": null, "correct": false, "incorrect": false, "skipped": true, "created_at": "2016-04-15T15:46:17.207Z", "updated_at": "2016-04-15T15:46:17.207Z"}}, {"model": "quiz.testresultplay", "pk": 192, "fields": {"testresult": 49, "play": 5, "count": null, "correct": false, "incorrect": false, "skipped": true, "created_at": "2016-04-15T15:46:17.942Z", "updated_at": "2016-04-15T15:46:17.942Z"}}, {"model": "quiz.testresultplay", "pk": 193, "fields": {"testresult": 49, "play": 3, "count": null, "correct": false, "incorrect": false, "skipped": true, "created_at": "2016-04-15T15:46:18.632Z", "updated_at": "2016-04-15T15:46:18.633Z"}}, {"model": "quiz.testresultplay", "pk": 194, "fields": {"testresult": 50, "play": 1, "count": null, "correct": true, "incorrect": false, "skipped": false, "created_at": "2016-04-15T15:46:34.263Z", "updated_at": "2016-04-15T15:46:34.263Z"}}, {"model": "quiz.testresultplay", "pk": 195, "fields": {"testresult": 49, "play": 1, "count": null, "correct": true, "incorrect": false, "skipped": false, "created_at": "2016-04-15T15:46:34.266Z", "updated_at": "2016-04-15T15:46:34.266Z"}}, {"model": "quiz.testresultplay", "pk": 196, "fields": {"testresult": 50, "play": 2, "count": null, "correct": true, "incorrect": false, "skipped": false, "created_at": "2016-04-15T15:46:37.603Z", "updated_at": "2016-04-15T15:46:37.603Z"}}, {"model": "quiz.testresultplay", "pk": 197, "fields": {"testresult": 50, "play": 4, "count": null, "correct": true, "incorrect": false, "skipped": false, "created_at": "2016-04-15T15:46:44.301Z", "updated_at": "2016-04-15T15:46:44.301Z"}}, {"model": "quiz.testresultplay", "pk": 198, "fields": {"testresult": 50, "play": 5, "count": null, "correct": true, "incorrect": false, "skipped": false, "created_at": "2016-04-15T15:46:47.235Z", "updated_at": "2016-04-15T15:46:47.235Z"}}, {"model": "quiz.testresultplay", "pk": 199, "fields": {"testresult": 50, "play": 3, "count": null, "correct": true, "incorrect": false, "skipped": false, "created_at": "2016-04-15T15:46:52.847Z", "updated_at": "2016-04-15T15:46:52.847Z"}}, {"model": "quiz.testresultplay", "pk": 200, "fields": {"testresult": 51, "play": 1, "count": null, "correct": false, "incorrect": true, "skipped": false, "created_at": "2016-04-15T15:46:56.421Z", "updated_at": "2016-04-15T15:46:56.421Z"}}, {"model": "quiz.testresultplay", "pk": 201, "fields": {"testresult": 51, "play": 1, "count": null, "correct": false, "incorrect": false, "skipped": false, "created_at": "2016-04-15T15:46:58.412Z", "updated_at": "2016-04-15T15:46:58.412Z"}}, {"model": "quiz.testresultplay", "pk": 202, "fields": {"testresult": 51, "play": 2, "count": null, "correct": false, "incorrect": true, "skipped": false, "created_at": "2016-04-15T15:47:00.981Z", "updated_at": "2016-04-15T15:47:00.981Z"}}, {"model": "quiz.testresultplay", "pk": 203, "fields": {"testresult": 51, "play": 2, "count": null, "correct": false, "incorrect": false, "skipped": false, "created_at": "2016-04-15T15:47:02.971Z", "updated_at": "2016-04-15T15:47:02.971Z"}}, {"model": "quiz.testresultplay", "pk": 204, "fields": {"testresult": 51, "play": 4, "count": null, "correct": false, "incorrect": true, "skipped": false, "created_at": "2016-04-15T15:47:04.167Z", "updated_at": "2016-04-15T15:47:04.167Z"}}, {"model": "quiz.testresultplay", "pk": 205, "fields": {"testresult": 51, "play": 4, "count": null, "correct": false, "incorrect": false, "skipped": false, "created_at": "2016-04-15T15:47:06.178Z", "updated_at": "2016-04-15T15:47:06.178Z"}}, {"model": "quiz.testresultplay", "pk": 206, "fields": {"testresult": 51, "play": 5, "count": null, "correct": false, "incorrect": true, "skipped": false, "created_at": "2016-04-15T15:47:07.300Z", "updated_at": "2016-04-15T15:47:07.300Z"}}, {"model": "quiz.testresultplay", "pk": 207, "fields": {"testresult": 51, "play": 5, "count": null, "correct": false, "incorrect": false, "skipped": false, "created_at": "2016-04-15T15:47:09.291Z", "updated_at": "2016-04-15T15:47:09.291Z"}}, {"model": "quiz.testresultplay", "pk": 208, "fields": {"testresult": 51, "play": 3, "count": null, "correct": false, "incorrect": true, "skipped": false, "created_at": "2016-04-15T15:47:11.129Z", "updated_at": "2016-04-15T15:47:11.129Z"}}, {"model": "quiz.testresultplay", "pk": 209, "fields": {"testresult": 51, "play": 3, "count": null, "correct": false, "incorrect": false, "skipped": false, "created_at": "2016-04-15T15:47:13.110Z", "updated_at": "2016-04-15T15:47:13.110Z"}}, {"model": "quiz.testresultplay", "pk": 210, "fields": {"testresult": 52, "play": 1, "count": null, "correct": true, "incorrect": false, "skipped": false, "created_at": "2016-04-15T15:47:52.567Z", "updated_at": "2016-04-15T15:47:52.567Z"}}, {"model": "quiz.testresultplay", "pk": 211, "fields": {"testresult": 52, "play": 2, "count": null, "correct": true, "incorrect": false, "skipped": false, "created_at": "2016-04-15T15:47:57.208Z", "updated_at": "2016-04-15T15:47:57.208Z"}}, {"model": "quiz.testresultplay", "pk": 212, "fields": {"testresult": 52, "play": 2, "count": null, "correct": true, "incorrect": false, "skipped": false, "created_at": "2016-04-15T15:47:57.209Z", "updated_at": "2016-04-15T15:47:57.209Z"}}, {"model": "quiz.testresultplay", "pk": 213, "fields": {"testresult": 52, "play": 4, "count": null, "correct": true, "incorrect": false, "skipped": false, "created_at": "2016-04-15T15:48:03.269Z", "updated_at": "2016-04-15T15:48:03.269Z"}}, {"model": "quiz.testresultplay", "pk": 214, "fields": {"testresult": 52, "play": 5, "count": null, "correct": true, "incorrect": false, "skipped": false, "created_at": "2016-04-15T15:48:05.963Z", "updated_at": "2016-04-15T15:48:05.963Z"}}, {"model": "quiz.testresultplay", "pk": 215, "fields": {"testresult": 52, "play": 3, "count": null, "correct": true, "incorrect": false, "skipped": false, "created_at": "2016-04-15T15:48:10.953Z", "updated_at": "2016-04-15T15:48:10.953Z"}}, {"model": "quiz.testresultplay", "pk": 216, "fields": {"testresult": 53, "play": 1, "count": null, "correct": false, "incorrect": true, "skipped": false, "created_at": "2016-04-15T15:48:17.290Z", "updated_at": "2016-04-15T15:48:17.290Z"}}, {"model": "quiz.testresultplay", "pk": 217, "fields": {"testresult": 53, "play": 1, "count": null, "correct": false, "incorrect": false, "skipped": false, "created_at": "2016-04-15T15:48:19.289Z", "updated_at": "2016-04-15T15:48:19.289Z"}}, {"model": "quiz.testresultplay", "pk": 218, "fields": {"testresult": 53, "play": 2, "count": null, "correct": false, "incorrect": true, "skipped": false, "created_at": "2016-04-15T15:48:20.333Z", "updated_at": "2016-04-15T15:48:20.333Z"}}, {"model": "quiz.testresultplay", "pk": 219, "fields": {"testresult": 53, "play": 2, "count": null, "correct": false, "incorrect": false, "skipped": false, "created_at": "2016-04-15T15:48:22.326Z", "updated_at": "2016-04-15T15:48:22.326Z"}}, {"model": "quiz.testresultplay", "pk": 220, "fields": {"testresult": 53, "play": 4, "count": null, "correct": false, "incorrect": true, "skipped": false, "created_at": "2016-04-15T15:48:23.742Z", "updated_at": "2016-04-15T15:48:23.742Z"}}, {"model": "quiz.testresultplay", "pk": 221, "fields": {"testresult": 53, "play": 4, "count": null, "correct": false, "incorrect": false, "skipped": false, "created_at": "2016-04-15T15:48:25.739Z", "updated_at": "2016-04-15T15:48:25.739Z"}}, {"model": "quiz.testresultplay", "pk": 222, "fields": {"testresult": 53, "play": 5, "count": null, "correct": false, "incorrect": true, "skipped": false, "created_at": "2016-04-15T15:48:27.135Z", "updated_at": "2016-04-15T15:48:27.135Z"}}, {"model": "quiz.testresultplay", "pk": 223, "fields": {"testresult": 53, "play": 5, "count": null, "correct": false, "incorrect": false, "skipped": false, "created_at": "2016-04-15T15:48:29.141Z", "updated_at": "2016-04-15T15:48:29.141Z"}}, {"model": "quiz.testresultplay", "pk": 224, "fields": {"testresult": 53, "play": 3, "count": null, "correct": false, "incorrect": true, "skipped": false, "created_at": "2016-04-15T15:48:31.084Z", "updated_at": "2016-04-15T15:48:31.084Z"}}, {"model": "quiz.testresultplay", "pk": 225, "fields": {"testresult": 53, "play": 3, "count": null, "correct": false, "incorrect": false, "skipped": false, "created_at": "2016-04-15T15:48:33.095Z", "updated_at": "2016-04-15T15:48:33.095Z"}}, {"model": "quiz.testresultplay", "pk": 226, "fields": {"testresult": 54, "play": 1, "count": null, "correct": false, "incorrect": false, "skipped": true, "created_at": "2016-04-15T15:48:35.874Z", "updated_at": "2016-04-15T15:48:35.874Z"}}, {"model": "quiz.testresultplay", "pk": 227, "fields": {"testresult": 54, "play": 2, "count": null, "correct": false, "incorrect": false, "skipped": true, "created_at": "2016-04-15T15:48:36.008Z", "updated_at": "2016-04-15T15:48:36.009Z"}}, {"model": "quiz.testresultplay", "pk": 228, "fields": {"testresult": 54, "play": 4, "count": null, "correct": false, "incorrect": false, "skipped": true, "created_at": "2016-04-15T15:48:36.181Z", "updated_at": "2016-04-15T15:48:36.181Z"}}, {"model": "quiz.testresultplay", "pk": 229, "fields": {"testresult": 54, "play": 5, "count": null, "correct": false, "incorrect": false, "skipped": true, "created_at": "2016-04-15T15:48:36.322Z", "updated_at": "2016-04-15T15:48:36.322Z"}}, {"model": "quiz.testresultplay", "pk": 230, "fields": {"testresult": 54, "play": 3, "count": null, "correct": false, "incorrect": false, "skipped": true, "created_at": "2016-04-15T15:48:36.492Z", "updated_at": "2016-04-15T15:48:36.492Z"}}, {"model": "quiz.testresultplay", "pk": 231, "fields": {"testresult": 54, "play": 1, "count": null, "correct": true, "incorrect": false, "skipped": false, "created_at": "2016-04-15T17:04:20.030Z", "updated_at": "2016-04-15T17:04:20.030Z"}}, {"model": "quiz.testresultplay", "pk": 232, "fields": {"testresult": 55, "play": 1, "count": null, "correct": true, "incorrect": false, "skipped": false, "created_at": "2016-04-15T17:04:20.031Z", "updated_at": "2016-04-15T17:04:20.031Z"}}, {"model": "quiz.testresultplay", "pk": 233, "fields": {"testresult": 55, "play": 2, "count": null, "correct": false, "incorrect": true, "skipped": false, "created_at": "2016-04-15T17:04:23.361Z", "updated_at": "2016-04-15T17:04:23.361Z"}}, {"model": "quiz.testresultplay", "pk": 234, "fields": {"testresult": 55, "play": 2, "count": null, "correct": false, "incorrect": false, "skipped": false, "created_at": "2016-04-15T17:04:25.353Z", "updated_at": "2016-04-15T17:04:25.353Z"}}, {"model": "quiz.testresultplay", "pk": 235, "fields": {"testresult": 55, "play": 4, "count": null, "correct": false, "incorrect": true, "skipped": false, "created_at": "2016-04-15T20:07:51.727Z", "updated_at": "2016-04-15T20:07:51.728Z"}}, {"model": "quiz.testresultplay", "pk": 236, "fields": {"testresult": 55, "play": 4, "count": null, "correct": false, "incorrect": false, "skipped": false, "created_at": "2016-04-15T20:07:53.706Z", "updated_at": "2016-04-15T20:07:53.706Z"}}, {"model": "quiz.testresultplay", "pk": 237, "fields": {"testresult": 55, "play": 5, "count": null, "correct": false, "incorrect": true, "skipped": false, "created_at": "2016-04-15T20:20:08.937Z", "updated_at": "2016-04-15T20:20:08.937Z"}}, {"model": "quiz.testresultplay", "pk": 238, "fields": {"testresult": 55, "play": 5, "count": null, "correct": false, "incorrect": false, "skipped": false, "created_at": "2016-04-15T20:20:10.903Z", "updated_at": "2016-04-15T20:20:10.903Z"}}, {"model": "quiz.testresultplay", "pk": 239, "fields": {"testresult": 55, "play": 3, "count": null, "correct": false, "incorrect": true, "skipped": false, "created_at": "2016-04-15T20:20:19.970Z", "updated_at": "2016-04-15T20:20:19.970Z"}}, {"model": "quiz.testresultplay", "pk": 240, "fields": {"testresult": 55, "play": 3, "count": null, "correct": false, "incorrect": false, "skipped": false, "created_at": "2016-04-15T20:20:21.970Z", "updated_at": "2016-04-15T20:20:21.970Z"}}, {"model": "quiz.testresultplay", "pk": 241, "fields": {"testresult": 56, "play": 1, "count": null, "correct": false, "incorrect": true, "skipped": false, "created_at": "2016-04-15T20:20:35.898Z", "updated_at": "2016-04-15T20:20:35.899Z"}}, {"model": "quiz.testresultplay", "pk": 242, "fields": {"testresult": 56, "play": 1, "count": null, "correct": false, "incorrect": false, "skipped": false, "created_at": "2016-04-15T20:20:37.909Z", "updated_at": "2016-04-15T20:20:37.910Z"}}, {"model": "quiz.testresultplay", "pk": 243, "fields": {"testresult": 57, "play": 7, "count": null, "correct": false, "incorrect": true, "skipped": false, "created_at": "2016-04-15T20:25:47.935Z", "updated_at": "2016-04-15T20:25:47.935Z"}}, {"model": "quiz.testresultplay", "pk": 244, "fields": {"testresult": 57, "play": 7, "count": null, "correct": false, "incorrect": false, "skipped": false, "created_at": "2016-04-15T20:25:49.901Z", "updated_at": "2016-04-15T20:25:49.901Z"}}, {"model": "quiz.testresultplay", "pk": 245, "fields": {"testresult": 57, "play": 6, "count": null, "correct": false, "incorrect": false, "skipped": true, "created_at": "2016-04-15T20:25:51.713Z", "updated_at": "2016-04-15T20:25:51.713Z"}}, {"model": "quiz.testresultplay", "pk": 246, "fields": {"testresult": 58, "play": 1, "count": null, "correct": true, "incorrect": false, "skipped": false, "created_at": "2016-04-16T20:01:58.412Z", "updated_at": "2016-04-16T20:01:58.412Z"}}, {"model": "quiz.testresultplay", "pk": 247, "fields": {"testresult": 58, "play": 2, "count": null, "correct": true, "incorrect": false, "skipped": false, "created_at": "2016-04-16T20:02:01.785Z", "updated_at": "2016-04-16T20:02:01.785Z"}}, {"model": "quiz.testresultplay", "pk": 248, "fields": {"testresult": 58, "play": 4, "count": null, "correct": true, "incorrect": false, "skipped": false, "created_at": "2016-04-16T20:02:05.415Z", "updated_at": "2016-04-16T20:02:05.415Z"}}, {"model": "quiz.testresultplay", "pk": 249, "fields": {"testresult": 58, "play": 5, "count": null, "correct": true, "incorrect": false, "skipped": false, "created_at": "2016-04-16T20:02:08.125Z", "updated_at": "2016-04-16T20:02:08.125Z"}}, {"model": "quiz.testresultplay", "pk": 250, "fields": {"testresult": 58, "play": 3, "count": null, "correct": true, "incorrect": false, "skipped": false, "created_at": "2016-04-16T20:02:12.040Z", "updated_at": "2016-04-16T20:02:12.040Z"}}, {"model": "quiz.testresultplay", "pk": 251, "fields": {"testresult": 58, "play": 3, "count": null, "correct": true, "incorrect": false, "skipped": false, "created_at": "2016-04-16T20:02:12.042Z", "updated_at": "2016-04-16T20:02:12.042Z"}}, {"model": "quiz.testresultplay", "pk": 252, "fields": {"testresult": 59, "play": 1, "count": null, "correct": false, "incorrect": true, "skipped": false, "created_at": "2016-04-16T20:02:15.025Z", "updated_at": "2016-04-16T20:02:15.025Z"}}, {"model": "quiz.testresultplay", "pk": 253, "fields": {"testresult": 59, "play": 1, "count": null, "correct": false, "incorrect": false, "skipped": false, "created_at": "2016-04-16T20:02:17.041Z", "updated_at": "2016-04-16T20:02:17.041Z"}}, {"model": "quiz.testresultplay", "pk": 254, "fields": {"testresult": 59, "play": 2, "count": null, "correct": false, "incorrect": true, "skipped": false, "created_at": "2016-04-16T20:02:18.299Z", "updated_at": "2016-04-16T20:02:18.299Z"}}, {"model": "quiz.testresultplay", "pk": 255, "fields": {"testresult": 59, "play": 2, "count": null, "correct": false, "incorrect": false, "skipped": false, "created_at": "2016-04-16T20:02:20.298Z", "updated_at": "2016-04-16T20:02:20.298Z"}}, {"model": "quiz.testresultplay", "pk": 256, "fields": {"testresult": 59, "play": 4, "count": null, "correct": false, "incorrect": true, "skipped": false, "created_at": "2016-04-16T20:02:21.344Z", "updated_at": "2016-04-16T20:02:21.344Z"}}, {"model": "quiz.testresultplay", "pk": 257, "fields": {"testresult": 59, "play": 4, "count": null, "correct": false, "incorrect": false, "skipped": false, "created_at": "2016-04-16T20:02:23.335Z", "updated_at": "2016-04-16T20:02:23.335Z"}}, {"model": "quiz.testresultplay", "pk": 258, "fields": {"testresult": 59, "play": 5, "count": null, "correct": false, "incorrect": true, "skipped": false, "created_at": "2016-04-16T20:02:25.829Z", "updated_at": "2016-04-16T20:02:25.829Z"}}, {"model": "quiz.testresultplay", "pk": 259, "fields": {"testresult": 59, "play": 5, "count": null, "correct": false, "incorrect": false, "skipped": false, "created_at": "2016-04-16T20:02:27.811Z", "updated_at": "2016-04-16T20:02:27.811Z"}}, {"model": "quiz.testresultplay", "pk": 260, "fields": {"testresult": 59, "play": 3, "count": null, "correct": false, "incorrect": true, "skipped": false, "created_at": "2016-04-16T20:02:30.045Z", "updated_at": "2016-04-16T20:02:30.045Z"}}, {"model": "quiz.testresultplay", "pk": 261, "fields": {"testresult": 59, "play": 3, "count": null, "correct": false, "incorrect": false, "skipped": false, "created_at": "2016-04-16T20:02:32.055Z", "updated_at": "2016-04-16T20:02:32.055Z"}}, {"model": "quiz.testresultplay", "pk": 262, "fields": {"testresult": 60, "play": 1, "count": null, "correct": false, "incorrect": false, "skipped": true, "created_at": "2016-04-16T20:02:33.166Z", "updated_at": "2016-04-16T20:02:33.166Z"}}, {"model": "quiz.testresultplay", "pk": 263, "fields": {"testresult": 60, "play": 2, "count": null, "correct": false, "incorrect": false, "skipped": true, "created_at": "2016-04-16T20:02:33.665Z", "updated_at": "2016-04-16T20:02:33.665Z"}}, {"model": "quiz.testresultplay", "pk": 264, "fields": {"testresult": 60, "play": 4, "count": null, "correct": false, "incorrect": false, "skipped": true, "created_at": "2016-04-16T20:02:34.033Z", "updated_at": "2016-04-16T20:02:34.033Z"}}, {"model": "quiz.testresultplay", "pk": 265, "fields": {"testresult": 60, "play": 5, "count": null, "correct": false, "incorrect": false, "skipped": true, "created_at": "2016-04-16T20:02:34.370Z", "updated_at": "2016-04-16T20:02:34.370Z"}}, {"model": "quiz.testresultplay", "pk": 266, "fields": {"testresult": 60, "play": 3, "count": null, "correct": false, "incorrect": false, "skipped": true, "created_at": "2016-04-16T20:02:34.694Z", "updated_at": "2016-04-16T20:02:34.694Z"}}, {"model": "quiz.testresultplay", "pk": 267, "fields": {"testresult": 60, "play": 1, "count": null, "correct": true, "incorrect": false, "skipped": false, "created_at": "2016-04-16T20:34:23.967Z", "updated_at": "2016-04-16T20:34:23.967Z"}}, {"model": "quiz.testresultplay", "pk": 268, "fields": {"testresult": 61, "play": 1, "count": null, "correct": true, "incorrect": false, "skipped": false, "created_at": "2016-04-16T20:34:23.983Z", "updated_at": "2016-04-16T20:34:23.983Z"}}, {"model": "quiz.testresultplay", "pk": 269, "fields": {"testresult": 61, "play": 2, "count": null, "correct": true, "incorrect": false, "skipped": false, "created_at": "2016-04-16T20:34:27.515Z", "updated_at": "2016-04-16T20:34:27.515Z"}}, {"model": "quiz.testresultplay", "pk": 270, "fields": {"testresult": 61, "play": 4, "count": null, "correct": true, "incorrect": false, "skipped": false, "created_at": "2016-04-16T20:34:33.371Z", "updated_at": "2016-04-16T20:34:33.371Z"}}, {"model": "quiz.testresultplay", "pk": 271, "fields": {"testresult": 61, "play": 5, "count": null, "correct": true, "incorrect": false, "skipped": false, "created_at": "2016-04-16T20:34:38.039Z", "updated_at": "2016-04-16T20:34:38.039Z"}}, {"model": "quiz.testresultplay", "pk": 272, "fields": {"testresult": 61, "play": 3, "count": null, "correct": true, "incorrect": false, "skipped": false, "created_at": "2016-04-16T20:34:44.304Z", "updated_at": "2016-04-16T20:34:44.304Z"}}, {"model": "dashboard.coach", "pk": 1, "fields": {"user": 2, "title": null, "created_at": "2016-02-09T22:17:32.132Z", "updated_at": "2016-02-09T22:17:32.132Z", "team": 1}}, {"model": "dashboard.coach", "pk": 2, "fields": {"user": 4, "title": null, "created_at": "2016-02-16T21:11:51.436Z", "updated_at": "2016-02-16T21:11:51.436Z", "team": 1}}, {"model": "dashboard.coach", "pk": 3, "fields": {"user": 5, "title": null, "created_at": "2016-04-11T21:44:35.979Z", "updated_at": "2016-04-11T21:44:35.979Z", "team": 1}}, {"model": "dashboard.coach", "pk": 4, "fields": {"user": 7, "title": null, "created_at": "2016-04-13T18:08:52.558Z", "updated_at": "2016-04-13T18:08:52.558Z", "team": 1}}, {"model": "dashboard.coach", "pk": 5, "fields": {"user": 11, "title": null, "created_at": "2016-04-16T19:47:57.884Z", "updated_at": "2016-04-16T19:47:57.884Z", "team": 1}}, {"model": "dashboard.myuser", "pk": 1, "fields": {"user": 2, "is_a_player": false, "avatar_image": "profile/bloody-tebow_qXIwM8Q.jpg"}}, {"model": "dashboard.myuser", "pk": 2, "fields": {"user": 3, "is_a_player": true, "avatar_image": "profile/adamcane.jpg"}}, {"model": "dashboard.myuser", "pk": 3, "fields": {"user": 4, "is_a_player": false, "avatar_image": "profile/bloody-tebow_1m8KOYR.jpg"}}, {"model": "dashboard.myuser", "pk": 4, "fields": {"user": 5, "is_a_player": false, "avatar_image": "profile/ZYYVVXGQLNBCHDN.20130708192100_j9tKyLH.jpg"}}, {"model": "dashboard.myuser", "pk": 5, "fields": {"user": 6, "is_a_player": true, "avatar_image": "profile/8010648_fOm28OV.jpeg"}}, {"model": "dashboard.myuser", "pk": 6, "fields": {"user": 7, "is_a_player": false, "avatar_image": "profile/jeff_fisher.jpg"}}, {"model": "dashboard.myuser", "pk": 7, "fields": {"user": 8, "is_a_player": true, "avatar_image": "profile/i.png"}}, {"model": "dashboard.myuser", "pk": 8, "fields": {"user": 9, "is_a_player": true, "avatar_image": "profile/austin.png"}}, {"model": "dashboard.myuser", "pk": 9, "fields": {"user": 10, "is_a_player": true, "avatar_image": "profile/gurley.png"}}, {"model": "dashboard.myuser", "pk": 10, "fields": {"user": 11, "is_a_player": false, "avatar_image": "profile/mccoy_mike_web.png"}}, {"model": "dashboard.myuser", "pk": 11, "fields": {"user": 12, "is_a_player": true, "avatar_image": "profile/rivers.png"}}, {"model": "dashboard.myuser", "pk": 12, "fields": {"user": 13, "is_a_player": true, "avatar_image": "profile/allen_keenan.png"}}, {"model": "dashboard.myuser", "pk": 14, "fields": {"user": 15, "is_a_player": true, "avatar_image": "profile/gordon_melvin_uArRVLe.png"}}, {"model": "dashboard.playergroup", "pk": 1, "fields": {"name": "All", "team": 1, "players": [2, 1]}}, {"model": "dashboard.playergroup", "pk": 3, "fields": {"name": "Chargers", "team": 1, "players": [6, 7, 8]}}, {"model": "admin.logentry", "pk": 1, "fields": {"action_time": "2016-02-09T22:17:04.880Z", "user": 1, "content_type": 8, "object_id": "1", "object_repr": "Broncos", "action_flag": 1, "change_message": "Added."}}, {"model": "admin.logentry", "pk": 2, "fields": {"action_time": "2016-02-16T18:12:52.607Z", "user": 1, "content_type": 10, "object_id": "18", "object_repr": "\u0010Crazy \u0010lay", "action_flag": 3, "change_message": ""}}, {"model": "admin.logentry", "pk": 3, "fields": {"action_time": "2016-02-16T18:12:52.610Z", "user": 1, "content_type": 10, "object_id": "17", "object_repr": "sdfasdfasdfasdf", "action_flag": 3, "change_message": ""}}, {"model": "admin.logentry", "pk": 4, "fields": {"action_time": "2016-02-16T18:12:52.611Z", "user": 1, "content_type": 10, "object_id": "16", "object_repr": "\u0010Crazy \u0010lay", "action_flag": 3, "change_message": ""}}, {"model": "admin.logentry", "pk": 5, "fields": {"action_time": "2016-02-16T18:12:52.612Z", "user": 1, "content_type": 10, "object_id": "15", "object_repr": "blah blah", "action_flag": 3, "change_message": ""}}, {"model": "admin.logentry", "pk": 6, "fields": {"action_time": "2016-02-16T18:12:52.613Z", "user": 1, "content_type": 10, "object_id": "14", "object_repr": "kjhkjhkhk", "action_flag": 3, "change_message": ""}}, {"model": "admin.logentry", "pk": 7, "fields": {"action_time": "2016-02-16T18:12:52.615Z", "user": 1, "content_type": 10, "object_id": "13", "object_repr": "testing 5", "action_flag": 3, "change_message": ""}}, {"model": "admin.logentry", "pk": 8, "fields": {"action_time": "2016-02-16T18:12:52.616Z", "user": 1, "content_type": 10, "object_id": "12", "object_repr": "", "action_flag": 3, "change_message": ""}}, {"model": "admin.logentry", "pk": 9, "fields": {"action_time": "2016-02-16T18:12:52.617Z", "user": 1, "content_type": 10, "object_id": "11", "object_repr": "", "action_flag": 3, "change_message": ""}}, {"model": "admin.logentry", "pk": 10, "fields": {"action_time": "2016-02-16T18:12:52.618Z", "user": 1, "content_type": 10, "object_id": "10", "object_repr": "[", "action_flag": 3, "change_message": ""}}, {"model": "admin.logentry", "pk": 11, "fields": {"action_time": "2016-02-16T18:12:52.619Z", "user": 1, "content_type": 10, "object_id": "9", "object_repr": "\u0010Testing this lay", "action_flag": 3, "change_message": ""}}, {"model": "admin.logentry", "pk": 12, "fields": {"action_time": "2016-02-16T18:12:52.619Z", "user": 1, "content_type": 10, "object_id": "8", "object_repr": "", "action_flag": 3, "change_message": ""}}, {"model": "admin.logentry", "pk": 13, "fields": {"action_time": "2016-02-16T18:12:52.620Z", "user": 1, "content_type": 10, "object_id": "7", "object_repr": "", "action_flag": 3, "change_message": ""}}, {"model": "admin.logentry", "pk": 14, "fields": {"action_time": "2016-02-16T18:12:52.621Z", "user": 1, "content_type": 10, "object_id": "6", "object_repr": "[\u0012j", "action_flag": 3, "change_message": ""}}, {"model": "admin.logentry", "pk": 15, "fields": {"action_time": "2016-02-16T18:12:52.622Z", "user": 1, "content_type": 10, "object_id": "5", "object_repr": "base defense 2", "action_flag": 3, "change_message": ""}}, {"model": "admin.logentry", "pk": 16, "fields": {"action_time": "2016-02-16T18:12:52.623Z", "user": 1, "content_type": 10, "object_id": "4", "object_repr": "\u0010Base \u0010Defense", "action_flag": 3, "change_message": ""}}, {"model": "admin.logentry", "pk": 17, "fields": {"action_time": "2016-02-16T20:24:08.304Z", "user": 1, "content_type": 10, "object_id": "25", "object_repr": "\u0010Cover 3", "action_flag": 3, "change_message": ""}}, {"model": "admin.logentry", "pk": 18, "fields": {"action_time": "2016-02-16T20:24:08.306Z", "user": 1, "content_type": 10, "object_id": "24", "object_repr": "\u0010Cover 3", "action_flag": 3, "change_message": ""}}, {"model": "admin.logentry", "pk": 19, "fields": {"action_time": "2016-02-16T20:24:08.307Z", "user": 1, "content_type": 10, "object_id": "23", "object_repr": "\u0010\u0010Cover 3", "action_flag": 3, "change_message": ""}}, {"model": "admin.logentry", "pk": 20, "fields": {"action_time": "2016-02-16T20:24:08.308Z", "user": 1, "content_type": 10, "object_id": "22", "object_repr": "\u0010Cover 2", "action_flag": 3, "change_message": ""}}, {"model": "admin.logentry", "pk": 21, "fields": {"action_time": "2016-02-16T20:24:08.309Z", "user": 1, "content_type": 10, "object_id": "21", "object_repr": "Jumbo", "action_flag": 3, "change_message": ""}}, {"model": "admin.logentry", "pk": 22, "fields": {"action_time": "2016-02-16T20:24:08.311Z", "user": 1, "content_type": 10, "object_id": "20", "object_repr": "\u0010Cover 2", "action_flag": 3, "change_message": ""}}, {"model": "admin.logentry", "pk": 23, "fields": {"action_time": "2016-02-16T20:24:08.312Z", "user": 1, "content_type": 10, "object_id": "19", "object_repr": "\u0010Cover 2", "action_flag": 3, "change_message": ""}}, {"model": "admin.logentry", "pk": 24, "fields": {"action_time": "2016-02-16T20:24:08.313Z", "user": 1, "content_type": 10, "object_id": "1", "object_repr": "", "action_flag": 3, "change_message": ""}}, {"model": "admin.logentry", "pk": 25, "fields": {"action_time": "2016-04-16T19:56:42.161Z", "user": 1, "content_type": 4, "object_id": "14", "object_repr": "melvingordon", "action_flag": 3, "change_message": ""}}]