[{"model": "auth.user", "pk": 1, "fields": {"password": "pbkdf2_sha256$24000$A07Jcjmfuihy$cbspgcZkkpYN42rwj5gpo/opKYkzq8yf2cdhHaa9pAs=", "last_login": "2016-02-16T20:23:42.198Z", "is_superuser": true, "username": "adammoelis", "first_name": "", "last_name": "", "email": "adam.moelis@gmail.com", "is_staff": true, "is_active": true, "date_joined": "2016-02-09T22:16:51.192Z", "groups": [], "user_permissions": []}}, {"model": "auth.user", "pk": 2, "fields": {"password": "pbkdf2_sha256$24000$Kg1Q6WGDK4Ap$aKmNPtGyR10Nd2aZXpz5eXht58YBqe+wY/Onr/SNZPk=", "last_login": "2016-02-16T18:13:08.565Z", "is_superuser": false, "username": "ericstudes", "first_name": "Eric", "last_name": "Studes", "email": "eric@studes.com", "is_staff": false, "is_active": true, "date_joined": "2016-02-09T22:17:32.102Z", "groups": [], "user_permissions": []}}, {"model": "auth.user", "pk": 3, "fields": {"password": "pbkdf2_sha256$24000$bHKveAuq8ayD$0juqd54HGkKAeagY/kUfrEXKqiEmAdPHvBr5SwGdimc=", "last_login": "2016-02-09T22:27:08.762Z", "is_superuser": false, "username": "peytonmanning", "first_name": "Peyton", "last_name": "Manning", "email": "peyton@manning.com", "is_staff": false, "is_active": true, "date_joined": "2016-02-09T22:27:08.698Z", "groups": [], "user_permissions": []}}, {"model": "auth.user", "pk": 4, "fields": {"password": "pbkdf2_sha256$24000$ItVoxXyVcS2q$Aa8rGzqoOWLv+RfbvuL1MzmHU4Ie8Kevc+xGevYKiyg=", "last_login": "2016-02-16T21:11:51.464Z", "is_superuser": false, "username": "adsads", "first_name": "ads", "last_name": "ads", "email": "ads@ads.com", "is_staff": false, "is_active": true, "date_joined": "2016-02-16T21:11:51.404Z", "groups": [], "user_permissions": []}}, {"model": "sessions.session", "pk": "c7mghc0hiyjrwdqcjq3c3pi3brw249o8", "fields": {"session_data": "M2Y5NjcwNzRmZTYyYmQwMWRkYTU5YjcwMTZkM2RlMGUwNTg4MjgxZjp7Il9hdXRoX3VzZXJfaGFzaCI6IjIxMGIxYzk4NjYyZDYxNThiMDc0OWFlNmI0YzM0M2Y3NWJjMjljNGUiLCJfYXV0aF91c2VyX2JhY2tlbmQiOiJkamFuZ28uY29udHJpYi5hdXRoLmJhY2tlbmRzLk1vZGVsQmFja2VuZCIsIl9hdXRoX3VzZXJfaWQiOiIxIn0=", "expire_date": "2016-03-01T20:23:42.201Z"}}, {"model": "sessions.session", "pk": "kodmiqmtvcrqs3jstf66xkmk0b4o2umn", "fields": {"session_data": "NjgwMDNiZGJlNGQyMjMwYmQ3YzVhMGMzYjMxOGNkZmFhMGRjYzJjMzp7Il9hdXRoX3VzZXJfaGFzaCI6IjRhZTBjMjQzMjIyN2IyZmU1ZmNjOTQxMGY0Y2I3ZTkwZjEzZmU1NjYiLCJfYXV0aF91c2VyX2JhY2tlbmQiOiJkamFuZ28uY29udHJpYi5hdXRoLmJhY2tlbmRzLk1vZGVsQmFja2VuZCIsIl9hdXRoX3VzZXJfaWQiOiI0In0=", "expire_date": "2016-03-01T21:11:51.465Z"}}, {"model": "quiz.team", "pk": 1, "fields": {"name": "Broncos", "created_at": "2016-02-09T22:17:04.879Z", "updated_at": "2016-02-09T22:17:04.879Z"}}, {"model": "quiz.player", "pk": 1, "fields": {"user": 3, "first_name": "Peyton", "last_name": "Manning", "position": "QB", "unit": null, "number": null, "team": 1, "is_being_tested": false, "image_url": "", "starter": false, "created_at": "2016-02-09T22:27:08.732Z", "updated_at": "2016-02-09T22:27:08.733Z"}}, {"model": "quiz.formation", "pk": 2, "fields": {"name": "Twins Pistol", "playName": "", "offensiveFormationID": null, "unit": "offense", "team": 1, "created_at": "2016-02-09T22:22:14.566Z", "updated_at": "2016-02-09T22:22:14.566Z", "offensivePlayers": []}}, {"model": "quiz.formation", "pk": 3, "fields": {"name": "Shotgun Trips", "playName": "", "offensiveFormationID": null, "unit": "offense", "team": 1, "created_at": "2016-02-09T22:22:36.636Z", "updated_at": "2016-02-09T22:22:36.636Z", "offensivePlayers": []}}, {"model": "quiz.formation", "pk": 26, "fields": {"name": "\u0010Cover 2", "playName": "", "offensiveFormationID": 2, "unit": "defense", "team": 1, "created_at": "2016-02-16T20:24:50.622Z", "updated_at": "2016-02-16T20:24:50.624Z", "offensivePlayers": []}}, {"model": "quiz.formation", "pk": 27, "fields": {"name": "\u0010Cover 2", "playName": "", "offensiveFormationID": 3, "unit": "defense", "team": 1, "created_at": "2016-02-16T20:25:35.360Z", "updated_at": "2016-02-16T20:25:35.362Z", "offensivePlayers": []}}, {"model": "quiz.formation", "pk": 28, "fields": {"name": "Jumbo", "playName": "", "offensiveFormationID": null, "unit": "offense", "team": 1, "created_at": "2016-02-16T20:26:10.863Z", "updated_at": "2016-02-16T20:26:10.863Z", "offensivePlayers": []}}, {"model": "quiz.formation", "pk": 29, "fields": {"name": "\u0010Cover 2", "playName": "", "offensiveFormationID": 28, "unit": "defense", "team": 1, "created_at": "2016-02-16T20:27:30.990Z", "updated_at": "2016-02-16T20:27:30.992Z", "offensivePlayers": []}}, {"model": "quiz.position", "pk": 12, "fields": {"startX": 19.665, "startY": 73.0, "name": "LT", "formation": 2, "routeCoordinates": null, "runCoordinates": null, "progressionRank": null, "playerIndex": -2, "routeNum": null, "blocker": null, "runner": null, "CBAssignmentPlayerID": null, "CBAssignmentPlayerIndex": null, "CBAssignmentPlayerPosition": null, "zoneYardX": null, "zoneYardY": null, "zoneHeight": null, "zoneWidth": null, "gapYardX": null, "gapYardY": null, "blockingAssignmentPlayerIndex": null, "blockingAssignmentUnitIndex": null}}, {"model": "quiz.position", "pk": 13, "fields": {"startX": 23.165, "startY": 73.0, "name": "LG", "formation": 2, "routeCoordinates": null, "runCoordinates": null, "progressionRank": null, "playerIndex": -1, "routeNum": null, "blocker": null, "runner": null, "CBAssignmentPlayerID": null, "CBAssignmentPlayerIndex": null, "CBAssignmentPlayerPosition": null, "zoneYardX": null, "zoneYardY": null, "zoneHeight": null, "zoneWidth": null, "gapYardX": null, "gapYardY": null, "blockingAssignmentPlayerIndex": null, "blockingAssignmentUnitIndex": null}}, {"model": "quiz.position", "pk": 14, "fields": {"startX": 26.665, "startY": 73.5, "name": "C", "formation": 2, "routeCoordinates": null, "runCoordinates": null, "progressionRank": null, "playerIndex": 0, "routeNum": null, "blocker": null, "runner": null, "CBAssignmentPlayerID": null, "CBAssignmentPlayerIndex": null, "CBAssignmentPlayerPosition": null, "zoneYardX": null, "zoneYardY": null, "zoneHeight": null, "zoneWidth": null, "gapYardX": null, "gapYardY": null, "blockingAssignmentPlayerIndex": null, "blockingAssignmentUnitIndex": null}}, {"model": "quiz.position", "pk": 15, "fields": {"startX": 30.165, "startY": 73.0, "name": "RG", "formation": 2, "routeCoordinates": null, "runCoordinates": null, "progressionRank": null, "playerIndex": 1, "routeNum": null, "blocker": null, "runner": null, "CBAssignmentPlayerID": null, "CBAssignmentPlayerIndex": null, "CBAssignmentPlayerPosition": null, "zoneYardX": null, "zoneYardY": null, "zoneHeight": null, "zoneWidth": null, "gapYardX": null, "gapYardY": null, "blockingAssignmentPlayerIndex": null, "blockingAssignmentUnitIndex": null}}, {"model": "quiz.position", "pk": 16, "fields": {"startX": 33.665, "startY": 73.0, "name": "RT", "formation": 2, "routeCoordinates": null, "runCoordinates": null, "progressionRank": null, "playerIndex": 2, "routeNum": null, "blocker": null, "runner": null, "CBAssignmentPlayerID": null, "CBAssignmentPlayerIndex": null, "CBAssignmentPlayerPosition": null, "zoneYardX": null, "zoneYardY": null, "zoneHeight": null, "zoneWidth": null, "gapYardX": null, "gapYardY": null, "blockingAssignmentPlayerIndex": null, "blockingAssignmentUnitIndex": null}}, {"model": "quiz.position", "pk": 17, "fields": {"startX": 26.665, "startY": 70.0, "name": "QB", "formation": 2, "routeCoordinates": null, "runCoordinates": null, "progressionRank": null, "playerIndex": 0, "routeNum": null, "blocker": null, "runner": null, "CBAssignmentPlayerID": null, "CBAssignmentPlayerIndex": null, "CBAssignmentPlayerPosition": null, "zoneYardX": null, "zoneYardY": null, "zoneHeight": null, "zoneWidth": null, "gapYardX": null, "gapYardY": null, "blockingAssignmentPlayerIndex": null, "blockingAssignmentUnitIndex": null}}, {"model": "quiz.position", "pk": 18, "fields": {"startX": 41.7816656494141, "startY": 72.9, "name": "WR", "formation": 2, "routeCoordinates": null, "runCoordinates": null, "progressionRank": null, "playerIndex": 3, "routeNum": null, "blocker": null, "runner": null, "CBAssignmentPlayerID": null, "CBAssignmentPlayerIndex": null, "CBAssignmentPlayerPosition": null, "zoneYardX": null, "zoneYardY": null, "zoneHeight": null, "zoneWidth": null, "gapYardX": null, "gapYardY": null, "blockingAssignmentPlayerIndex": null, "blockingAssignmentUnitIndex": null}}, {"model": "quiz.position", "pk": 19, "fields": {"startX": 11.7816656494141, "startY": 72.7, "name": "WR", "formation": 2, "routeCoordinates": null, "runCoordinates": null, "progressionRank": null, "playerIndex": 4, "routeNum": null, "blocker": null, "runner": null, "CBAssignmentPlayerID": null, "CBAssignmentPlayerIndex": null, "CBAssignmentPlayerPosition": null, "zoneYardX": null, "zoneYardY": null, "zoneHeight": null, "zoneWidth": null, "gapYardX": null, "gapYardY": null, "blockingAssignmentPlayerIndex": null, "blockingAssignmentUnitIndex": null}}, {"model": "quiz.position", "pk": 20, "fields": {"startX": 26.9816656494141, "startY": 63.1, "name": "RB", "formation": 2, "routeCoordinates": null, "runCoordinates": null, "progressionRank": null, "playerIndex": 2, "routeNum": null, "blocker": null, "runner": null, "CBAssignmentPlayerID": null, "CBAssignmentPlayerIndex": null, "CBAssignmentPlayerPosition": null, "zoneYardX": null, "zoneYardY": null, "zoneHeight": null, "zoneWidth": null, "gapYardX": null, "gapYardY": null, "blockingAssignmentPlayerIndex": null, "blockingAssignmentUnitIndex": null}}, {"model": "quiz.position", "pk": 21, "fields": {"startX": 16.8816656494141, "startY": 71.3, "name": "TE", "formation": 2, "routeCoordinates": null, "runCoordinates": null, "progressionRank": null, "playerIndex": 3, "routeNum": null, "blocker": null, "runner": null, "CBAssignmentPlayerID": null, "CBAssignmentPlayerIndex": null, "CBAssignmentPlayerPosition": null, "zoneYardX": null, "zoneYardY": null, "zoneHeight": null, "zoneWidth": null, "gapYardX": null, "gapYardY": null, "blockingAssignmentPlayerIndex": null, "blockingAssignmentUnitIndex": null}}, {"model": "quiz.position", "pk": 22, "fields": {"startX": 36.5816656494141, "startY": 71.5, "name": "TE", "formation": 2, "routeCoordinates": null, "runCoordinates": null, "progressionRank": null, "playerIndex": 4, "routeNum": null, "blocker": null, "runner": null, "CBAssignmentPlayerID": null, "CBAssignmentPlayerIndex": null, "CBAssignmentPlayerPosition": null, "zoneYardX": null, "zoneYardY": null, "zoneHeight": null, "zoneWidth": null, "gapYardX": null, "gapYardY": null, "blockingAssignmentPlayerIndex": null, "blockingAssignmentUnitIndex": null}}, {"model": "quiz.position", "pk": 23, "fields": {"startX": 19.665, "startY": 73.0, "name": "LT", "formation": 3, "routeCoordinates": null, "runCoordinates": null, "progressionRank": null, "playerIndex": -2, "routeNum": null, "blocker": null, "runner": null, "CBAssignmentPlayerID": null, "CBAssignmentPlayerIndex": null, "CBAssignmentPlayerPosition": null, "zoneYardX": null, "zoneYardY": null, "zoneHeight": null, "zoneWidth": null, "gapYardX": null, "gapYardY": null, "blockingAssignmentPlayerIndex": null, "blockingAssignmentUnitIndex": null}}, {"model": "quiz.position", "pk": 24, "fields": {"startX": 23.165, "startY": 73.0, "name": "LG", "formation": 3, "routeCoordinates": null, "runCoordinates": null, "progressionRank": null, "playerIndex": -1, "routeNum": null, "blocker": null, "runner": null, "CBAssignmentPlayerID": null, "CBAssignmentPlayerIndex": null, "CBAssignmentPlayerPosition": null, "zoneYardX": null, "zoneYardY": null, "zoneHeight": null, "zoneWidth": null, "gapYardX": null, "gapYardY": null, "blockingAssignmentPlayerIndex": null, "blockingAssignmentUnitIndex": null}}, {"model": "quiz.position", "pk": 25, "fields": {"startX": 26.665, "startY": 73.5, "name": "C", "formation": 3, "routeCoordinates": null, "runCoordinates": null, "progressionRank": null, "playerIndex": 0, "routeNum": null, "blocker": null, "runner": null, "CBAssignmentPlayerID": null, "CBAssignmentPlayerIndex": null, "CBAssignmentPlayerPosition": null, "zoneYardX": null, "zoneYardY": null, "zoneHeight": null, "zoneWidth": null, "gapYardX": null, "gapYardY": null, "blockingAssignmentPlayerIndex": null, "blockingAssignmentUnitIndex": null}}, {"model": "quiz.position", "pk": 26, "fields": {"startX": 30.165, "startY": 73.0, "name": "RG", "formation": 3, "routeCoordinates": null, "runCoordinates": null, "progressionRank": null, "playerIndex": 1, "routeNum": null, "blocker": null, "runner": null, "CBAssignmentPlayerID": null, "CBAssignmentPlayerIndex": null, "CBAssignmentPlayerPosition": null, "zoneYardX": null, "zoneYardY": null, "zoneHeight": null, "zoneWidth": null, "gapYardX": null, "gapYardY": null, "blockingAssignmentPlayerIndex": null, "blockingAssignmentUnitIndex": null}}, {"model": "quiz.position", "pk": 27, "fields": {"startX": 33.665, "startY": 73.0, "name": "RT", "formation": 3, "routeCoordinates": null, "runCoordinates": null, "progressionRank": null, "playerIndex": 2, "routeNum": null, "blocker": null, "runner": null, "CBAssignmentPlayerID": null, "CBAssignmentPlayerIndex": null, "CBAssignmentPlayerPosition": null, "zoneYardX": null, "zoneYardY": null, "zoneHeight": null, "zoneWidth": null, "gapYardX": null, "gapYardY": null, "blockingAssignmentPlayerIndex": null, "blockingAssignmentUnitIndex": null}}, {"model": "quiz.position", "pk": 28, "fields": {"startX": 26.4816656494141, "startY": 65.1, "name": "QB", "formation": 3, "routeCoordinates": null, "runCoordinates": null, "progressionRank": null, "playerIndex": 0, "routeNum": null, "blocker": null, "runner": null, "CBAssignmentPlayerID": null, "CBAssignmentPlayerIndex": null, "CBAssignmentPlayerPosition": null, "zoneYardX": null, "zoneYardY": null, "zoneHeight": null, "zoneWidth": null, "gapYardX": null, "gapYardY": null, "blockingAssignmentPlayerIndex": null, "blockingAssignmentUnitIndex": null}}, {"model": "quiz.position", "pk": 29, "fields": {"startX": 11.6816656494141, "startY": 72.9, "name": "WR", "formation": 3, "routeCoordinates": null, "runCoordinates": null, "progressionRank": null, "playerIndex": 5, "routeNum": null, "blocker": null, "runner": null, "CBAssignmentPlayerID": null, "CBAssignmentPlayerIndex": null, "CBAssignmentPlayerPosition": null, "zoneYardX": null, "zoneYardY": null, "zoneHeight": null, "zoneWidth": null, "gapYardX": null, "gapYardY": null, "blockingAssignmentPlayerIndex": null, "blockingAssignmentUnitIndex": null}}, {"model": "quiz.position", "pk": 30, "fields": {"startX": 22.1816656494141, "startY": 63.9, "name": "RB", "formation": 3, "routeCoordinates": null, "runCoordinates": null, "progressionRank": null, "playerIndex": 3, "routeNum": null, "blocker": null, "runner": null, "CBAssignmentPlayerID": null, "CBAssignmentPlayerIndex": null, "CBAssignmentPlayerPosition": null, "zoneYardX": null, "zoneYardY": null, "zoneHeight": null, "zoneWidth": null, "gapYardX": null, "gapYardY": null, "blockingAssignmentPlayerIndex": null, "blockingAssignmentUnitIndex": null}}, {"model": "quiz.position", "pk": 31, "fields": {"startX": 42.4816656494141, "startY": 72.9, "name": "WR", "formation": 3, "routeCoordinates": null, "runCoordinates": null, "progressionRank": null, "playerIndex": 6, "routeNum": null, "blocker": null, "runner": null, "CBAssignmentPlayerID": null, "CBAssignmentPlayerIndex": null, "CBAssignmentPlayerPosition": null, "zoneYardX": null, "zoneYardY": null, "zoneHeight": null, "zoneWidth": null, "gapYardX": null, "gapYardY": null, "blockingAssignmentPlayerIndex": null, "blockingAssignmentUnitIndex": null}}, {"model": "quiz.position", "pk": 32, "fields": {"startX": 36.8816656494141, "startY": 71.7, "name": "TE", "formation": 3, "routeCoordinates": null, "runCoordinates": null, "progressionRank": null, "playerIndex": 5, "routeNum": null, "blocker": null, "runner": null, "CBAssignmentPlayerID": null, "CBAssignmentPlayerIndex": null, "CBAssignmentPlayerPosition": null, "zoneYardX": null, "zoneYardY": null, "zoneHeight": null, "zoneWidth": null, "gapYardX": null, "gapYardY": null, "blockingAssignmentPlayerIndex": null, "blockingAssignmentUnitIndex": null}}, {"model": "quiz.position", "pk": 33, "fields": {"startX": 15.8816656494141, "startY": 71.8, "name": "WR", "formation": 3, "routeCoordinates": null, "runCoordinates": null, "progressionRank": null, "playerIndex": 7, "routeNum": null, "blocker": null, "runner": null, "CBAssignmentPlayerID": null, "CBAssignmentPlayerIndex": null, "CBAssignmentPlayerPosition": null, "zoneYardX": null, "zoneYardY": null, "zoneHeight": null, "zoneWidth": null, "gapYardX": null, "gapYardY": null, "blockingAssignmentPlayerIndex": null, "blockingAssignmentUnitIndex": null}}, {"model": "quiz.position", "pk": 34, "fields": {"startX": 36.5816656494141, "startY": 71.5, "name": "TE", "formation": null, "routeCoordinates": "[[36.5816656494141, 71.5], [36.48166564941406, 91.7]]", "runCoordinates": null, "progressionRank": 3, "playerIndex": null, "routeNum": null, "blocker": false, "runner": false, "CBAssignmentPlayerID": null, "CBAssignmentPlayerIndex": null, "CBAssignmentPlayerPosition": null, "zoneYardX": null, "zoneYardY": null, "zoneHeight": null, "zoneWidth": null, "gapYardX": null, "gapYardY": null, "blockingAssignmentPlayerIndex": null, "blockingAssignmentUnitIndex": null}}, {"model": "quiz.position", "pk": 35, "fields": {"startX": 16.8816656494141, "startY": 71.3, "name": "TE", "formation": null, "routeCoordinates": "[[16.8816656494141, 71.3], [17.081665649414063, 90.3]]", "runCoordinates": null, "progressionRank": 2, "playerIndex": null, "routeNum": null, "blocker": false, "runner": false, "CBAssignmentPlayerID": null, "CBAssignmentPlayerIndex": null, "CBAssignmentPlayerPosition": null, "zoneYardX": null, "zoneYardY": null, "zoneHeight": null, "zoneWidth": null, "gapYardX": null, "gapYardY": null, "blockingAssignmentPlayerIndex": null, "blockingAssignmentUnitIndex": null}}, {"model": "quiz.position", "pk": 36, "fields": {"startX": 26.9816656494141, "startY": 63.1, "name": "RB", "formation": null, "routeCoordinates": "[[26.9816656494141, 63.1], [26.18166564941406, 91.7]]", "runCoordinates": null, "progressionRank": 5, "playerIndex": null, "routeNum": null, "blocker": false, "runner": false, "CBAssignmentPlayerID": null, "CBAssignmentPlayerIndex": null, "CBAssignmentPlayerPosition": null, "zoneYardX": null, "zoneYardY": null, "zoneHeight": null, "zoneWidth": null, "gapYardX": null, "gapYardY": null, "blockingAssignmentPlayerIndex": null, "blockingAssignmentUnitIndex": null}}, {"model": "quiz.position", "pk": 37, "fields": {"startX": 11.7816656494141, "startY": 72.7, "name": "WR", "formation": null, "routeCoordinates": "[[11.7816656494141, 72.7], [11.381665649414062, 90.3]]", "runCoordinates": null, "progressionRank": 1, "playerIndex": null, "routeNum": null, "blocker": false, "runner": false, "CBAssignmentPlayerID": null, "CBAssignmentPlayerIndex": null, "CBAssignmentPlayerPosition": null, "zoneYardX": null, "zoneYardY": null, "zoneHeight": null, "zoneWidth": null, "gapYardX": null, "gapYardY": null, "blockingAssignmentPlayerIndex": null, "blockingAssignmentUnitIndex": null}}, {"model": "quiz.position", "pk": 38, "fields": {"startX": 41.7816656494141, "startY": 72.9, "name": "WR", "formation": null, "routeCoordinates": "[[41.7816656494141, 72.9], [42.28166564941406, 90.9]]", "runCoordinates": null, "progressionRank": 4, "playerIndex": null, "routeNum": null, "blocker": false, "runner": false, "CBAssignmentPlayerID": null, "CBAssignmentPlayerIndex": null, "CBAssignmentPlayerPosition": null, "zoneYardX": null, "zoneYardY": null, "zoneHeight": null, "zoneWidth": null, "gapYardX": null, "gapYardY": null, "blockingAssignmentPlayerIndex": null, "blockingAssignmentUnitIndex": null}}, {"model": "quiz.position", "pk": 39, "fields": {"startX": 26.665, "startY": 70.0, "name": "QB", "formation": null, "routeCoordinates": "[[26.665, 70]]", "runCoordinates": null, "progressionRank": 0, "playerIndex": null, "routeNum": null, "blocker": false, "runner": false, "CBAssignmentPlayerID": null, "CBAssignmentPlayerIndex": null, "CBAssignmentPlayerPosition": null, "zoneYardX": null, "zoneYardY": null, "zoneHeight": null, "zoneWidth": null, "gapYardX": null, "gapYardY": null, "blockingAssignmentPlayerIndex": null, "blockingAssignmentUnitIndex": null}}, {"model": "quiz.position", "pk": 40, "fields": {"startX": 33.665, "startY": 73.0, "name": "RT", "formation": null, "routeCoordinates": "[[33.665, 73]]", "runCoordinates": null, "progressionRank": 0, "playerIndex": null, "routeNum": null, "blocker": false, "runner": false, "CBAssignmentPlayerID": null, "CBAssignmentPlayerIndex": null, "CBAssignmentPlayerPosition": null, "zoneYardX": null, "zoneYardY": null, "zoneHeight": null, "zoneWidth": null, "gapYardX": null, "gapYardY": null, "blockingAssignmentPlayerIndex": null, "blockingAssignmentUnitIndex": null}}, {"model": "quiz.position", "pk": 41, "fields": {"startX": 30.165, "startY": 73.0, "name": "RG", "formation": null, "routeCoordinates": "[[30.165, 73]]", "runCoordinates": null, "progressionRank": 0, "playerIndex": null, "routeNum": null, "blocker": false, "runner": false, "CBAssignmentPlayerID": null, "CBAssignmentPlayerIndex": null, "CBAssignmentPlayerPosition": null, "zoneYardX": null, "zoneYardY": null, "zoneHeight": null, "zoneWidth": null, "gapYardX": null, "gapYardY": null, "blockingAssignmentPlayerIndex": null, "blockingAssignmentUnitIndex": null}}, {"model": "quiz.position", "pk": 42, "fields": {"startX": 26.665, "startY": 73.5, "name": "C", "formation": null, "routeCoordinates": "[[26.665, 73.5]]", "runCoordinates": null, "progressionRank": 0, "playerIndex": null, "routeNum": null, "blocker": false, "runner": false, "CBAssignmentPlayerID": null, "CBAssignmentPlayerIndex": null, "CBAssignmentPlayerPosition": null, "zoneYardX": null, "zoneYardY": null, "zoneHeight": null, "zoneWidth": null, "gapYardX": null, "gapYardY": null, "blockingAssignmentPlayerIndex": null, "blockingAssignmentUnitIndex": null}}, {"model": "quiz.position", "pk": 43, "fields": {"startX": 23.165, "startY": 73.0, "name": "LG", "formation": null, "routeCoordinates": "[[23.165, 73]]", "runCoordinates": null, "progressionRank": 0, "playerIndex": null, "routeNum": null, "blocker": false, "runner": false, "CBAssignmentPlayerID": null, "CBAssignmentPlayerIndex": null, "CBAssignmentPlayerPosition": null, "zoneYardX": null, "zoneYardY": null, "zoneHeight": null, "zoneWidth": null, "gapYardX": null, "gapYardY": null, "blockingAssignmentPlayerIndex": null, "blockingAssignmentUnitIndex": null}}, {"model": "quiz.position", "pk": 44, "fields": {"startX": 19.665, "startY": 73.0, "name": "LT", "formation": null, "routeCoordinates": "[[19.665, 73]]", "runCoordinates": null, "progressionRank": 0, "playerIndex": null, "routeNum": null, "blocker": false, "runner": false, "CBAssignmentPlayerID": null, "CBAssignmentPlayerIndex": null, "CBAssignmentPlayerPosition": null, "zoneYardX": null, "zoneYardY": null, "zoneHeight": null, "zoneWidth": null, "gapYardX": null, "gapYardY": null, "blockingAssignmentPlayerIndex": null, "blockingAssignmentUnitIndex": null}}, {"model": "quiz.position", "pk": 45, "fields": {"startX": 36.5816656494141, "startY": 71.5, "name": "TE", "formation": null, "routeCoordinates": "[[36.5816656494141, 71.5], [36.48166564941406, 81.3], [44.08166564941406, 80.6]]", "runCoordinates": null, "progressionRank": 3, "playerIndex": null, "routeNum": null, "blocker": false, "runner": false, "CBAssignmentPlayerID": null, "CBAssignmentPlayerIndex": null, "CBAssignmentPlayerPosition": null, "zoneYardX": null, "zoneYardY": null, "zoneHeight": null, "zoneWidth": null, "gapYardX": null, "gapYardY": null, "blockingAssignmentPlayerIndex": null, "blockingAssignmentUnitIndex": null}}, {"model": "quiz.position", "pk": 46, "fields": {"startX": 16.8816656494141, "startY": 71.3, "name": "TE", "formation": null, "routeCoordinates": "[[16.8816656494141, 71.3], [16.48166564941406, 86.6], [9.281665649414062, 86.6]]", "runCoordinates": null, "progressionRank": 2, "playerIndex": null, "routeNum": null, "blocker": false, "runner": false, "CBAssignmentPlayerID": null, "CBAssignmentPlayerIndex": null, "CBAssignmentPlayerPosition": null, "zoneYardX": null, "zoneYardY": null, "zoneHeight": null, "zoneWidth": null, "gapYardX": null, "gapYardY": null, "blockingAssignmentPlayerIndex": null, "blockingAssignmentUnitIndex": null}}, {"model": "quiz.position", "pk": 47, "fields": {"startX": 26.9816656494141, "startY": 63.1, "name": "RB", "formation": null, "routeCoordinates": "[[26.9816656494141, 63.1]]", "runCoordinates": null, "progressionRank": 0, "playerIndex": null, "routeNum": null, "blocker": false, "runner": false, "CBAssignmentPlayerID": null, "CBAssignmentPlayerIndex": null, "CBAssignmentPlayerPosition": null, "zoneYardX": null, "zoneYardY": null, "zoneHeight": null, "zoneWidth": null, "gapYardX": null, "gapYardY": null, "blockingAssignmentPlayerIndex": null, "blockingAssignmentUnitIndex": null}}, {"model": "quiz.position", "pk": 48, "fields": {"startX": 11.7816656494141, "startY": 72.7, "name": "WR", "formation": null, "routeCoordinates": "[[11.7816656494141, 72.7], [11.681665649414061, 81.5], [8.481665649414062, 81.5]]", "runCoordinates": null, "progressionRank": 1, "playerIndex": null, "routeNum": null, "blocker": false, "runner": false, "CBAssignmentPlayerID": null, "CBAssignmentPlayerIndex": null, "CBAssignmentPlayerPosition": null, "zoneYardX": null, "zoneYardY": null, "zoneHeight": null, "zoneWidth": null, "gapYardX": null, "gapYardY": null, "blockingAssignmentPlayerIndex": null, "blockingAssignmentUnitIndex": null}}, {"model": "quiz.position", "pk": 49, "fields": {"startX": 41.7816656494141, "startY": 72.9, "name": "WR", "formation": null, "routeCoordinates": "[[41.7816656494141, 72.9], [41.48166564941406, 85.8], [44.98166564941406, 85.9]]", "runCoordinates": null, "progressionRank": 4, "playerIndex": null, "routeNum": null, "blocker": false, "runner": false, "CBAssignmentPlayerID": null, "CBAssignmentPlayerIndex": null, "CBAssignmentPlayerPosition": null, "zoneYardX": null, "zoneYardY": null, "zoneHeight": null, "zoneWidth": null, "gapYardX": null, "gapYardY": null, "blockingAssignmentPlayerIndex": null, "blockingAssignmentUnitIndex": null}}, {"model": "quiz.position", "pk": 50, "fields": {"startX": 26.665, "startY": 70.0, "name": "QB", "formation": null, "routeCoordinates": "[[26.665, 70]]", "runCoordinates": null, "progressionRank": 0, "playerIndex": null, "routeNum": null, "blocker": false, "runner": false, "CBAssignmentPlayerID": null, "CBAssignmentPlayerIndex": null, "CBAssignmentPlayerPosition": null, "zoneYardX": null, "zoneYardY": null, "zoneHeight": null, "zoneWidth": null, "gapYardX": null, "gapYardY": null, "blockingAssignmentPlayerIndex": null, "blockingAssignmentUnitIndex": null}}, {"model": "quiz.position", "pk": 51, "fields": {"startX": 33.665, "startY": 73.0, "name": "RT", "formation": null, "routeCoordinates": "[[33.665, 73]]", "runCoordinates": null, "progressionRank": 0, "playerIndex": null, "routeNum": null, "blocker": false, "runner": false, "CBAssignmentPlayerID": null, "CBAssignmentPlayerIndex": null, "CBAssignmentPlayerPosition": null, "zoneYardX": null, "zoneYardY": null, "zoneHeight": null, "zoneWidth": null, "gapYardX": null, "gapYardY": null, "blockingAssignmentPlayerIndex": null, "blockingAssignmentUnitIndex": null}}, {"model": "quiz.position", "pk": 52, "fields": {"startX": 30.165, "startY": 73.0, "name": "RG", "formation": null, "routeCoordinates": "[[30.165, 73]]", "runCoordinates": null, "progressionRank": 0, "playerIndex": null, "routeNum": null, "blocker": false, "runner": false, "CBAssignmentPlayerID": null, "CBAssignmentPlayerIndex": null, "CBAssignmentPlayerPosition": null, "zoneYardX": null, "zoneYardY": null, "zoneHeight": null, "zoneWidth": null, "gapYardX": null, "gapYardY": null, "blockingAssignmentPlayerIndex": null, "blockingAssignmentUnitIndex": null}}, {"model": "quiz.position", "pk": 53, "fields": {"startX": 26.665, "startY": 73.5, "name": "C", "formation": null, "routeCoordinates": "[[26.665, 73.5]]", "runCoordinates": null, "progressionRank": 0, "playerIndex": null, "routeNum": null, "blocker": false, "runner": false, "CBAssignmentPlayerID": null, "CBAssignmentPlayerIndex": null, "CBAssignmentPlayerPosition": null, "zoneYardX": null, "zoneYardY": null, "zoneHeight": null, "zoneWidth": null, "gapYardX": null, "gapYardY": null, "blockingAssignmentPlayerIndex": null, "blockingAssignmentUnitIndex": null}}, {"model": "quiz.position", "pk": 54, "fields": {"startX": 23.165, "startY": 73.0, "name": "LG", "formation": null, "routeCoordinates": "[[23.165, 73]]", "runCoordinates": null, "progressionRank": 0, "playerIndex": null, "routeNum": null, "blocker": false, "runner": false, "CBAssignmentPlayerID": null, "CBAssignmentPlayerIndex": null, "CBAssignmentPlayerPosition": null, "zoneYardX": null, "zoneYardY": null, "zoneHeight": null, "zoneWidth": null, "gapYardX": null, "gapYardY": null, "blockingAssignmentPlayerIndex": null, "blockingAssignmentUnitIndex": null}}, {"model": "quiz.position", "pk": 55, "fields": {"startX": 19.665, "startY": 73.0, "name": "LT", "formation": null, "routeCoordinates": "[[19.665, 73]]", "runCoordinates": null, "progressionRank": 0, "playerIndex": null, "routeNum": null, "blocker": false, "runner": false, "CBAssignmentPlayerID": null, "CBAssignmentPlayerIndex": null, "CBAssignmentPlayerPosition": null, "zoneYardX": null, "zoneYardY": null, "zoneHeight": null, "zoneWidth": null, "gapYardX": null, "gapYardY": null, "blockingAssignmentPlayerIndex": null, "blockingAssignmentUnitIndex": null}}, {"model": "quiz.position", "pk": 266, "fields": {"startX": 20.0, "startY": 76.0, "name": "DE", "formation": 26, "routeCoordinates": null, "runCoordinates": null, "progressionRank": null, "playerIndex": null, "routeNum": null, "blocker": null, "runner": null, "CBAssignmentPlayerID": null, "CBAssignmentPlayerIndex": null, "CBAssignmentPlayerPosition": null, "zoneYardX": null, "zoneYardY": null, "zoneHeight": null, "zoneWidth": null, "gapYardX": 19.7816656494141, "gapYardY": 69.2333343505859, "blockingAssignmentPlayerIndex": null, "blockingAssignmentUnitIndex": null}}, {"model": "quiz.position", "pk": 267, "fields": {"startX": 33.0, "startY": 76.0, "name": "DE", "formation": 26, "routeCoordinates": null, "runCoordinates": null, "progressionRank": null, "playerIndex": null, "routeNum": null, "blocker": null, "runner": null, "CBAssignmentPlayerID": null, "CBAssignmentPlayerIndex": null, "CBAssignmentPlayerPosition": null, "zoneYardX": null, "zoneYardY": null, "zoneHeight": null, "zoneWidth": null, "gapYardX": 32.1816656494141, "gapYardY": 70.4333343505859, "blockingAssignmentPlayerIndex": null, "blockingAssignmentUnitIndex": null}}, {"model": "quiz.position", "pk": 268, "fields": {"startX": 24.0, "startY": 76.0, "name": "DL", "formation": 26, "routeCoordinates": null, "runCoordinates": null, "progressionRank": null, "playerIndex": null, "routeNum": null, "blocker": null, "runner": null, "CBAssignmentPlayerID": null, "CBAssignmentPlayerIndex": null, "CBAssignmentPlayerPosition": null, "zoneYardX": null, "zoneYardY": null, "zoneHeight": null, "zoneWidth": null, "gapYardX": 23.7816656494141, "gapYardY": 70.8333343505859, "blockingAssignmentPlayerIndex": null, "blockingAssignmentUnitIndex": null}}, {"model": "quiz.position", "pk": 269, "fields": {"startX": 28.0, "startY": 76.0, "name": "DL", "formation": 26, "routeCoordinates": null, "runCoordinates": null, "progressionRank": null, "playerIndex": null, "routeNum": null, "blocker": null, "runner": null, "CBAssignmentPlayerID": null, "CBAssignmentPlayerIndex": null, "CBAssignmentPlayerPosition": null, "zoneYardX": null, "zoneYardY": null, "zoneHeight": null, "zoneWidth": null, "gapYardX": 28.4816656494141, "gapYardY": 69.4333343505859, "blockingAssignmentPlayerIndex": null, "blockingAssignmentUnitIndex": null}}, {"model": "quiz.position", "pk": 270, "fields": {"startX": 16.9816656494141, "startY": 78.8333343505859, "name": "W", "formation": 26, "routeCoordinates": null, "runCoordinates": null, "progressionRank": null, "playerIndex": null, "routeNum": null, "blocker": null, "runner": null, "CBAssignmentPlayerID": 21, "CBAssignmentPlayerIndex": 3, "CBAssignmentPlayerPosition": "TE", "zoneYardX": null, "zoneYardY": null, "zoneHeight": null, "zoneWidth": null, "gapYardX": null, "gapYardY": null, "blockingAssignmentPlayerIndex": null, "blockingAssignmentUnitIndex": null}}, {"model": "quiz.position", "pk": 271, "fields": {"startX": 27.0, "startY": 80.0, "name": "M", "formation": 26, "routeCoordinates": null, "runCoordinates": null, "progressionRank": null, "playerIndex": null, "routeNum": null, "blocker": null, "runner": null, "CBAssignmentPlayerID": 20, "CBAssignmentPlayerIndex": 2, "CBAssignmentPlayerPosition": "RB", "zoneYardX": null, "zoneYardY": null, "zoneHeight": null, "zoneWidth": null, "gapYardX": null, "gapYardY": null, "blockingAssignmentPlayerIndex": null, "blockingAssignmentUnitIndex": null}}, {"model": "quiz.position", "pk": 272, "fields": {"startX": 36.0816656494141, "startY": 78.8333343505859, "name": "S", "formation": 26, "routeCoordinates": null, "runCoordinates": null, "progressionRank": null, "playerIndex": null, "routeNum": null, "blocker": null, "runner": null, "CBAssignmentPlayerID": 22, "CBAssignmentPlayerIndex": 4, "CBAssignmentPlayerPosition": "TE", "zoneYardX": null, "zoneYardY": null, "zoneHeight": null, "zoneWidth": null, "gapYardX": null, "gapYardY": null, "blockingAssignmentPlayerIndex": null, "blockingAssignmentUnitIndex": null}}, {"model": "quiz.position", "pk": 273, "fields": {"startX": 12.0, "startY": 76.0, "name": "CB", "formation": 26, "routeCoordinates": null, "runCoordinates": null, "progressionRank": null, "playerIndex": null, "routeNum": null, "blocker": null, "runner": null, "CBAssignmentPlayerID": 19, "CBAssignmentPlayerIndex": 4, "CBAssignmentPlayerPosition": "WR", "zoneYardX": null, "zoneYardY": null, "zoneHeight": null, "zoneWidth": null, "gapYardX": null, "gapYardY": null, "blockingAssignmentPlayerIndex": null, "blockingAssignmentUnitIndex": null}}, {"model": "quiz.position", "pk": 274, "fields": {"startX": 41.4816656494141, "startY": 77.4333343505859, "name": "CB", "formation": 26, "routeCoordinates": null, "runCoordinates": null, "progressionRank": null, "playerIndex": null, "routeNum": null, "blocker": null, "runner": null, "CBAssignmentPlayerID": 18, "CBAssignmentPlayerIndex": 3, "CBAssignmentPlayerPosition": "WR", "zoneYardX": null, "zoneYardY": null, "zoneHeight": null, "zoneWidth": null, "gapYardX": null, "gapYardY": null, "blockingAssignmentPlayerIndex": null, "blockingAssignmentUnitIndex": null}}, {"model": "quiz.position", "pk": 275, "fields": {"startX": 29.0, "startY": 85.0, "name": "SS", "formation": 26, "routeCoordinates": null, "runCoordinates": null, "progressionRank": null, "playerIndex": null, "routeNum": null, "blocker": null, "runner": null, "CBAssignmentPlayerID": null, "CBAssignmentPlayerIndex": null, "CBAssignmentPlayerPosition": null, "zoneYardX": 34.4816656494141, "zoneYardY": 89.6333343505859, "zoneHeight": null, "zoneWidth": null, "gapYardX": null, "gapYardY": null, "blockingAssignmentPlayerIndex": null, "blockingAssignmentUnitIndex": null}}, {"model": "quiz.position", "pk": 276, "fields": {"startX": 20.0, "startY": 85.0, "name": "FS", "formation": 26, "routeCoordinates": null, "runCoordinates": null, "progressionRank": null, "playerIndex": null, "routeNum": null, "blocker": null, "runner": null, "CBAssignmentPlayerID": null, "CBAssignmentPlayerIndex": null, "CBAssignmentPlayerPosition": null, "zoneYardX": 13.7816656494141, "zoneYardY": 89.2333343505859, "zoneHeight": null, "zoneWidth": null, "gapYardX": null, "gapYardY": null, "blockingAssignmentPlayerIndex": null, "blockingAssignmentUnitIndex": null}}, {"model": "quiz.position", "pk": 277, "fields": {"startX": 20.0, "startY": 76.0, "name": "DE", "formation": 27, "routeCoordinates": null, "runCoordinates": null, "progressionRank": null, "playerIndex": null, "routeNum": null, "blocker": null, "runner": null, "CBAssignmentPlayerID": null, "CBAssignmentPlayerIndex": null, "CBAssignmentPlayerPosition": null, "zoneYardX": null, "zoneYardY": null, "zoneHeight": null, "zoneWidth": null, "gapYardX": 20.8816656494141, "gapYardY": 70.3, "blockingAssignmentPlayerIndex": null, "blockingAssignmentUnitIndex": null}}, {"model": "quiz.position", "pk": 278, "fields": {"startX": 33.0, "startY": 76.0, "name": "DE", "formation": 27, "routeCoordinates": null, "runCoordinates": null, "progressionRank": null, "playerIndex": null, "routeNum": null, "blocker": null, "runner": null, "CBAssignmentPlayerID": null, "CBAssignmentPlayerIndex": null, "CBAssignmentPlayerPosition": null, "zoneYardX": null, "zoneYardY": null, "zoneHeight": null, "zoneWidth": null, "gapYardX": 32.8816656494141, "gapYardY": 70.3, "blockingAssignmentPlayerIndex": null, "blockingAssignmentUnitIndex": null}}, {"model": "quiz.position", "pk": 279, "fields": {"startX": 24.0, "startY": 76.0, "name": "DL", "formation": 27, "routeCoordinates": null, "runCoordinates": null, "progressionRank": null, "playerIndex": null, "routeNum": null, "blocker": null, "runner": null, "CBAssignmentPlayerID": null, "CBAssignmentPlayerIndex": null, "CBAssignmentPlayerPosition": null, "zoneYardX": null, "zoneYardY": null, "zoneHeight": null, "zoneWidth": null, "gapYardX": 25.7816656494141, "gapYardY": 70.6, "blockingAssignmentPlayerIndex": null, "blockingAssignmentUnitIndex": null}}, {"model": "quiz.position", "pk": 280, "fields": {"startX": 28.0, "startY": 76.0, "name": "DL", "formation": 27, "routeCoordinates": null, "runCoordinates": null, "progressionRank": null, "playerIndex": null, "routeNum": null, "blocker": null, "runner": null, "CBAssignmentPlayerID": null, "CBAssignmentPlayerIndex": null, "CBAssignmentPlayerPosition": null, "zoneYardX": null, "zoneYardY": null, "zoneHeight": null, "zoneWidth": null, "gapYardX": 28.4816656494141, "gapYardY": 70.5, "blockingAssignmentPlayerIndex": null, "blockingAssignmentUnitIndex": null}}, {"model": "quiz.position", "pk": 281, "fields": {"startX": 16.4816656494141, "startY": 77.9, "name": "W", "formation": 27, "routeCoordinates": null, "runCoordinates": null, "progressionRank": null, "playerIndex": null, "routeNum": null, "blocker": null, "runner": null, "CBAssignmentPlayerID": 33, "CBAssignmentPlayerIndex": 7, "CBAssignmentPlayerPosition": "WR", "zoneYardX": null, "zoneYardY": null, "zoneHeight": null, "zoneWidth": null, "gapYardX": null, "gapYardY": null, "blockingAssignmentPlayerIndex": null, "blockingAssignmentUnitIndex": null}}, {"model": "quiz.position", "pk": 282, "fields": {"startX": 22.1816656494141, "startY": 79.5, "name": "M", "formation": 27, "routeCoordinates": null, "runCoordinates": null, "progressionRank": null, "playerIndex": null, "routeNum": null, "blocker": null, "runner": null, "CBAssignmentPlayerID": 30, "CBAssignmentPlayerIndex": 3, "CBAssignmentPlayerPosition": "RB", "zoneYardX": null, "zoneYardY": null, "zoneHeight": null, "zoneWidth": null, "gapYardX": null, "gapYardY": null, "blockingAssignmentPlayerIndex": null, "blockingAssignmentUnitIndex": null}}, {"model": "quiz.position", "pk": 283, "fields": {"startX": 35.3816656494141, "startY": 78.7, "name": "S", "formation": 27, "routeCoordinates": null, "runCoordinates": null, "progressionRank": null, "playerIndex": null, "routeNum": null, "blocker": null, "runner": null, "CBAssignmentPlayerID": 32, "CBAssignmentPlayerIndex": 5, "CBAssignmentPlayerPosition": "TE", "zoneYardX": null, "zoneYardY": null, "zoneHeight": null, "zoneWidth": null, "gapYardX": null, "gapYardY": null, "blockingAssignmentPlayerIndex": null, "blockingAssignmentUnitIndex": null}}, {"model": "quiz.position", "pk": 284, "fields": {"startX": 12.0, "startY": 76.0, "name": "CB", "formation": 27, "routeCoordinates": null, "runCoordinates": null, "progressionRank": null, "playerIndex": null, "routeNum": null, "blocker": null, "runner": null, "CBAssignmentPlayerID": 29, "CBAssignmentPlayerIndex": 5, "CBAssignmentPlayerPosition": "WR", "zoneYardX": null, "zoneYardY": null, "zoneHeight": null, "zoneWidth": null, "gapYardX": null, "gapYardY": null, "blockingAssignmentPlayerIndex": null, "blockingAssignmentUnitIndex": null}}, {"model": "quiz.position", "pk": 285, "fields": {"startX": 41.3816656494141, "startY": 77.3, "name": "CB", "formation": 27, "routeCoordinates": null, "runCoordinates": null, "progressionRank": null, "playerIndex": null, "routeNum": null, "blocker": null, "runner": null, "CBAssignmentPlayerID": 31, "CBAssignmentPlayerIndex": 6, "CBAssignmentPlayerPosition": "WR", "zoneYardX": null, "zoneYardY": null, "zoneHeight": null, "zoneWidth": null, "gapYardX": null, "gapYardY": null, "blockingAssignmentPlayerIndex": null, "blockingAssignmentUnitIndex": null}}, {"model": "quiz.position", "pk": 286, "fields": {"startX": 29.0, "startY": 85.0, "name": "SS", "formation": 27, "routeCoordinates": null, "runCoordinates": null, "progressionRank": null, "playerIndex": null, "routeNum": null, "blocker": null, "runner": null, "CBAssignmentPlayerID": null, "CBAssignmentPlayerIndex": null, "CBAssignmentPlayerPosition": null, "zoneYardX": 35.4816656494141, "zoneYardY": 87.9, "zoneHeight": null, "zoneWidth": null, "gapYardX": null, "gapYardY": null, "blockingAssignmentPlayerIndex": null, "blockingAssignmentUnitIndex": null}}, {"model": "quiz.position", "pk": 287, "fields": {"startX": 20.0, "startY": 85.0, "name": "FS", "formation": 27, "routeCoordinates": null, "runCoordinates": null, "progressionRank": null, "playerIndex": null, "routeNum": null, "blocker": null, "runner": null, "CBAssignmentPlayerID": null, "CBAssignmentPlayerIndex": null, "CBAssignmentPlayerPosition": null, "zoneYardX": 13.8816656494141, "zoneYardY": 87.4, "zoneHeight": null, "zoneWidth": null, "gapYardX": null, "gapYardY": null, "blockingAssignmentPlayerIndex": null, "blockingAssignmentUnitIndex": null}}, {"model": "quiz.position", "pk": 288, "fields": {"startX": 19.665, "startY": 73.0, "name": "LT", "formation": 28, "routeCoordinates": null, "runCoordinates": null, "progressionRank": null, "playerIndex": -2, "routeNum": null, "blocker": null, "runner": null, "CBAssignmentPlayerID": null, "CBAssignmentPlayerIndex": null, "CBAssignmentPlayerPosition": null, "zoneYardX": null, "zoneYardY": null, "zoneHeight": null, "zoneWidth": null, "gapYardX": null, "gapYardY": null, "blockingAssignmentPlayerIndex": null, "blockingAssignmentUnitIndex": null}}, {"model": "quiz.position", "pk": 289, "fields": {"startX": 23.165, "startY": 73.0, "name": "LG", "formation": 28, "routeCoordinates": null, "runCoordinates": null, "progressionRank": null, "playerIndex": -1, "routeNum": null, "blocker": null, "runner": null, "CBAssignmentPlayerID": null, "CBAssignmentPlayerIndex": null, "CBAssignmentPlayerPosition": null, "zoneYardX": null, "zoneYardY": null, "zoneHeight": null, "zoneWidth": null, "gapYardX": null, "gapYardY": null, "blockingAssignmentPlayerIndex": null, "blockingAssignmentUnitIndex": null}}, {"model": "quiz.position", "pk": 290, "fields": {"startX": 26.665, "startY": 73.5, "name": "C", "formation": 28, "routeCoordinates": null, "runCoordinates": null, "progressionRank": null, "playerIndex": 0, "routeNum": null, "blocker": null, "runner": null, "CBAssignmentPlayerID": null, "CBAssignmentPlayerIndex": null, "CBAssignmentPlayerPosition": null, "zoneYardX": null, "zoneYardY": null, "zoneHeight": null, "zoneWidth": null, "gapYardX": null, "gapYardY": null, "blockingAssignmentPlayerIndex": null, "blockingAssignmentUnitIndex": null}}, {"model": "quiz.position", "pk": 291, "fields": {"startX": 30.165, "startY": 73.0, "name": "RG", "formation": 28, "routeCoordinates": null, "runCoordinates": null, "progressionRank": null, "playerIndex": 1, "routeNum": null, "blocker": null, "runner": null, "CBAssignmentPlayerID": null, "CBAssignmentPlayerIndex": null, "CBAssignmentPlayerPosition": null, "zoneYardX": null, "zoneYardY": null, "zoneHeight": null, "zoneWidth": null, "gapYardX": null, "gapYardY": null, "blockingAssignmentPlayerIndex": null, "blockingAssignmentUnitIndex": null}}, {"model": "quiz.position", "pk": 292, "fields": {"startX": 33.665, "startY": 73.0, "name": "RT", "formation": 28, "routeCoordinates": null, "runCoordinates": null, "progressionRank": null, "playerIndex": 2, "routeNum": null, "blocker": null, "runner": null, "CBAssignmentPlayerID": null, "CBAssignmentPlayerIndex": null, "CBAssignmentPlayerPosition": null, "zoneYardX": null, "zoneYardY": null, "zoneHeight": null, "zoneWidth": null, "gapYardX": null, "gapYardY": null, "blockingAssignmentPlayerIndex": null, "blockingAssignmentUnitIndex": null}}, {"model": "quiz.position", "pk": 293, "fields": {"startX": 26.665, "startY": 70.0, "name": "QB", "formation": 28, "routeCoordinates": null, "runCoordinates": null, "progressionRank": null, "playerIndex": 0, "routeNum": null, "blocker": null, "runner": null, "CBAssignmentPlayerID": null, "CBAssignmentPlayerIndex": null, "CBAssignmentPlayerPosition": null, "zoneYardX": null, "zoneYardY": null, "zoneHeight": null, "zoneWidth": null, "gapYardX": null, "gapYardY": null, "blockingAssignmentPlayerIndex": null, "blockingAssignmentUnitIndex": null}}, {"model": "quiz.position", "pk": 294, "fields": {"startX": 16.6816656494141, "startY": 72.9, "name": "TE", "formation": 28, "routeCoordinates": null, "runCoordinates": null, "progressionRank": null, "playerIndex": 1, "routeNum": null, "blocker": null, "runner": null, "CBAssignmentPlayerID": null, "CBAssignmentPlayerIndex": null, "CBAssignmentPlayerPosition": null, "zoneYardX": null, "zoneYardY": null, "zoneHeight": null, "zoneWidth": null, "gapYardX": null, "gapYardY": null, "blockingAssignmentPlayerIndex": null, "blockingAssignmentUnitIndex": null}}, {"model": "quiz.position", "pk": 295, "fields": {"startX": 36.9816656494141, "startY": 73.3, "name": "TE", "formation": 28, "routeCoordinates": null, "runCoordinates": null, "progressionRank": null, "playerIndex": 2, "routeNum": null, "blocker": null, "runner": null, "CBAssignmentPlayerID": null, "CBAssignmentPlayerIndex": null, "CBAssignmentPlayerPosition": null, "zoneYardX": null, "zoneYardY": null, "zoneHeight": null, "zoneWidth": null, "gapYardX": null, "gapYardY": null, "blockingAssignmentPlayerIndex": null, "blockingAssignmentUnitIndex": null}}, {"model": "quiz.position", "pk": 296, "fields": {"startX": 40.0816656494141, "startY": 72.3, "name": "TE", "formation": 28, "routeCoordinates": null, "runCoordinates": null, "progressionRank": null, "playerIndex": 3, "routeNum": null, "blocker": null, "runner": null, "CBAssignmentPlayerID": null, "CBAssignmentPlayerIndex": null, "CBAssignmentPlayerPosition": null, "zoneYardX": null, "zoneYardY": null, "zoneHeight": null, "zoneWidth": null, "gapYardX": null, "gapYardY": null, "blockingAssignmentPlayerIndex": null, "blockingAssignmentUnitIndex": null}}, {"model": "quiz.position", "pk": 297, "fields": {"startX": 26.8816656494141, "startY": 61.9, "name": "RB", "formation": 28, "routeCoordinates": null, "runCoordinates": null, "progressionRank": null, "playerIndex": 1, "routeNum": null, "blocker": null, "runner": null, "CBAssignmentPlayerID": null, "CBAssignmentPlayerIndex": null, "CBAssignmentPlayerPosition": null, "zoneYardX": null, "zoneYardY": null, "zoneHeight": null, "zoneWidth": null, "gapYardX": null, "gapYardY": null, "blockingAssignmentPlayerIndex": null, "blockingAssignmentUnitIndex": null}}, {"model": "quiz.position", "pk": 298, "fields": {"startX": 26.8816656494141, "startY": 65.8, "name": "RB", "formation": 28, "routeCoordinates": null, "runCoordinates": null, "progressionRank": null, "playerIndex": 2, "routeNum": null, "blocker": null, "runner": null, "CBAssignmentPlayerID": null, "CBAssignmentPlayerIndex": null, "CBAssignmentPlayerPosition": null, "zoneYardX": null, "zoneYardY": null, "zoneHeight": null, "zoneWidth": null, "gapYardX": null, "gapYardY": null, "blockingAssignmentPlayerIndex": null, "blockingAssignmentUnitIndex": null}}, {"model": "quiz.position", "pk": 299, "fields": {"startX": 20.0, "startY": 76.0, "name": "DE", "formation": 29, "routeCoordinates": null, "runCoordinates": null, "progressionRank": null, "playerIndex": null, "routeNum": null, "blocker": null, "runner": null, "CBAssignmentPlayerID": null, "CBAssignmentPlayerIndex": null, "CBAssignmentPlayerPosition": null, "zoneYardX": null, "zoneYardY": null, "zoneHeight": null, "zoneWidth": null, "gapYardX": 21.0816656494141, "gapYardY": 71.0, "blockingAssignmentPlayerIndex": null, "blockingAssignmentUnitIndex": null}}, {"model": "quiz.position", "pk": 300, "fields": {"startX": 33.0, "startY": 76.0, "name": "DE", "formation": 29, "routeCoordinates": null, "runCoordinates": null, "progressionRank": null, "playerIndex": null, "routeNum": null, "blocker": null, "runner": null, "CBAssignmentPlayerID": null, "CBAssignmentPlayerIndex": null, "CBAssignmentPlayerPosition": null, "zoneYardX": null, "zoneYardY": null, "zoneHeight": null, "zoneWidth": null, "gapYardX": 31.8816656494141, "gapYardY": 69.5, "blockingAssignmentPlayerIndex": null, "blockingAssignmentUnitIndex": null}}, {"model": "quiz.position", "pk": 301, "fields": {"startX": 24.0, "startY": 76.0, "name": "DL", "formation": 29, "routeCoordinates": null, "runCoordinates": null, "progressionRank": null, "playerIndex": null, "routeNum": null, "blocker": null, "runner": null, "CBAssignmentPlayerID": null, "CBAssignmentPlayerIndex": null, "CBAssignmentPlayerPosition": null, "zoneYardX": null, "zoneYardY": null, "zoneHeight": null, "zoneWidth": null, "gapYardX": 23.6816656494141, "gapYardY": 70.1, "blockingAssignmentPlayerIndex": null, "blockingAssignmentUnitIndex": null}}, {"model": "quiz.position", "pk": 302, "fields": {"startX": 28.0, "startY": 76.0, "name": "DL", "formation": 29, "routeCoordinates": null, "runCoordinates": null, "progressionRank": null, "playerIndex": null, "routeNum": null, "blocker": null, "runner": null, "CBAssignmentPlayerID": null, "CBAssignmentPlayerIndex": null, "CBAssignmentPlayerPosition": null, "zoneYardX": null, "zoneYardY": null, "zoneHeight": null, "zoneWidth": null, "gapYardX": 28.9816656494141, "gapYardY": 70.1, "blockingAssignmentPlayerIndex": null, "blockingAssignmentUnitIndex": null}}, {"model": "quiz.position", "pk": 303, "fields": {"startX": 21.0, "startY": 79.0, "name": "W", "formation": 29, "routeCoordinates": null, "runCoordinates": null, "progressionRank": null, "playerIndex": null, "routeNum": null, "blocker": null, "runner": null, "CBAssignmentPlayerID": 298, "CBAssignmentPlayerIndex": 2, "CBAssignmentPlayerPosition": "RB", "zoneYardX": null, "zoneYardY": null, "zoneHeight": null, "zoneWidth": null, "gapYardX": null, "gapYardY": null, "blockingAssignmentPlayerIndex": null, "blockingAssignmentUnitIndex": null}}, {"model": "quiz.position", "pk": 304, "fields": {"startX": 27.0, "startY": 80.0, "name": "M", "formation": 29, "routeCoordinates": null, "runCoordinates": null, "progressionRank": null, "playerIndex": null, "routeNum": null, "blocker": null, "runner": null, "CBAssignmentPlayerID": 297, "CBAssignmentPlayerIndex": 1, "CBAssignmentPlayerPosition": "RB", "zoneYardX": null, "zoneYardY": null, "zoneHeight": null, "zoneWidth": null, "gapYardX": null, "gapYardY": null, "blockingAssignmentPlayerIndex": null, "blockingAssignmentUnitIndex": null}}, {"model": "quiz.position", "pk": 305, "fields": {"startX": 33.4816656494141, "startY": 78.2, "name": "S", "formation": 29, "routeCoordinates": null, "runCoordinates": null, "progressionRank": null, "playerIndex": null, "routeNum": null, "blocker": null, "runner": null, "CBAssignmentPlayerID": 295, "CBAssignmentPlayerIndex": 2, "CBAssignmentPlayerPosition": "TE", "zoneYardX": null, "zoneYardY": null, "zoneHeight": null, "zoneWidth": null, "gapYardX": null, "gapYardY": null, "blockingAssignmentPlayerIndex": null, "blockingAssignmentUnitIndex": null}}, {"model": "quiz.position", "pk": 306, "fields": {"startX": 16.0816656494141, "startY": 76.3, "name": "CB", "formation": 29, "routeCoordinates": null, "runCoordinates": null, "progressionRank": null, "playerIndex": null, "routeNum": null, "blocker": null, "runner": null, "CBAssignmentPlayerID": 294, "CBAssignmentPlayerIndex": 1, "CBAssignmentPlayerPosition": "TE", "zoneYardX": null, "zoneYardY": null, "zoneHeight": null, "zoneWidth": null, "gapYardX": null, "gapYardY": null, "blockingAssignmentPlayerIndex": null, "blockingAssignmentUnitIndex": null}}, {"model": "quiz.position", "pk": 307, "fields": {"startX": 42.0816656494141, "startY": 76.6, "name": "CB", "formation": 29, "routeCoordinates": null, "runCoordinates": null, "progressionRank": null, "playerIndex": null, "routeNum": null, "blocker": null, "runner": null, "CBAssignmentPlayerID": null, "CBAssignmentPlayerIndex": null, "CBAssignmentPlayerPosition": null, "zoneYardX": null, "zoneYardY": null, "zoneHeight": null, "zoneWidth": null, "gapYardX": null, "gapYardY": null, "blockingAssignmentPlayerIndex": null, "blockingAssignmentUnitIndex": null}}, {"model": "quiz.position", "pk": 308, "fields": {"startX": 31.2816656494141, "startY": 80.9, "name": "SS", "formation": 29, "routeCoordinates": null, "runCoordinates": null, "progressionRank": null, "playerIndex": null, "routeNum": null, "blocker": null, "runner": null, "CBAssignmentPlayerID": null, "CBAssignmentPlayerIndex": null, "CBAssignmentPlayerPosition": null, "zoneYardX": 38.0816656494141, "zoneYardY": 89.3, "zoneHeight": null, "zoneWidth": null, "gapYardX": null, "gapYardY": null, "blockingAssignmentPlayerIndex": null, "blockingAssignmentUnitIndex": null}}, {"model": "quiz.position", "pk": 309, "fields": {"startX": 17.3816656494141, "startY": 80.6, "name": "FS", "formation": 29, "routeCoordinates": null, "runCoordinates": null, "progressionRank": null, "playerIndex": null, "routeNum": null, "blocker": null, "runner": null, "CBAssignmentPlayerID": null, "CBAssignmentPlayerIndex": null, "CBAssignmentPlayerPosition": null, "zoneYardX": 11.8816656494141, "zoneYardY": 86.9, "zoneHeight": null, "zoneWidth": null, "gapYardX": null, "gapYardY": null, "blockingAssignmentPlayerIndex": null, "blockingAssignmentUnitIndex": null}}, {"model": "quiz.test", "pk": 1, "fields": {"name": "Peyton Test-1", "type_of_test": "QBProgression", "player": 1, "score": null, "skips": null, "incorrect_guesses": null, "deadline": "2016-01-27T00:00:00Z", "completed": false, "in_progress": false, "created_at": "2016-02-09T22:29:36.048Z", "updated_at": "2016-02-09T22:29:47.446Z", "coach_who_created": 2, "formations": []}}, {"model": "quiz.play", "pk": 1, "fields": {"name": "Streaks", "team": 1, "formation": 2, "created_at": "2016-02-09T22:25:36.902Z", "updated_at": "2016-02-09T22:29:46.629Z", "players": [], "positions": [34, 35, 36, 37, 38, 39, 40, 41, 42, 43, 44], "tests": [1]}}, {"model": "quiz.play", "pk": 2, "fields": {"name": "Outs", "team": 1, "formation": 2, "created_at": "2016-02-09T22:26:23.871Z", "updated_at": "2016-02-09T22:29:47.445Z", "players": [], "positions": [45, 46, 47, 48, 49, 50, 51, 52, 53, 54, 55], "tests": [1]}}, {"model": "dashboard.coach", "pk": 1, "fields": {"user": 2, "title": null, "created_at": "2016-02-09T22:17:32.132Z", "updated_at": "2016-02-09T22:17:32.132Z", "team": 1}}, {"model": "dashboard.coach", "pk": 2, "fields": {"user": 4, "title": null, "created_at": "2016-02-16T21:11:51.436Z", "updated_at": "2016-02-16T21:11:51.436Z", "team": 1}}, {"model": "dashboard.myuser", "pk": 1, "fields": {"user": 2, "is_a_player": false, "avatar_image": "profile/bloody-tebow_qXIwM8Q.jpg"}}, {"model": "dashboard.myuser", "pk": 2, "fields": {"user": 3, "is_a_player": true, "avatar_image": "profile/adamcane.jpg"}}, {"model": "dashboard.myuser", "pk": 3, "fields": {"user": 4, "is_a_player": false, "avatar_image": "profile/bloody-tebow_1m8KOYR.jpg"}}, {"model": "admin.logentry", "pk": 1, "fields": {"action_time": "2016-02-09T22:17:04.880Z", "user": 1, "content_type": 8, "object_id": "1", "object_repr": "Broncos", "action_flag": 1, "change_message": "Added."}}, {"model": "admin.logentry", "pk": 2, "fields": {"action_time": "2016-02-16T18:12:52.607Z", "user": 1, "content_type": 10, "object_id": "18", "object_repr": "\u0010Crazy \u0010lay", "action_flag": 3, "change_message": ""}}, {"model": "admin.logentry", "pk": 3, "fields": {"action_time": "2016-02-16T18:12:52.610Z", "user": 1, "content_type": 10, "object_id": "17", "object_repr": "sdfasdfasdfasdf", "action_flag": 3, "change_message": ""}}, {"model": "admin.logentry", "pk": 4, "fields": {"action_time": "2016-02-16T18:12:52.611Z", "user": 1, "content_type": 10, "object_id": "16", "object_repr": "\u0010Crazy \u0010lay", "action_flag": 3, "change_message": ""}}, {"model": "admin.logentry", "pk": 5, "fields": {"action_time": "2016-02-16T18:12:52.612Z", "user": 1, "content_type": 10, "object_id": "15", "object_repr": "blah blah", "action_flag": 3, "change_message": ""}}, {"model": "admin.logentry", "pk": 6, "fields": {"action_time": "2016-02-16T18:12:52.613Z", "user": 1, "content_type": 10, "object_id": "14", "object_repr": "kjhkjhkhk", "action_flag": 3, "change_message": ""}}, {"model": "admin.logentry", "pk": 7, "fields": {"action_time": "2016-02-16T18:12:52.615Z", "user": 1, "content_type": 10, "object_id": "13", "object_repr": "testing 5", "action_flag": 3, "change_message": ""}}, {"model": "admin.logentry", "pk": 8, "fields": {"action_time": "2016-02-16T18:12:52.616Z", "user": 1, "content_type": 10, "object_id": "12", "object_repr": "", "action_flag": 3, "change_message": ""}}, {"model": "admin.logentry", "pk": 9, "fields": {"action_time": "2016-02-16T18:12:52.617Z", "user": 1, "content_type": 10, "object_id": "11", "object_repr": "", "action_flag": 3, "change_message": ""}}, {"model": "admin.logentry", "pk": 10, "fields": {"action_time": "2016-02-16T18:12:52.618Z", "user": 1, "content_type": 10, "object_id": "10", "object_repr": "[", "action_flag": 3, "change_message": ""}}, {"model": "admin.logentry", "pk": 11, "fields": {"action_time": "2016-02-16T18:12:52.619Z", "user": 1, "content_type": 10, "object_id": "9", "object_repr": "\u0010Testing this lay", "action_flag": 3, "change_message": ""}}, {"model": "admin.logentry", "pk": 12, "fields": {"action_time": "2016-02-16T18:12:52.619Z", "user": 1, "content_type": 10, "object_id": "8", "object_repr": "", "action_flag": 3, "change_message": ""}}, {"model": "admin.logentry", "pk": 13, "fields": {"action_time": "2016-02-16T18:12:52.620Z", "user": 1, "content_type": 10, "object_id": "7", "object_repr": "", "action_flag": 3, "change_message": ""}}, {"model": "admin.logentry", "pk": 14, "fields": {"action_time": "2016-02-16T18:12:52.621Z", "user": 1, "content_type": 10, "object_id": "6", "object_repr": "[\u0012j", "action_flag": 3, "change_message": ""}}, {"model": "admin.logentry", "pk": 15, "fields": {"action_time": "2016-02-16T18:12:52.622Z", "user": 1, "content_type": 10, "object_id": "5", "object_repr": "base defense 2", "action_flag": 3, "change_message": ""}}, {"model": "admin.logentry", "pk": 16, "fields": {"action_time": "2016-02-16T18:12:52.623Z", "user": 1, "content_type": 10, "object_id": "4", "object_repr": "\u0010Base \u0010Defense", "action_flag": 3, "change_message": ""}}, {"model": "admin.logentry", "pk": 17, "fields": {"action_time": "2016-02-16T20:24:08.304Z", "user": 1, "content_type": 10, "object_id": "25", "object_repr": "\u0010Cover 3", "action_flag": 3, "change_message": ""}}, {"model": "admin.logentry", "pk": 18, "fields": {"action_time": "2016-02-16T20:24:08.306Z", "user": 1, "content_type": 10, "object_id": "24", "object_repr": "\u0010Cover 3", "action_flag": 3, "change_message": ""}}, {"model": "admin.logentry", "pk": 19, "fields": {"action_time": "2016-02-16T20:24:08.307Z", "user": 1, "content_type": 10, "object_id": "23", "object_repr": "\u0010\u0010Cover 3", "action_flag": 3, "change_message": ""}}, {"model": "admin.logentry", "pk": 20, "fields": {"action_time": "2016-02-16T20:24:08.308Z", "user": 1, "content_type": 10, "object_id": "22", "object_repr": "\u0010Cover 2", "action_flag": 3, "change_message": ""}}, {"model": "admin.logentry", "pk": 21, "fields": {"action_time": "2016-02-16T20:24:08.309Z", "user": 1, "content_type": 10, "object_id": "21", "object_repr": "Jumbo", "action_flag": 3, "change_message": ""}}, {"model": "admin.logentry", "pk": 22, "fields": {"action_time": "2016-02-16T20:24:08.311Z", "user": 1, "content_type": 10, "object_id": "20", "object_repr": "\u0010Cover 2", "action_flag": 3, "change_message": ""}}, {"model": "admin.logentry", "pk": 23, "fields": {"action_time": "2016-02-16T20:24:08.312Z", "user": 1, "content_type": 10, "object_id": "19", "object_repr": "\u0010Cover 2", "action_flag": 3, "change_message": ""}}, {"model": "admin.logentry", "pk": 24, "fields": {"action_time": "2016-02-16T20:24:08.313Z", "user": 1, "content_type": 10, "object_id": "1", "object_repr": "", "action_flag": 3, "change_message": ""}}]