[{"model": "auth.group", "pk": 1, "fields": {"name": "Quarterbacks", "permissions": []}}, {"model": "auth.group", "pk": 2, "fields": {"name": "All", "permissions": []}}, {"model": "auth.user", "pk": 1, "fields": {"password": "pbkdf2_sha256$24000$X6ntJsETycRf$oT0Gfj7T16AyTlVFQioRFRwN1/Q5gnO3bhmudfEbczM=", "last_login": "2016-07-10T06:57:00.648Z", "is_superuser": true, "username": "dylan", "first_name": "Dylan", "last_name": "Westerhold", "email": "dylan@rightcallconsulting.com", "is_staff": true, "is_active": true, "date_joined": "2016-07-08T03:26:02Z", "groups": [], "user_permissions": []}}, {"model": "auth.user", "pk": 2, "fields": {"password": "pbkdf2_sha256$24000$Z2PtV6Ujbd15$k07NqbU1FNcjc6HNm4d/5tvR12BZnnHrVLa2IpPySt8=", "last_login": "2016-07-09T06:26:18.629Z", "is_superuser": false, "username": "MikeBloomgren", "first_name": "Mike", "last_name": "Bloomgren", "email": "mike.bloomgren@rightcallconsulting.com", "is_staff": false, "is_active": true, "date_joined": "2016-07-08T03:43:09Z", "groups": [1, 2], "user_permissions": [1, 2, 3, 7, 8, 9, 4, 5, 6, 10, 58, 11, 59, 12, 60, 61, 62, 63, 13, 14, 15, 49, 50, 51, 52, 53, 54, 55, 56, 57, 19, 20, 21, 31, 32, 33, 28, 29, 30, 40, 41, 42, 25, 26, 27, 34, 35, 36, 22, 23, 24, 37, 38, 39, 43, 44, 45, 46, 47, 48, 16, 17, 18]}}, {"model": "auth.user", "pk": 3, "fields": {"password": "pbkdf2_sha256$24000$fSMGB413KEu1$IT7y+wcO3hzqTMCDtDq/MPOLwQdiI1tpRhAK4PtzLjM=", "last_login": "2016-07-10T06:50:29.138Z", "is_superuser": false, "username": "RyanBurns", "first_name": "Ryan", "last_name": "Burns", "email": "ryan.burns@rightcallconsulting.com", "is_staff": false, "is_active": true, "date_joined": "2016-07-09T05:50:41Z", "groups": [1, 2], "user_permissions": []}}, {"model": "auth.user", "pk": 4, "fields": {"password": "pbkdf2_sha256$24000$U04VseyaKOOR$jUf5EYAbxP0zSTTVmqoKbLhFD6NMNEWVO5FOsdS5G5Y=", "last_login": "2016-07-10T06:53:40Z", "is_superuser": false, "username": "KellerChryst", "first_name": "Keller", "last_name": "Chryst", "email": "keller.chryst@rightcallconsulting.com", "is_staff": false, "is_active": true, "date_joined": "2016-07-10T06:53:40Z", "groups": [], "user_permissions": []}}, {"model": "auth.user", "pk": 5, "fields": {"password": "pbkdf2_sha256$24000$eSWgAC2P3mZH$3R5+eZyPXDbr9aRdQY0PFwGjv141OgfRT0XC5VBejko=", "last_login": "2016-07-10T06:59:32.675Z", "is_superuser": false, "username": "KJCostello", "first_name": "KJ", "last_name": "Costello", "email": "kj.costello@rightcallconsulting.com", "is_staff": false, "is_active": true, "date_joined": "2016-07-10T06:55:15Z", "groups": [], "user_permissions": []}}, {"model": "sessions.session", "pk": "is6x7djsqk81dntkkfui1a3bty6e9svt", "fields": {"session_data": "NTQzYTA5MWU2MDA3MmViYjA5ZmRmZjhhNDM4OGQ1NjI5YTY5MzdmMDp7Il9hdXRoX3VzZXJfaGFzaCI6IjJjOWM4MzBjYzI0YmYxNWFmYzk1N2YzMTg1ODljMDI0OTY5ZTUyZTQiLCJfYXV0aF91c2VyX2JhY2tlbmQiOiJkamFuZ28uY29udHJpYi5hdXRoLmJhY2tlbmRzLk1vZGVsQmFja2VuZCIsIl9hdXRoX3VzZXJfaWQiOiIxIn0=", "expire_date": "2016-07-23T06:27:28.558Z"}}, {"model": "sessions.session", "pk": "mbkaej7dn53w64ftk7z3xdqck22gh9fs", "fields": {"session_data": "YmI4OTNmYzlkMGJiZjllNjA2NTRmNmNhMTk4NDMwNDQwZDY4M2ZhMDp7Il9hdXRoX3VzZXJfaGFzaCI6IjU4YmE5YmRmOWJhYWEyYzNjMzQ2NTA0ODRkM2Q2ZWJiYTI3NDk0NGIiLCJfYXV0aF91c2VyX2JhY2tlbmQiOiJkamFuZ28uY29udHJpYi5hdXRoLmJhY2tlbmRzLk1vZGVsQmFja2VuZCIsIl9hdXRoX3VzZXJfaWQiOiI1In0=", "expire_date": "2016-07-24T06:59:32.677Z"}}, {"model": "quiz.team", "pk": 1, "fields": {"name": "Stanford University", "created_at": "2016-07-08T03:27:31.447Z", "updated_at": "2016-07-08T03:27:31.447Z"}}, {"model": "quiz.team", "pk": 2, "fields": {"name": "University of Oregon", "created_at": "2016-07-08T03:27:57.336Z", "updated_at": "2016-07-08T03:27:57.336Z"}}, {"model": "quiz.team", "pk": 3, "fields": {"name": "University of Southern California", "created_at": "2016-07-08T03:28:13.927Z", "updated_at": "2016-07-08T03:28:13.927Z"}}, {"model": "quiz.player", "pk": 1, "fields": {"user": 3, "first_name": "Ryan", "last_name": "Burns", "position": "QB", "unit": "", "number": 17, "team": 1, "is_being_tested": true, "image_url": "./RyanBurns.jpg", "starter": true, "created_at": "2016-07-09T05:50:41.961Z", "updated_at": "2016-07-09T06:11:38.474Z"}}, {"model": "quiz.player", "pk": 2, "fields": {"user": 2, "first_name": "", "last_name": "", "position": "", "unit": "", "number": null, "team": null, "is_being_tested": false, "image_url": "./MikeBloomgren.jpg", "starter": false, "created_at": "2016-07-09T06:11:48.562Z", "updated_at": "2016-07-09T06:11:48.562Z"}}, {"model": "quiz.player", "pk": 3, "fields": {"user": 4, "first_name": "Keller", "last_name": "Chryst", "position": "QB", "unit": "", "number": 10, "team": 1, "is_being_tested": true, "image_url": "./KellerChryst.JPG", "starter": false, "created_at": "2016-07-10T06:53:40.224Z", "updated_at": "2016-07-10T06:58:10.637Z"}}, {"model": "quiz.player", "pk": 4, "fields": {"user": 5, "first_name": "KJ", "last_name": "Costello", "position": "QB", "unit": "", "number": 19, "team": 1, "is_being_tested": true, "image_url": "./KJCostello.JPG", "starter": false, "created_at": "2016-07-10T06:55:15.871Z", "updated_at": "2016-07-10T06:57:52.281Z"}}, {"model": "quiz.formation", "pk": 1, "fields": {"name": "Power Left", "playName": "", "offensiveFormationID": null, "unit": "offense", "team": 1, "created_at": "2016-07-09T06:21:36.821Z", "updated_at": "2016-07-09T06:21:36.821Z", "offensivePlayers": []}}, {"model": "quiz.formation", "pk": 2, "fields": {"name": "Base", "playName": "", "offensiveFormationID": null, "unit": "offense", "team": 1, "created_at": "2016-07-09T06:22:38.414Z", "updated_at": "2016-07-09T06:22:38.414Z", "offensivePlayers": []}}, {"model": "quiz.formation", "pk": 3, "fields": {"name": "Shotgun Left", "playName": "", "offensiveFormationID": null, "unit": "offense", "team": 1, "created_at": "2016-07-09T06:24:57.128Z", "updated_at": "2016-07-09T06:24:57.128Z", "offensivePlayers": []}}, {"model": "quiz.position", "pk": 1, "fields": {"startX": 21.665, "startY": 73.0, "name": "LT", "formation": 1, "routeCoordinates": null, "runCoordinates": null, "progressionRank": null, "playerIndex": -2, "routeNum": null, "blocker": null, "runner": null, "CBAssignmentPlayerID": null, "CBAssignmentPlayerIndex": null, "CBAssignmentPlayerPosition": null, "zoneYardX": null, "zoneYardY": null, "zoneHeight": null, "zoneWidth": null, "gapYardX": null, "gapYardY": null, "blockingAssignmentPlayerIndex": null, "blockingAssignmentUnitIndex": null, "blockingAssignmentObject": null, "runAssignment": null}}, {"model": "quiz.position", "pk": 2, "fields": {"startX": 24.165, "startY": 73.0, "name": "LG", "formation": 1, "routeCoordinates": null, "runCoordinates": null, "progressionRank": null, "playerIndex": -1, "routeNum": null, "blocker": null, "runner": null, "CBAssignmentPlayerID": null, "CBAssignmentPlayerIndex": null, "CBAssignmentPlayerPosition": null, "zoneYardX": null, "zoneYardY": null, "zoneHeight": null, "zoneWidth": null, "gapYardX": null, "gapYardY": null, "blockingAssignmentPlayerIndex": null, "blockingAssignmentUnitIndex": null, "blockingAssignmentObject": null, "runAssignment": null}}, {"model": "quiz.position", "pk": 3, "fields": {"startX": 26.665, "startY": 73.5, "name": "C", "formation": 1, "routeCoordinates": null, "runCoordinates": null, "progressionRank": null, "playerIndex": 0, "routeNum": null, "blocker": null, "runner": null, "CBAssignmentPlayerID": null, "CBAssignmentPlayerIndex": null, "CBAssignmentPlayerPosition": null, "zoneYardX": null, "zoneYardY": null, "zoneHeight": null, "zoneWidth": null, "gapYardX": null, "gapYardY": null, "blockingAssignmentPlayerIndex": null, "blockingAssignmentUnitIndex": null, "blockingAssignmentObject": null, "runAssignment": null}}, {"model": "quiz.position", "pk": 4, "fields": {"startX": 29.165, "startY": 73.0, "name": "RG", "formation": 1, "routeCoordinates": null, "runCoordinates": null, "progressionRank": null, "playerIndex": 1, "routeNum": null, "blocker": null, "runner": null, "CBAssignmentPlayerID": null, "CBAssignmentPlayerIndex": null, "CBAssignmentPlayerPosition": null, "zoneYardX": null, "zoneYardY": null, "zoneHeight": null, "zoneWidth": null, "gapYardX": null, "gapYardY": null, "blockingAssignmentPlayerIndex": null, "blockingAssignmentUnitIndex": null, "blockingAssignmentObject": null, "runAssignment": null}}, {"model": "quiz.position", "pk": 5, "fields": {"startX": 31.665, "startY": 73.0, "name": "RT", "formation": 1, "routeCoordinates": null, "runCoordinates": null, "progressionRank": null, "playerIndex": 2, "routeNum": null, "blocker": null, "runner": null, "CBAssignmentPlayerID": null, "CBAssignmentPlayerIndex": null, "CBAssignmentPlayerPosition": null, "zoneYardX": null, "zoneYardY": null, "zoneHeight": null, "zoneWidth": null, "gapYardX": null, "gapYardY": null, "blockingAssignmentPlayerIndex": null, "blockingAssignmentUnitIndex": null, "blockingAssignmentObject": null, "runAssignment": null}}, {"model": "quiz.position", "pk": 6, "fields": {"startX": 26.6254779411765, "startY": 71.1176470588235, "name": "QB", "formation": 1, "routeCoordinates": null, "runCoordinates": null, "progressionRank": null, "playerIndex": 0, "routeNum": null, "blocker": null, "runner": null, "CBAssignmentPlayerID": null, "CBAssignmentPlayerIndex": null, "CBAssignmentPlayerPosition": null, "zoneYardX": null, "zoneYardY": null, "zoneHeight": null, "zoneWidth": null, "gapYardX": null, "gapYardY": null, "blockingAssignmentPlayerIndex": null, "blockingAssignmentUnitIndex": null, "blockingAssignmentObject": null, "runAssignment": null}}, {"model": "quiz.position", "pk": 7, "fields": {"startX": 26.6254779411765, "startY": 68.4117647058823, "name": "F", "formation": 1, "routeCoordinates": null, "runCoordinates": null, "progressionRank": null, "playerIndex": 0, "routeNum": null, "blocker": null, "runner": null, "CBAssignmentPlayerID": null, "CBAssignmentPlayerIndex": null, "CBAssignmentPlayerPosition": null, "zoneYardX": null, "zoneYardY": null, "zoneHeight": null, "zoneWidth": null, "gapYardX": null, "gapYardY": null, "blockingAssignmentPlayerIndex": null, "blockingAssignmentUnitIndex": null, "blockingAssignmentObject": null, "runAssignment": null}}, {"model": "quiz.position", "pk": 8, "fields": {"startX": 26.6254779411765, "startY": 65.4705882352941, "name": "H", "formation": 1, "routeCoordinates": null, "runCoordinates": null, "progressionRank": null, "playerIndex": 0, "routeNum": null, "blocker": null, "runner": null, "CBAssignmentPlayerID": null, "CBAssignmentPlayerIndex": null, "CBAssignmentPlayerPosition": null, "zoneYardX": null, "zoneYardY": null, "zoneHeight": null, "zoneWidth": null, "gapYardX": null, "gapYardY": null, "blockingAssignmentPlayerIndex": null, "blockingAssignmentUnitIndex": null, "blockingAssignmentObject": null, "runAssignment": null}}, {"model": "quiz.position", "pk": 9, "fields": {"startX": 34.0960661764706, "startY": 72.9411764705882, "name": "A", "formation": 1, "routeCoordinates": null, "runCoordinates": null, "progressionRank": null, "playerIndex": 0, "routeNum": null, "blocker": null, "runner": null, "CBAssignmentPlayerID": null, "CBAssignmentPlayerIndex": null, "CBAssignmentPlayerPosition": null, "zoneYardX": null, "zoneYardY": null, "zoneHeight": null, "zoneWidth": null, "gapYardX": null, "gapYardY": null, "blockingAssignmentPlayerIndex": null, "blockingAssignmentUnitIndex": null, "blockingAssignmentObject": null, "runAssignment": null}}, {"model": "quiz.position", "pk": 10, "fields": {"startX": 19.3901838235294, "startY": 72.8823529411765, "name": "A", "formation": 1, "routeCoordinates": null, "runCoordinates": null, "progressionRank": null, "playerIndex": 0, "routeNum": null, "blocker": null, "runner": null, "CBAssignmentPlayerID": null, "CBAssignmentPlayerIndex": null, "CBAssignmentPlayerPosition": null, "zoneYardX": null, "zoneYardY": null, "zoneHeight": null, "zoneWidth": null, "gapYardX": null, "gapYardY": null, "blockingAssignmentPlayerIndex": null, "blockingAssignmentUnitIndex": null, "blockingAssignmentObject": null, "runAssignment": null}}, {"model": "quiz.position", "pk": 11, "fields": {"startX": 17.5078308823529, "startY": 70.9411764705882, "name": "A", "formation": 1, "routeCoordinates": null, "runCoordinates": null, "progressionRank": null, "playerIndex": 0, "routeNum": null, "blocker": null, "runner": null, "CBAssignmentPlayerID": null, "CBAssignmentPlayerIndex": null, "CBAssignmentPlayerPosition": null, "zoneYardX": null, "zoneYardY": null, "zoneHeight": null, "zoneWidth": null, "gapYardX": null, "gapYardY": null, "blockingAssignmentPlayerIndex": null, "blockingAssignmentUnitIndex": null, "blockingAssignmentObject": null, "runAssignment": null}}, {"model": "quiz.position", "pk": 12, "fields": {"startX": 21.665, "startY": 73.0, "name": "LT", "formation": 2, "routeCoordinates": null, "runCoordinates": null, "progressionRank": null, "playerIndex": -2, "routeNum": null, "blocker": null, "runner": null, "CBAssignmentPlayerID": null, "CBAssignmentPlayerIndex": null, "CBAssignmentPlayerPosition": null, "zoneYardX": null, "zoneYardY": null, "zoneHeight": null, "zoneWidth": null, "gapYardX": null, "gapYardY": null, "blockingAssignmentPlayerIndex": null, "blockingAssignmentUnitIndex": null, "blockingAssignmentObject": null, "runAssignment": null}}, {"model": "quiz.position", "pk": 13, "fields": {"startX": 24.165, "startY": 73.0, "name": "LG", "formation": 2, "routeCoordinates": null, "runCoordinates": null, "progressionRank": null, "playerIndex": -1, "routeNum": null, "blocker": null, "runner": null, "CBAssignmentPlayerID": null, "CBAssignmentPlayerIndex": null, "CBAssignmentPlayerPosition": null, "zoneYardX": null, "zoneYardY": null, "zoneHeight": null, "zoneWidth": null, "gapYardX": null, "gapYardY": null, "blockingAssignmentPlayerIndex": null, "blockingAssignmentUnitIndex": null, "blockingAssignmentObject": null, "runAssignment": null}}, {"model": "quiz.position", "pk": 14, "fields": {"startX": 26.665, "startY": 73.5, "name": "C", "formation": 2, "routeCoordinates": null, "runCoordinates": null, "progressionRank": null, "playerIndex": 0, "routeNum": null, "blocker": null, "runner": null, "CBAssignmentPlayerID": null, "CBAssignmentPlayerIndex": null, "CBAssignmentPlayerPosition": null, "zoneYardX": null, "zoneYardY": null, "zoneHeight": null, "zoneWidth": null, "gapYardX": null, "gapYardY": null, "blockingAssignmentPlayerIndex": null, "blockingAssignmentUnitIndex": null, "blockingAssignmentObject": null, "runAssignment": null}}, {"model": "quiz.position", "pk": 15, "fields": {"startX": 29.165, "startY": 73.0, "name": "RG", "formation": 2, "routeCoordinates": null, "runCoordinates": null, "progressionRank": null, "playerIndex": 1, "routeNum": null, "blocker": null, "runner": null, "CBAssignmentPlayerID": null, "CBAssignmentPlayerIndex": null, "CBAssignmentPlayerPosition": null, "zoneYardX": null, "zoneYardY": null, "zoneHeight": null, "zoneWidth": null, "gapYardX": null, "gapYardY": null, "blockingAssignmentPlayerIndex": null, "blockingAssignmentUnitIndex": null, "blockingAssignmentObject": null, "runAssignment": null}}, {"model": "quiz.position", "pk": 16, "fields": {"startX": 31.665, "startY": 73.0, "name": "RT", "formation": 2, "routeCoordinates": null, "runCoordinates": null, "progressionRank": null, "playerIndex": 2, "routeNum": null, "blocker": null, "runner": null, "CBAssignmentPlayerID": null, "CBAssignmentPlayerIndex": null, "CBAssignmentPlayerPosition": null, "zoneYardX": null, "zoneYardY": null, "zoneHeight": null, "zoneWidth": null, "gapYardX": null, "gapYardY": null, "blockingAssignmentPlayerIndex": null, "blockingAssignmentUnitIndex": null, "blockingAssignmentObject": null, "runAssignment": null}}, {"model": "quiz.position", "pk": 17, "fields": {"startX": 26.665, "startY": 70.0, "name": "QB", "formation": 2, "routeCoordinates": null, "runCoordinates": null, "progressionRank": null, "playerIndex": 0, "routeNum": null, "blocker": null, "runner": null, "CBAssignmentPlayerID": null, "CBAssignmentPlayerIndex": null, "CBAssignmentPlayerPosition": null, "zoneYardX": null, "zoneYardY": null, "zoneHeight": null, "zoneWidth": null, "gapYardX": null, "gapYardY": null, "blockingAssignmentPlayerIndex": null, "blockingAssignmentUnitIndex": null, "blockingAssignmentObject": null, "runAssignment": null}}, {"model": "quiz.position", "pk": 18, "fields": {"startX": 26.6254779411765, "startY": 66.1176470588235, "name": "H", "formation": 2, "routeCoordinates": null, "runCoordinates": null, "progressionRank": null, "playerIndex": 0, "routeNum": null, "blocker": null, "runner": null, "CBAssignmentPlayerID": null, "CBAssignmentPlayerIndex": null, "CBAssignmentPlayerPosition": null, "zoneYardX": null, "zoneYardY": null, "zoneHeight": null, "zoneWidth": null, "gapYardX": null, "gapYardY": null, "blockingAssignmentPlayerIndex": null, "blockingAssignmentUnitIndex": null, "blockingAssignmentObject": null, "runAssignment": null}}, {"model": "quiz.position", "pk": 19, "fields": {"startX": 33.9784191176471, "startY": 72.9411764705882, "name": "A", "formation": 2, "routeCoordinates": null, "runCoordinates": null, "progressionRank": null, "playerIndex": 0, "routeNum": null, "blocker": null, "runner": null, "CBAssignmentPlayerID": null, "CBAssignmentPlayerIndex": null, "CBAssignmentPlayerPosition": null, "zoneYardX": null, "zoneYardY": null, "zoneHeight": null, "zoneWidth": null, "gapYardX": null, "gapYardY": null, "blockingAssignmentPlayerIndex": null, "blockingAssignmentUnitIndex": null, "blockingAssignmentObject": null, "runAssignment": null}}, {"model": "quiz.position", "pk": 20, "fields": {"startX": 19.3901838235294, "startY": 72.9411764705882, "name": "A", "formation": 2, "routeCoordinates": null, "runCoordinates": null, "progressionRank": null, "playerIndex": 0, "routeNum": null, "blocker": null, "runner": null, "CBAssignmentPlayerID": null, "CBAssignmentPlayerIndex": null, "CBAssignmentPlayerPosition": null, "zoneYardX": null, "zoneYardY": null, "zoneHeight": null, "zoneWidth": null, "gapYardX": null, "gapYardY": null, "blockingAssignmentPlayerIndex": null, "blockingAssignmentUnitIndex": null, "blockingAssignmentObject": null, "runAssignment": null}}, {"model": "quiz.position", "pk": 21, "fields": {"startX": 42.6843014705882, "startY": 71.2352941176471, "name": "X", "formation": 2, "routeCoordinates": null, "runCoordinates": null, "progressionRank": null, "playerIndex": 0, "routeNum": null, "blocker": null, "runner": null, "CBAssignmentPlayerID": null, "CBAssignmentPlayerIndex": null, "CBAssignmentPlayerPosition": null, "zoneYardX": null, "zoneYardY": null, "zoneHeight": null, "zoneWidth": null, "gapYardX": null, "gapYardY": null, "blockingAssignmentPlayerIndex": null, "blockingAssignmentUnitIndex": null, "blockingAssignmentObject": null, "runAssignment": null}}, {"model": "quiz.position", "pk": 22, "fields": {"startX": 11.1548897058824, "startY": 70.9411764705882, "name": "Y", "formation": 2, "routeCoordinates": null, "runCoordinates": null, "progressionRank": null, "playerIndex": 0, "routeNum": null, "blocker": null, "runner": null, "CBAssignmentPlayerID": null, "CBAssignmentPlayerIndex": null, "CBAssignmentPlayerPosition": null, "zoneYardX": null, "zoneYardY": null, "zoneHeight": null, "zoneWidth": null, "gapYardX": null, "gapYardY": null, "blockingAssignmentPlayerIndex": null, "blockingAssignmentUnitIndex": null, "blockingAssignmentObject": null, "runAssignment": null}}, {"model": "quiz.position", "pk": 23, "fields": {"startX": 21.6254779411765, "startY": 73.0, "name": "LT", "formation": 3, "routeCoordinates": null, "runCoordinates": null, "progressionRank": null, "playerIndex": -2, "routeNum": null, "blocker": null, "runner": null, "CBAssignmentPlayerID": null, "CBAssignmentPlayerIndex": null, "CBAssignmentPlayerPosition": null, "zoneYardX": null, "zoneYardY": null, "zoneHeight": null, "zoneWidth": null, "gapYardX": null, "gapYardY": null, "blockingAssignmentPlayerIndex": null, "blockingAssignmentUnitIndex": null, "blockingAssignmentObject": null, "runAssignment": null}}, {"model": "quiz.position", "pk": 24, "fields": {"startX": 24.1254779411765, "startY": 73.0, "name": "LG", "formation": 3, "routeCoordinates": null, "runCoordinates": null, "progressionRank": null, "playerIndex": -1, "routeNum": null, "blocker": null, "runner": null, "CBAssignmentPlayerID": null, "CBAssignmentPlayerIndex": null, "CBAssignmentPlayerPosition": null, "zoneYardX": null, "zoneYardY": null, "zoneHeight": null, "zoneWidth": null, "gapYardX": null, "gapYardY": null, "blockingAssignmentPlayerIndex": null, "blockingAssignmentUnitIndex": null, "blockingAssignmentObject": null, "runAssignment": null}}, {"model": "quiz.position", "pk": 25, "fields": {"startX": 26.6254779411765, "startY": 73.5, "name": "C", "formation": 3, "routeCoordinates": null, "runCoordinates": null, "progressionRank": null, "playerIndex": 0, "routeNum": null, "blocker": null, "runner": null, "CBAssignmentPlayerID": null, "CBAssignmentPlayerIndex": null, "CBAssignmentPlayerPosition": null, "zoneYardX": null, "zoneYardY": null, "zoneHeight": null, "zoneWidth": null, "gapYardX": null, "gapYardY": null, "blockingAssignmentPlayerIndex": null, "blockingAssignmentUnitIndex": null, "blockingAssignmentObject": null, "runAssignment": null}}, {"model": "quiz.position", "pk": 26, "fields": {"startX": 29.1254779411765, "startY": 73.0, "name": "RG", "formation": 3, "routeCoordinates": null, "runCoordinates": null, "progressionRank": null, "playerIndex": 1, "routeNum": null, "blocker": null, "runner": null, "CBAssignmentPlayerID": null, "CBAssignmentPlayerIndex": null, "CBAssignmentPlayerPosition": null, "zoneYardX": null, "zoneYardY": null, "zoneHeight": null, "zoneWidth": null, "gapYardX": null, "gapYardY": null, "blockingAssignmentPlayerIndex": null, "blockingAssignmentUnitIndex": null, "blockingAssignmentObject": null, "runAssignment": null}}, {"model": "quiz.position", "pk": 27, "fields": {"startX": 31.6254779411765, "startY": 73.0, "name": "RT", "formation": 3, "routeCoordinates": null, "runCoordinates": null, "progressionRank": null, "playerIndex": 2, "routeNum": null, "blocker": null, "runner": null, "CBAssignmentPlayerID": null, "CBAssignmentPlayerIndex": null, "CBAssignmentPlayerPosition": null, "zoneYardX": null, "zoneYardY": null, "zoneHeight": null, "zoneWidth": null, "gapYardX": null, "gapYardY": null, "blockingAssignmentPlayerIndex": null, "blockingAssignmentUnitIndex": null, "blockingAssignmentObject": null, "runAssignment": null}}, {"model": "quiz.position", "pk": 28, "fields": {"startX": 26.6843014705882, "startY": 67.2941176470588, "name": "QB", "formation": 3, "routeCoordinates": null, "runCoordinates": null, "progressionRank": null, "playerIndex": 0, "routeNum": null, "blocker": null, "runner": null, "CBAssignmentPlayerID": null, "CBAssignmentPlayerIndex": null, "CBAssignmentPlayerPosition": null, "zoneYardX": null, "zoneYardY": null, "zoneHeight": null, "zoneWidth": null, "gapYardX": null, "gapYardY": null, "blockingAssignmentPlayerIndex": null, "blockingAssignmentUnitIndex": null, "blockingAssignmentObject": null, "runAssignment": null}}, {"model": "quiz.position", "pk": 29, "fields": {"startX": 29.4490073529412, "startY": 67.7058823529412, "name": "H", "formation": 3, "routeCoordinates": null, "runCoordinates": null, "progressionRank": null, "playerIndex": 0, "routeNum": null, "blocker": null, "runner": null, "CBAssignmentPlayerID": null, "CBAssignmentPlayerIndex": null, "CBAssignmentPlayerPosition": null, "zoneYardX": null, "zoneYardY": null, "zoneHeight": null, "zoneWidth": null, "gapYardX": null, "gapYardY": null, "blockingAssignmentPlayerIndex": null, "blockingAssignmentUnitIndex": null, "blockingAssignmentObject": null, "runAssignment": null}}, {"model": "quiz.position", "pk": 30, "fields": {"startX": 34.0372426470588, "startY": 72.9411764705882, "name": "A", "formation": 3, "routeCoordinates": null, "runCoordinates": null, "progressionRank": null, "playerIndex": 0, "routeNum": null, "blocker": null, "runner": null, "CBAssignmentPlayerID": null, "CBAssignmentPlayerIndex": null, "CBAssignmentPlayerPosition": null, "zoneYardX": null, "zoneYardY": null, "zoneHeight": null, "zoneWidth": null, "gapYardX": null, "gapYardY": null, "blockingAssignmentPlayerIndex": null, "blockingAssignmentUnitIndex": null, "blockingAssignmentObject": null, "runAssignment": null}}, {"model": "quiz.position", "pk": 31, "fields": {"startX": 42.2725367647059, "startY": 71.0588235294118, "name": "Y", "formation": 3, "routeCoordinates": null, "runCoordinates": null, "progressionRank": null, "playerIndex": 0, "routeNum": null, "blocker": null, "runner": null, "CBAssignmentPlayerID": null, "CBAssignmentPlayerIndex": null, "CBAssignmentPlayerPosition": null, "zoneYardX": null, "zoneYardY": null, "zoneHeight": null, "zoneWidth": null, "gapYardX": null, "gapYardY": null, "blockingAssignmentPlayerIndex": null, "blockingAssignmentUnitIndex": null, "blockingAssignmentObject": null, "runAssignment": null}}, {"model": "quiz.position", "pk": 32, "fields": {"startX": 10.8607720588235, "startY": 70.9411764705882, "name": "X", "formation": 3, "routeCoordinates": null, "runCoordinates": null, "progressionRank": null, "playerIndex": 0, "routeNum": null, "blocker": null, "runner": null, "CBAssignmentPlayerID": null, "CBAssignmentPlayerIndex": null, "CBAssignmentPlayerPosition": null, "zoneYardX": null, "zoneYardY": null, "zoneHeight": null, "zoneWidth": null, "gapYardX": null, "gapYardY": null, "blockingAssignmentPlayerIndex": null, "blockingAssignmentUnitIndex": null, "blockingAssignmentObject": null, "runAssignment": null}}, {"model": "quiz.position", "pk": 33, "fields": {"startX": 14.4490073529412, "startY": 72.9411764705882, "name": "Z", "formation": 3, "routeCoordinates": null, "runCoordinates": null, "progressionRank": null, "playerIndex": 0, "routeNum": null, "blocker": null, "runner": null, "CBAssignmentPlayerID": null, "CBAssignmentPlayerIndex": null, "CBAssignmentPlayerPosition": null, "zoneYardX": null, "zoneYardY": null, "zoneHeight": null, "zoneWidth": null, "gapYardX": null, "gapYardY": null, "blockingAssignmentPlayerIndex": null, "blockingAssignmentUnitIndex": null, "blockingAssignmentObject": null, "runAssignment": null}}, {"model": "quiz.position", "pk": 34, "fields": {"startX": 14.4490073529412, "startY": 72.9411764705882, "name": "Z", "formation": null, "routeCoordinates": "[[14.4490073529412, 72.9411764705882]]", "runCoordinates": null, "progressionRank": 0, "playerIndex": null, "routeNum": null, "blocker": false, "runner": false, "CBAssignmentPlayerID": null, "CBAssignmentPlayerIndex": null, "CBAssignmentPlayerPosition": null, "zoneYardX": null, "zoneYardY": null, "zoneHeight": null, "zoneWidth": null, "gapYardX": null, "gapYardY": null, "blockingAssignmentPlayerIndex": null, "blockingAssignmentUnitIndex": null, "blockingAssignmentObject": null, "runAssignment": ""}}, {"model": "quiz.position", "pk": 35, "fields": {"startX": 10.8607720588235, "startY": 70.9411764705882, "name": "X", "formation": null, "routeCoordinates": "[[10.8607720588235, 70.9411764705882]]", "runCoordinates": null, "progressionRank": 0, "playerIndex": null, "routeNum": null, "blocker": false, "runner": false, "CBAssignmentPlayerID": null, "CBAssignmentPlayerIndex": null, "CBAssignmentPlayerPosition": null, "zoneYardX": null, "zoneYardY": null, "zoneHeight": null, "zoneWidth": null, "gapYardX": null, "gapYardY": null, "blockingAssignmentPlayerIndex": null, "blockingAssignmentUnitIndex": null, "blockingAssignmentObject": null, "runAssignment": ""}}, {"model": "quiz.position", "pk": 36, "fields": {"startX": 42.2725367647059, "startY": 71.0588235294118, "name": "Y", "formation": null, "routeCoordinates": "[[42.2725367647059, 71.0588235294118]]", "runCoordinates": null, "progressionRank": 0, "playerIndex": null, "routeNum": null, "blocker": false, "runner": false, "CBAssignmentPlayerID": null, "CBAssignmentPlayerIndex": null, "CBAssignmentPlayerPosition": null, "zoneYardX": null, "zoneYardY": null, "zoneHeight": null, "zoneWidth": null, "gapYardX": null, "gapYardY": null, "blockingAssignmentPlayerIndex": null, "blockingAssignmentUnitIndex": null, "blockingAssignmentObject": null, "runAssignment": ""}}, {"model": "quiz.position", "pk": 37, "fields": {"startX": 34.0372426470588, "startY": 72.9411764705882, "name": "A", "formation": null, "routeCoordinates": "[[34.0372426470588, 72.9411764705882]]", "runCoordinates": null, "progressionRank": 0, "playerIndex": null, "routeNum": null, "blocker": false, "runner": false, "CBAssignmentPlayerID": null, "CBAssignmentPlayerIndex": null, "CBAssignmentPlayerPosition": null, "zoneYardX": null, "zoneYardY": null, "zoneHeight": null, "zoneWidth": null, "gapYardX": null, "gapYardY": null, "blockingAssignmentPlayerIndex": null, "blockingAssignmentUnitIndex": null, "blockingAssignmentObject": null, "runAssignment": ""}}, {"model": "quiz.position", "pk": 38, "fields": {"startX": 29.4490073529412, "startY": 67.7058823529412, "name": "H", "formation": null, "routeCoordinates": "[[29.4490073529412, 67.7058823529412]]", "runCoordinates": null, "progressionRank": 0, "playerIndex": null, "routeNum": null, "blocker": false, "runner": false, "CBAssignmentPlayerID": null, "CBAssignmentPlayerIndex": null, "CBAssignmentPlayerPosition": null, "zoneYardX": null, "zoneYardY": null, "zoneHeight": null, "zoneWidth": null, "gapYardX": null, "gapYardY": null, "blockingAssignmentPlayerIndex": null, "blockingAssignmentUnitIndex": null, "blockingAssignmentObject": null, "runAssignment": ""}}, {"model": "quiz.position", "pk": 39, "fields": {"startX": 26.6843014705882, "startY": 67.2941176470588, "name": "QB", "formation": null, "routeCoordinates": "[[26.6843014705882, 67.2941176470588]]", "runCoordinates": null, "progressionRank": 0, "playerIndex": null, "routeNum": null, "blocker": false, "runner": false, "CBAssignmentPlayerID": null, "CBAssignmentPlayerIndex": null, "CBAssignmentPlayerPosition": null, "zoneYardX": null, "zoneYardY": null, "zoneHeight": null, "zoneWidth": null, "gapYardX": null, "gapYardY": null, "blockingAssignmentPlayerIndex": null, "blockingAssignmentUnitIndex": null, "blockingAssignmentObject": null, "runAssignment": ""}}, {"model": "quiz.position", "pk": 40, "fields": {"startX": 31.6254779411765, "startY": 73.0, "name": "RT", "formation": null, "routeCoordinates": "[[31.6254779411765, 73]]", "runCoordinates": null, "progressionRank": 0, "playerIndex": null, "routeNum": null, "blocker": false, "runner": false, "CBAssignmentPlayerID": null, "CBAssignmentPlayerIndex": null, "CBAssignmentPlayerPosition": null, "zoneYardX": null, "zoneYardY": null, "zoneHeight": null, "zoneWidth": null, "gapYardX": null, "gapYardY": null, "blockingAssignmentPlayerIndex": null, "blockingAssignmentUnitIndex": null, "blockingAssignmentObject": null, "runAssignment": ""}}, {"model": "quiz.position", "pk": 41, "fields": {"startX": 29.1254779411765, "startY": 73.0, "name": "RG", "formation": null, "routeCoordinates": "[[29.1254779411765, 73]]", "runCoordinates": null, "progressionRank": 0, "playerIndex": null, "routeNum": null, "blocker": false, "runner": false, "CBAssignmentPlayerID": null, "CBAssignmentPlayerIndex": null, "CBAssignmentPlayerPosition": null, "zoneYardX": null, "zoneYardY": null, "zoneHeight": null, "zoneWidth": null, "gapYardX": null, "gapYardY": null, "blockingAssignmentPlayerIndex": null, "blockingAssignmentUnitIndex": null, "blockingAssignmentObject": null, "runAssignment": ""}}, {"model": "quiz.position", "pk": 42, "fields": {"startX": 26.6254779411765, "startY": 73.5, "name": "C", "formation": null, "routeCoordinates": "[[26.6254779411765, 73.5]]", "runCoordinates": null, "progressionRank": 0, "playerIndex": null, "routeNum": null, "blocker": false, "runner": false, "CBAssignmentPlayerID": null, "CBAssignmentPlayerIndex": null, "CBAssignmentPlayerPosition": null, "zoneYardX": null, "zoneYardY": null, "zoneHeight": null, "zoneWidth": null, "gapYardX": null, "gapYardY": null, "blockingAssignmentPlayerIndex": null, "blockingAssignmentUnitIndex": null, "blockingAssignmentObject": null, "runAssignment": ""}}, {"model": "quiz.position", "pk": 43, "fields": {"startX": 24.1254779411765, "startY": 73.0, "name": "LG", "formation": null, "routeCoordinates": "[[24.1254779411765, 73]]", "runCoordinates": null, "progressionRank": 0, "playerIndex": null, "routeNum": null, "blocker": false, "runner": false, "CBAssignmentPlayerID": null, "CBAssignmentPlayerIndex": null, "CBAssignmentPlayerPosition": null, "zoneYardX": null, "zoneYardY": null, "zoneHeight": null, "zoneWidth": null, "gapYardX": null, "gapYardY": null, "blockingAssignmentPlayerIndex": null, "blockingAssignmentUnitIndex": null, "blockingAssignmentObject": null, "runAssignment": ""}}, {"model": "quiz.position", "pk": 44, "fields": {"startX": 21.6254779411765, "startY": 73.0, "name": "LT", "formation": null, "routeCoordinates": "[[21.6254779411765, 73]]", "runCoordinates": null, "progressionRank": 0, "playerIndex": null, "routeNum": null, "blocker": false, "runner": false, "CBAssignmentPlayerID": null, "CBAssignmentPlayerIndex": null, "CBAssignmentPlayerPosition": null, "zoneYardX": null, "zoneYardY": null, "zoneHeight": null, "zoneWidth": null, "gapYardX": null, "gapYardY": null, "blockingAssignmentPlayerIndex": null, "blockingAssignmentUnitIndex": null, "blockingAssignmentObject": null, "runAssignment": ""}}, {"model": "dashboard.coach", "pk": 1, "fields": {"user": 2, "title": null, "created_at": "2016-07-08T03:43:09.462Z", "updated_at": "2016-07-08T03:43:09.462Z", "team": 1}}, {"model": "dashboard.myuser", "pk": 1, "fields": {"user": 2, "is_a_player": false, "avatar_image": "profile/MikeBloomgren.jpg"}}, {"model": "dashboard.myuser", "pk": 2, "fields": {"user": 3, "is_a_player": true, "avatar_image": "profile/RyanBurns.jpg"}}, {"model": "dashboard.myuser", "pk": 3, "fields": {"user": 4, "is_a_player": true, "avatar_image": "profile/KellerChryst.JPG"}}, {"model": "dashboard.myuser", "pk": 4, "fields": {"user": 5, "is_a_player": true, "avatar_image": "profile/KJCostello.JPG"}}, {"model": "dashboard.playergroup", "pk": 1, "fields": {"name": "Quarterbacks", "team": 1, "players": [1]}}, {"model": "dashboard.playergroup", "pk": 2, "fields": {"name": "All", "team": 1, "players": [1]}}, {"model": "admin.logentry", "pk": 1, "fields": {"action_time": "2016-07-08T03:27:31.449Z", "user": 1, "content_type": 8, "object_id": "1", "object_repr": "Stanford University", "action_flag": 1, "change_message": "Added."}}, {"model": "admin.logentry", "pk": 2, "fields": {"action_time": "2016-07-08T03:27:57.337Z", "user": 1, "content_type": 8, "object_id": "2", "object_repr": "University of Oregon", "action_flag": 1, "change_message": "Added."}}, {"model": "admin.logentry", "pk": 3, "fields": {"action_time": "2016-07-08T03:28:13.928Z", "user": 1, "content_type": 8, "object_id": "3", "object_repr": "University of Southern California", "action_flag": 1, "change_message": "Added."}}, {"model": "admin.logentry", "pk": 4, "fields": {"action_time": "2016-07-08T03:45:10.028Z", "user": 1, "content_type": 4, "object_id": "1", "object_repr": "dylan", "action_flag": 2, "change_message": "Changed first_name and last_name."}}, {"model": "admin.logentry", "pk": 5, "fields": {"action_time": "2016-07-08T03:46:33.585Z", "user": 1, "content_type": 4, "object_id": "2", "object_repr": "MikeBloomgren", "action_flag": 2, "change_message": "No fields changed."}}, {"model": "admin.logentry", "pk": 6, "fields": {"action_time": "2016-07-09T06:10:16.064Z", "user": 1, "content_type": 4, "object_id": "3", "object_repr": "RyanBurns", "action_flag": 2, "change_message": "Changed number, image_url and starter for player \"Ryan Burns\"."}}, {"model": "admin.logentry", "pk": 7, "fields": {"action_time": "2016-07-09T06:11:38.476Z", "user": 1, "content_type": 4, "object_id": "3", "object_repr": "RyanBurns", "action_flag": 2, "change_message": "Changed is_being_tested for player \"Ryan Burns\"."}}, {"model": "admin.logentry", "pk": 8, "fields": {"action_time": "2016-07-09T06:11:48.565Z", "user": 1, "content_type": 4, "object_id": "2", "object_repr": "MikeBloomgren", "action_flag": 2, "change_message": "Added player \"Mike Bloomgren\"."}}, {"model": "admin.logentry", "pk": 9, "fields": {"action_time": "2016-07-09T06:13:47.559Z", "user": 1, "content_type": 3, "object_id": "1", "object_repr": "Quarterbacks", "action_flag": 1, "change_message": "Added."}}, {"model": "admin.logentry", "pk": 10, "fields": {"action_time": "2016-07-09T06:13:53.389Z", "user": 1, "content_type": 3, "object_id": "1", "object_repr": "Quarterbacks", "action_flag": 2, "change_message": "No fields changed."}}, {"model": "admin.logentry", "pk": 11, "fields": {"action_time": "2016-07-09T06:14:01.253Z", "user": 1, "content_type": 3, "object_id": "2", "object_repr": "All", "action_flag": 1, "change_message": "Added."}}, {"model": "admin.logentry", "pk": 12, "fields": {"action_time": "2016-07-09T06:14:17.803Z", "user": 1, "content_type": 4, "object_id": "3", "object_repr": "RyanBurns", "action_flag": 2, "change_message": "Changed groups."}}, {"model": "admin.logentry", "pk": 13, "fields": {"action_time": "2016-07-09T06:15:14.356Z", "user": 1, "content_type": 4, "object_id": "2", "object_repr": "MikeBloomgren", "action_flag": 2, "change_message": "Changed groups."}}, {"model": "admin.logentry", "pk": 14, "fields": {"action_time": "2016-07-09T06:15:21.851Z", "user": 1, "content_type": 4, "object_id": "3", "object_repr": "RyanBurns", "action_flag": 2, "change_message": "No fields changed."}}, {"model": "admin.logentry", "pk": 15, "fields": {"action_time": "2016-07-09T06:16:09.917Z", "user": 1, "content_type": 4, "object_id": "2", "object_repr": "MikeBloomgren", "action_flag": 2, "change_message": "Changed user_permissions."}}, {"model": "admin.logentry", "pk": 16, "fields": {"action_time": "2016-07-09T06:27:41.172Z", "user": 1, "content_type": 14, "object_id": "1", "object_repr": "", "action_flag": 3, "change_message": ""}}, {"model": "admin.logentry", "pk": 17, "fields": {"action_time": "2016-07-10T06:57:52.283Z", "user": 1, "content_type": 4, "object_id": "5", "object_repr": "KJCostello", "action_flag": 2, "change_message": "Changed number, is_being_tested and image_url for player \"KJ Costello\"."}}, {"model": "admin.logentry", "pk": 18, "fields": {"action_time": "2016-07-10T06:58:10.642Z", "user": 1, "content_type": 4, "object_id": "4", "object_repr": "KellerChryst", "action_flag": 2, "change_message": "Changed number, is_being_tested and image_url for player \"Keller Chryst\"."}}]