[{"model": "auth.group", "pk": 1, "fields": {"name": "Quarterbacks", "permissions": []}}, {"model": "auth.group", "pk": 2, "fields": {"name": "All", "permissions": []}}, {"model": "auth.group", "pk": 3, "fields": {"name": "Wide Receivers", "permissions": []}}, {"model": "auth.group", "pk": 4, "fields": {"name": "Offensive Lineman", "permissions": []}}, {"model": "auth.group", "pk": 5, "fields": {"name": "Tight Ends", "permissions": []}}, {"model": "auth.user", "pk": 1, "fields": {"password": "pbkdf2_sha256$24000$X6ntJsETycRf$oT0Gfj7T16AyTlVFQioRFRwN1/Q5gnO3bhmudfEbczM=", "last_login": "2016-09-20T02:40:46.599Z", "is_superuser": true, "username": "dylan", "first_name": "Dylan", "last_name": "Westerhold", "email": "dylan@rightcallconsulting.com", "is_staff": true, "is_active": true, "date_joined": "2016-07-08T03:26:02Z", "groups": [], "user_permissions": []}}, {"model": "auth.user", "pk": 2, "fields": {"password": "pbkdf2_sha256$24000$Z2PtV6Ujbd15$k07NqbU1FNcjc6HNm4d/5tvR12BZnnHrVLa2IpPySt8=", "last_login": "2016-09-21T04:40:16Z", "is_superuser": false, "username": "MikeBloomgren", "first_name": "Mike", "last_name": "Bloomgren", "email": "mike.bloomgren@rightcallconsulting.com", "is_staff": false, "is_active": true, "date_joined": "2016-07-08T03:43:09Z", "groups": [1, 2], "user_permissions": [1, 2, 3, 7, 8, 9, 4, 5, 6, 10, 58, 11, 59, 12, 60, 13, 14, 15, 49, 50, 51, 61, 62, 63, 52, 53, 54, 55, 56, 57, 19, 20, 21, 31, 32, 33, 28, 29, 30, 40, 41, 42, 25, 26, 27, 34, 35, 36, 22, 23, 24, 37, 38, 39, 43, 44, 45, 46, 47, 48, 16, 17, 18]}}, {"model": "auth.user", "pk": 3, "fields": {"password": "pbkdf2_sha256$24000$fSMGB413KEu1$IT7y+wcO3hzqTMCDtDq/MPOLwQdiI1tpRhAK4PtzLjM=", "last_login": "2016-09-21T17:58:26.470Z", "is_superuser": false, "username": "RyanBurns", "first_name": "Ryan", "last_name": "Burns", "email": "ryan.burns@rightcallconsulting.com", "is_staff": false, "is_active": true, "date_joined": "2016-07-09T05:50:41Z", "groups": [1, 2], "user_permissions": []}}, {"model": "auth.user", "pk": 4, "fields": {"password": "pbkdf2_sha256$24000$U04VseyaKOOR$jUf5EYAbxP0zSTTVmqoKbLhFD6NMNEWVO5FOsdS5G5Y=", "last_login": "2016-09-20T02:41:35.258Z", "is_superuser": false, "username": "KellerChryst", "first_name": "Keller", "last_name": "Chryst", "email": "keller.chryst@rightcallconsulting.com", "is_staff": false, "is_active": true, "date_joined": "2016-07-10T06:53:40Z", "groups": [1, 2], "user_permissions": []}}, {"model": "auth.user", "pk": 5, "fields": {"password": "pbkdf2_sha256$24000$eSWgAC2P3mZH$3R5+eZyPXDbr9aRdQY0PFwGjv141OgfRT0XC5VBejko=", "last_login": "2016-07-10T06:59:32Z", "is_superuser": false, "username": "KJCostello", "first_name": "KJ", "last_name": "Costello", "email": "kj.costello@rightcallconsulting.com", "is_staff": false, "is_active": true, "date_joined": "2016-07-10T06:55:15Z", "groups": [1, 2], "user_permissions": []}}, {"model": "auth.user", "pk": 6, "fields": {"password": "pbkdf2_sha256$24000$iKc7bBkAv2eK$v2GEgKflzhsuoT4UkCRpNrScupQ9Oco1g8aV8D/tqUs=", "last_login": "2016-09-20T02:58:08.208Z", "is_superuser": false, "username": "TrentonIrwin", "first_name": "Trenton", "last_name": "Irwin", "email": "trenton.irwin@rightcallconsulting.com", "is_staff": false, "is_active": true, "date_joined": "2016-07-12T17:52:37.402Z", "groups": [], "user_permissions": []}}, {"model": "auth.user", "pk": 7, "fields": {"password": "pbkdf2_sha256$24000$aq6PD6jSBo4Q$iv2dvAHbo9Khao39rM3r1g5in8B0yXmg3aCTEYSASJo=", "last_login": "2016-07-12T17:53:55.918Z", "is_superuser": false, "username": "MichaelRector", "first_name": "Michael", "last_name": "Rector", "email": "michael.rector@rightcallconsulting.com", "is_staff": false, "is_active": true, "date_joined": "2016-07-12T17:53:55.854Z", "groups": [], "user_permissions": []}}, {"model": "auth.user", "pk": 8, "fields": {"password": "pbkdf2_sha256$24000$KpZ3rQvhjkgg$9Oy5dV2G2n69NoxJVVEhxwEAZcpqJTQnEXM0mSwxwzI=", "last_login": "2016-07-12T17:54:53.449Z", "is_superuser": false, "username": "JayTyler", "first_name": "Jay", "last_name": "Tyler", "email": "jay.tyler@rightcallconsulting.com", "is_staff": false, "is_active": true, "date_joined": "2016-07-12T17:54:53.383Z", "groups": [], "user_permissions": []}}, {"model": "auth.user", "pk": 9, "fields": {"password": "pbkdf2_sha256$24000$6YAaWq9e3uLY$CxXeOV+B6RJbdWWvHaEsq0tRzT2yrbU/ruDUw+vyumk=", "last_login": "2016-07-12T17:55:54.240Z", "is_superuser": false, "username": "FrancisOwusu", "first_name": "Francis", "last_name": "Owusu", "email": "francis.owusu@rightcallconsulting.com", "is_staff": false, "is_active": true, "date_joined": "2016-07-12T17:55:54.172Z", "groups": [], "user_permissions": []}}, {"model": "auth.user", "pk": 10, "fields": {"password": "pbkdf2_sha256$24000$BmmpfhEJDBHJ$a/nFO1RdIjj37v8rZ1ysJwHR9fRBXrKZK5dBYqeKoR0=", "last_login": "2016-07-12T17:57:00.931Z", "is_superuser": false, "username": "DonaldStewart", "first_name": "Donald", "last_name": "Stewart", "email": "donald.stewart@rightcallconsulting.com", "is_staff": false, "is_active": true, "date_joined": "2016-07-12T17:57:00.862Z", "groups": [], "user_permissions": []}}, {"model": "auth.user", "pk": 11, "fields": {"password": "pbkdf2_sha256$24000$msv9pKJ1wcWp$7N6ZyUbm4l8YCE6YfeSkWxhhpXTlWM+atBlHriUZr9I=", "last_login": "2016-07-12T18:00:54.951Z", "is_superuser": false, "username": "TaijuanThomas", "first_name": "Taijuan", "last_name": "Thomas", "email": "taijuan.thomas@rightcallconsulting.com", "is_staff": false, "is_active": true, "date_joined": "2016-07-12T18:00:54.883Z", "groups": [], "user_permissions": []}}, {"model": "auth.user", "pk": 12, "fields": {"password": "pbkdf2_sha256$24000$IGZa0D1HjyLl$e80QqR5pkm1the72eo8qrYtFfB3K+rBT/ZHxNX3YpcA=", "last_login": "2016-07-12T18:01:42.892Z", "is_superuser": false, "username": "PaxtonSegina", "first_name": "Paxton", "last_name": "Segina", "email": "paxton.segina@rightcallconsulting.com", "is_staff": false, "is_active": true, "date_joined": "2016-07-12T18:01:42.825Z", "groups": [], "user_permissions": []}}, {"model": "auth.user", "pk": 13, "fields": {"password": "pbkdf2_sha256$24000$2MeZreBXTxet$pXHFTIiokNmYyAKSwERtY74nSqKBrFf3Axfam0p9XCk=", "last_login": "2016-07-12T18:03:11.970Z", "is_superuser": false, "username": "JJArcegaWhiteside", "first_name": "JJ", "last_name": "Arcega-Whiteside", "email": "jj.arcega.whiteside@rightcallconsulting.com", "is_staff": false, "is_active": true, "date_joined": "2016-07-12T18:03:11.907Z", "groups": [], "user_permissions": []}}, {"model": "auth.user", "pk": 14, "fields": {"password": "pbkdf2_sha256$24000$98bA8mcDygni$ELy6J8l48ZREBcuagrZrKti4AQmmUDfP6Dl8K+aKizk=", "last_login": "2016-07-12T18:04:39.126Z", "is_superuser": false, "username": "IsaiahBrandtSims", "first_name": "Isaiah", "last_name": "Brandt-Sims", "email": "isaiah.brandt.sims@rightcallconsulting.com", "is_staff": false, "is_active": true, "date_joined": "2016-07-12T18:04:39.060Z", "groups": [], "user_permissions": []}}, {"model": "auth.user", "pk": 15, "fields": {"password": "pbkdf2_sha256$24000$St1EmCkOpdHz$/PQ+5yRVTuPP86RM08pIKAxSYlgzjPbmmimCIx3pl24=", "last_login": "2016-07-12T18:06:35.093Z", "is_superuser": false, "username": "SidhartKrishnamurthi", "first_name": "Sidhart", "last_name": "Krishnamurthi", "email": "sidhart.krishnamurthi@rightcallconsulting.com", "is_staff": false, "is_active": true, "date_joined": "2016-07-12T18:06:35.027Z", "groups": [], "user_permissions": []}}, {"model": "auth.user", "pk": 16, "fields": {"password": "pbkdf2_sha256$24000$h0mtbxGjFO8f$ZsIhaZjMFx3HUI0Mahu2GnLupaevwQGhZXu6wzd6Hrs=", "last_login": "2016-07-12T18:07:57.816Z", "is_superuser": false, "username": "TreyvionFoster", "first_name": "Treyvion", "last_name": "Foster", "email": "treyvion.foster@rightcallconsulting.com", "is_staff": false, "is_active": true, "date_joined": "2016-07-12T18:07:57.747Z", "groups": [], "user_permissions": []}}, {"model": "sessions.session", "pk": "0wlwkgiz9kttlpxfxdaaaqwbh6lil9c2", "fields": {"session_data": "ZDc1NTJiNzAyODY1NjAwOWY5NzZhMTgxOWU5NjlmNWNkNDM2NjU1Yjp7Il9hdXRoX3VzZXJfaGFzaCI6IjZkM2E2MzkyYzI2NWJiNDY5ZTVjMmIxMThmN2Q1MWRiM2M3Njg0YjUiLCJfYXV0aF91c2VyX2JhY2tlbmQiOiJkamFuZ28uY29udHJpYi5hdXRoLmJhY2tlbmRzLk1vZGVsQmFja2VuZCIsIl9hdXRoX3VzZXJfaWQiOiIyIn0=", "expire_date": "2016-09-07T06:00:37.560Z"}}, {"model": "sessions.session", "pk": "2vn0eulkh2dj8fpyy9cyeel5e888vefh", "fields": {"session_data": "ZDc1NTJiNzAyODY1NjAwOWY5NzZhMTgxOWU5NjlmNWNkNDM2NjU1Yjp7Il9hdXRoX3VzZXJfaGFzaCI6IjZkM2E2MzkyYzI2NWJiNDY5ZTVjMmIxMThmN2Q1MWRiM2M3Njg0YjUiLCJfYXV0aF91c2VyX2JhY2tlbmQiOiJkamFuZ28uY29udHJpYi5hdXRoLmJhY2tlbmRzLk1vZGVsQmFja2VuZCIsIl9hdXRoX3VzZXJfaWQiOiIyIn0=", "expire_date": "2016-09-12T04:23:34.119Z"}}, {"model": "sessions.session", "pk": "34iyc68v91ykad3b2rr99chiytty521b", "fields": {"session_data": "NWQyMjg1MjkzODQ1NjFkODUwZjQ1NjA3ZGZhNWE1NWRhZGIyZjkxNTp7Il9hdXRoX3VzZXJfaGFzaCI6ImU2MmQwNGEzMzZhMTFiYzBkNDlhMzU0NDFmZmIzOGI3ZDZmZDYwYWMiLCJfYXV0aF91c2VyX2JhY2tlbmQiOiJkamFuZ28uY29udHJpYi5hdXRoLmJhY2tlbmRzLk1vZGVsQmFja2VuZCIsIl9hdXRoX3VzZXJfaWQiOiIzIn0=", "expire_date": "2016-09-28T17:37:52.048Z"}}, {"model": "sessions.session", "pk": "4ygtvkcz160ib1btlz4zz89dsfmazj4u", "fields": {"session_data": "NTQzYTA5MWU2MDA3MmViYjA5ZmRmZjhhNDM4OGQ1NjI5YTY5MzdmMDp7Il9hdXRoX3VzZXJfaGFzaCI6IjJjOWM4MzBjYzI0YmYxNWFmYzk1N2YzMTg1ODljMDI0OTY5ZTUyZTQiLCJfYXV0aF91c2VyX2JhY2tlbmQiOiJkamFuZ28uY29udHJpYi5hdXRoLmJhY2tlbmRzLk1vZGVsQmFja2VuZCIsIl9hdXRoX3VzZXJfaWQiOiIxIn0=", "expire_date": "2016-07-25T16:18:49.465Z"}}, {"model": "sessions.session", "pk": "7sf25khwy1td8dmvcjm2djx5nam1n45m", "fields": {"session_data": "NWQyMjg1MjkzODQ1NjFkODUwZjQ1NjA3ZGZhNWE1NWRhZGIyZjkxNTp7Il9hdXRoX3VzZXJfaGFzaCI6ImU2MmQwNGEzMzZhMTFiYzBkNDlhMzU0NDFmZmIzOGI3ZDZmZDYwYWMiLCJfYXV0aF91c2VyX2JhY2tlbmQiOiJkamFuZ28uY29udHJpYi5hdXRoLmJhY2tlbmRzLk1vZGVsQmFja2VuZCIsIl9hdXRoX3VzZXJfaWQiOiIzIn0=", "expire_date": "2016-09-20T23:21:09.022Z"}}, {"model": "sessions.session", "pk": "7tfo4wkhfephm8uq7vka8s98i3stpnfh", "fields": {"session_data": "ZDc1NTJiNzAyODY1NjAwOWY5NzZhMTgxOWU5NjlmNWNkNDM2NjU1Yjp7Il9hdXRoX3VzZXJfaGFzaCI6IjZkM2E2MzkyYzI2NWJiNDY5ZTVjMmIxMThmN2Q1MWRiM2M3Njg0YjUiLCJfYXV0aF91c2VyX2JhY2tlbmQiOiJkamFuZ28uY29udHJpYi5hdXRoLmJhY2tlbmRzLk1vZGVsQmFja2VuZCIsIl9hdXRoX3VzZXJfaWQiOiIyIn0=", "expire_date": "2016-08-10T12:37:24.713Z"}}, {"model": "sessions.session", "pk": "ewlst896hr7apoq35v88zo89ru9tm89u", "fields": {"session_data": "ZDc1NTJiNzAyODY1NjAwOWY5NzZhMTgxOWU5NjlmNWNkNDM2NjU1Yjp7Il9hdXRoX3VzZXJfaGFzaCI6IjZkM2E2MzkyYzI2NWJiNDY5ZTVjMmIxMThmN2Q1MWRiM2M3Njg0YjUiLCJfYXV0aF91c2VyX2JhY2tlbmQiOiJkamFuZ28uY29udHJpYi5hdXRoLmJhY2tlbmRzLk1vZGVsQmFja2VuZCIsIl9hdXRoX3VzZXJfaWQiOiIyIn0=", "expire_date": "2016-09-07T20:36:35.347Z"}}, {"model": "sessions.session", "pk": "ha1s63krc3i4xeerdsn0b8g057mk3ucs", "fields": {"session_data": "ZDc1NTJiNzAyODY1NjAwOWY5NzZhMTgxOWU5NjlmNWNkNDM2NjU1Yjp7Il9hdXRoX3VzZXJfaGFzaCI6IjZkM2E2MzkyYzI2NWJiNDY5ZTVjMmIxMThmN2Q1MWRiM2M3Njg0YjUiLCJfYXV0aF91c2VyX2JhY2tlbmQiOiJkamFuZ28uY29udHJpYi5hdXRoLmJhY2tlbmRzLk1vZGVsQmFja2VuZCIsIl9hdXRoX3VzZXJfaWQiOiIyIn0=", "expire_date": "2016-09-08T17:41:55.475Z"}}, {"model": "sessions.session", "pk": "hqafb7zxpopywgw8e8wug7pe9cda8568", "fields": {"session_data": "NTQzYTA5MWU2MDA3MmViYjA5ZmRmZjhhNDM4OGQ1NjI5YTY5MzdmMDp7Il9hdXRoX3VzZXJfaGFzaCI6IjJjOWM4MzBjYzI0YmYxNWFmYzk1N2YzMTg1ODljMDI0OTY5ZTUyZTQiLCJfYXV0aF91c2VyX2JhY2tlbmQiOiJkamFuZ28uY29udHJpYi5hdXRoLmJhY2tlbmRzLk1vZGVsQmFja2VuZCIsIl9hdXRoX3VzZXJfaWQiOiIxIn0=", "expire_date": "2016-09-27T05:27:00.987Z"}}, {"model": "sessions.session", "pk": "i8y9w7s0yv8f5r38ugci53dzhe3w3e1l", "fields": {"session_data": "ZDc1NTJiNzAyODY1NjAwOWY5NzZhMTgxOWU5NjlmNWNkNDM2NjU1Yjp7Il9hdXRoX3VzZXJfaGFzaCI6IjZkM2E2MzkyYzI2NWJiNDY5ZTVjMmIxMThmN2Q1MWRiM2M3Njg0YjUiLCJfYXV0aF91c2VyX2JhY2tlbmQiOiJkamFuZ28uY29udHJpYi5hdXRoLmJhY2tlbmRzLk1vZGVsQmFja2VuZCIsIl9hdXRoX3VzZXJfaWQiOiIyIn0=", "expire_date": "2016-08-10T12:37:06.262Z"}}, {"model": "sessions.session", "pk": "is6x7djsqk81dntkkfui1a3bty6e9svt", "fields": {"session_data": "NTQzYTA5MWU2MDA3MmViYjA5ZmRmZjhhNDM4OGQ1NjI5YTY5MzdmMDp7Il9hdXRoX3VzZXJfaGFzaCI6IjJjOWM4MzBjYzI0YmYxNWFmYzk1N2YzMTg1ODljMDI0OTY5ZTUyZTQiLCJfYXV0aF91c2VyX2JhY2tlbmQiOiJkamFuZ28uY29udHJpYi5hdXRoLmJhY2tlbmRzLk1vZGVsQmFja2VuZCIsIl9hdXRoX3VzZXJfaWQiOiIxIn0=", "expire_date": "2016-07-23T06:27:28.558Z"}}, {"model": "sessions.session", "pk": "j7c43ml93oq7a60qgcso75oyox8g155x", "fields": {"session_data": "ZDc1NTJiNzAyODY1NjAwOWY5NzZhMTgxOWU5NjlmNWNkNDM2NjU1Yjp7Il9hdXRoX3VzZXJfaGFzaCI6IjZkM2E2MzkyYzI2NWJiNDY5ZTVjMmIxMThmN2Q1MWRiM2M3Njg0YjUiLCJfYXV0aF91c2VyX2JhY2tlbmQiOiJkamFuZ28uY29udHJpYi5hdXRoLmJhY2tlbmRzLk1vZGVsQmFja2VuZCIsIl9hdXRoX3VzZXJfaWQiOiIyIn0=", "expire_date": "2016-10-05T04:40:16.002Z"}}, {"model": "sessions.session", "pk": "jcdy3walbjf0adonry8461om88kp07o0", "fields": {"session_data": "NWQyMjg1MjkzODQ1NjFkODUwZjQ1NjA3ZGZhNWE1NWRhZGIyZjkxNTp7Il9hdXRoX3VzZXJfaGFzaCI6ImU2MmQwNGEzMzZhMTFiYzBkNDlhMzU0NDFmZmIzOGI3ZDZmZDYwYWMiLCJfYXV0aF91c2VyX2JhY2tlbmQiOiJkamFuZ28uY29udHJpYi5hdXRoLmJhY2tlbmRzLk1vZGVsQmFja2VuZCIsIl9hdXRoX3VzZXJfaWQiOiIzIn0=", "expire_date": "2016-10-04T17:49:40.219Z"}}, {"model": "sessions.session", "pk": "k89278ewdaoc1jjpx9r1szj1ta1belsn", "fields": {"session_data": "ZDc1NTJiNzAyODY1NjAwOWY5NzZhMTgxOWU5NjlmNWNkNDM2NjU1Yjp7Il9hdXRoX3VzZXJfaGFzaCI6IjZkM2E2MzkyYzI2NWJiNDY5ZTVjMmIxMThmN2Q1MWRiM2M3Njg0YjUiLCJfYXV0aF91c2VyX2JhY2tlbmQiOiJkamFuZ28uY29udHJpYi5hdXRoLmJhY2tlbmRzLk1vZGVsQmFja2VuZCIsIl9hdXRoX3VzZXJfaWQiOiIyIn0=", "expire_date": "2016-09-12T17:19:48.269Z"}}, {"model": "sessions.session", "pk": "mbkaej7dn53w64ftk7z3xdqck22gh9fs", "fields": {"session_data": "YmI4OTNmYzlkMGJiZjllNjA2NTRmNmNhMTk4NDMwNDQwZDY4M2ZhMDp7Il9hdXRoX3VzZXJfaGFzaCI6IjU4YmE5YmRmOWJhYWEyYzNjMzQ2NTA0ODRkM2Q2ZWJiYTI3NDk0NGIiLCJfYXV0aF91c2VyX2JhY2tlbmQiOiJkamFuZ28uY29udHJpYi5hdXRoLmJhY2tlbmRzLk1vZGVsQmFja2VuZCIsIl9hdXRoX3VzZXJfaWQiOiI1In0=", "expire_date": "2016-07-24T06:59:32.677Z"}}, {"model": "sessions.session", "pk": "nx577g0sdx56sot39n49a72mrj4gmvky", "fields": {"session_data": "NWQyMjg1MjkzODQ1NjFkODUwZjQ1NjA3ZGZhNWE1NWRhZGIyZjkxNTp7Il9hdXRoX3VzZXJfaGFzaCI6ImU2MmQwNGEzMzZhMTFiYzBkNDlhMzU0NDFmZmIzOGI3ZDZmZDYwYWMiLCJfYXV0aF91c2VyX2JhY2tlbmQiOiJkamFuZ28uY29udHJpYi5hdXRoLmJhY2tlbmRzLk1vZGVsQmFja2VuZCIsIl9hdXRoX3VzZXJfaWQiOiIzIn0=", "expire_date": "2016-10-05T17:58:26.473Z"}}, {"model": "sessions.session", "pk": "o2elrozsnuayr46z6sg6pnvf8hl8rhvl", "fields": {"session_data": "ZDc1NTJiNzAyODY1NjAwOWY5NzZhMTgxOWU5NjlmNWNkNDM2NjU1Yjp7Il9hdXRoX3VzZXJfaGFzaCI6IjZkM2E2MzkyYzI2NWJiNDY5ZTVjMmIxMThmN2Q1MWRiM2M3Njg0YjUiLCJfYXV0aF91c2VyX2JhY2tlbmQiOiJkamFuZ28uY29udHJpYi5hdXRoLmJhY2tlbmRzLk1vZGVsQmFja2VuZCIsIl9hdXRoX3VzZXJfaWQiOiIyIn0=", "expire_date": "2016-09-14T06:53:57.040Z"}}, {"model": "sessions.session", "pk": "oif9zpv4qb02947rxv6sacjgkq0m8wov", "fields": {"session_data": "ZDc1NTJiNzAyODY1NjAwOWY5NzZhMTgxOWU5NjlmNWNkNDM2NjU1Yjp7Il9hdXRoX3VzZXJfaGFzaCI6IjZkM2E2MzkyYzI2NWJiNDY5ZTVjMmIxMThmN2Q1MWRiM2M3Njg0YjUiLCJfYXV0aF91c2VyX2JhY2tlbmQiOiJkamFuZ28uY29udHJpYi5hdXRoLmJhY2tlbmRzLk1vZGVsQmFja2VuZCIsIl9hdXRoX3VzZXJfaWQiOiIyIn0=", "expire_date": "2016-09-08T19:49:47.250Z"}}, {"model": "sessions.session", "pk": "pluppezku3kx4upzjc1vqz3ar0spyk6j", "fields": {"session_data": "ZDc1NTJiNzAyODY1NjAwOWY5NzZhMTgxOWU5NjlmNWNkNDM2NjU1Yjp7Il9hdXRoX3VzZXJfaGFzaCI6IjZkM2E2MzkyYzI2NWJiNDY5ZTVjMmIxMThmN2Q1MWRiM2M3Njg0YjUiLCJfYXV0aF91c2VyX2JhY2tlbmQiOiJkamFuZ28uY29udHJpYi5hdXRoLmJhY2tlbmRzLk1vZGVsQmFja2VuZCIsIl9hdXRoX3VzZXJfaWQiOiIyIn0=", "expire_date": "2016-07-26T01:56:37.969Z"}}, {"model": "sessions.session", "pk": "q85q8tqjjxhm58sot9f64dgb8g0wap3n", "fields": {"session_data": "ZDc1NTJiNzAyODY1NjAwOWY5NzZhMTgxOWU5NjlmNWNkNDM2NjU1Yjp7Il9hdXRoX3VzZXJfaGFzaCI6IjZkM2E2MzkyYzI2NWJiNDY5ZTVjMmIxMThmN2Q1MWRiM2M3Njg0YjUiLCJfYXV0aF91c2VyX2JhY2tlbmQiOiJkamFuZ28uY29udHJpYi5hdXRoLmJhY2tlbmRzLk1vZGVsQmFja2VuZCIsIl9hdXRoX3VzZXJfaWQiOiIyIn0=", "expire_date": "2016-09-05T21:03:48.564Z"}}, {"model": "sessions.session", "pk": "sjwv2iwvqfsl2qsuqhez4a6xerkiagod", "fields": {"session_data": "ZDc1NTJiNzAyODY1NjAwOWY5NzZhMTgxOWU5NjlmNWNkNDM2NjU1Yjp7Il9hdXRoX3VzZXJfaGFzaCI6IjZkM2E2MzkyYzI2NWJiNDY5ZTVjMmIxMThmN2Q1MWRiM2M3Njg0YjUiLCJfYXV0aF91c2VyX2JhY2tlbmQiOiJkamFuZ28uY29udHJpYi5hdXRoLmJhY2tlbmRzLk1vZGVsQmFja2VuZCIsIl9hdXRoX3VzZXJfaWQiOiIyIn0=", "expire_date": "2016-07-24T19:03:56.348Z"}}, {"model": "sessions.session", "pk": "x7h93axwjglggqpo2s423ayj2d71xkqn", "fields": {"session_data": "ZDc1NTJiNzAyODY1NjAwOWY5NzZhMTgxOWU5NjlmNWNkNDM2NjU1Yjp7Il9hdXRoX3VzZXJfaGFzaCI6IjZkM2E2MzkyYzI2NWJiNDY5ZTVjMmIxMThmN2Q1MWRiM2M3Njg0YjUiLCJfYXV0aF91c2VyX2JhY2tlbmQiOiJkamFuZ28uY29udHJpYi5hdXRoLmJhY2tlbmRzLk1vZGVsQmFja2VuZCIsIl9hdXRoX3VzZXJfaWQiOiIyIn0=", "expire_date": "2016-07-24T19:12:21.832Z"}}, {"model": "sessions.session", "pk": "y6vtfa14g0p1w1ewdmjnhvr6a4cqra0n", "fields": {"session_data": "ZDc1NTJiNzAyODY1NjAwOWY5NzZhMTgxOWU5NjlmNWNkNDM2NjU1Yjp7Il9hdXRoX3VzZXJfaGFzaCI6IjZkM2E2MzkyYzI2NWJiNDY5ZTVjMmIxMThmN2Q1MWRiM2M3Njg0YjUiLCJfYXV0aF91c2VyX2JhY2tlbmQiOiJkamFuZ28uY29udHJpYi5hdXRoLmJhY2tlbmRzLk1vZGVsQmFja2VuZCIsIl9hdXRoX3VzZXJfaWQiOiIyIn0=", "expire_date": "2016-09-24T02:30:19.056Z"}}, {"model": "quiz.team", "pk": 1, "fields": {"name": "Stanford University", "created_at": "2016-07-08T03:27:31.447Z", "updated_at": "2016-07-08T03:27:31.447Z"}}, {"model": "quiz.player", "pk": 1, "fields": {"user": 3, "first_name": "Ryan", "last_name": "Burns", "position": "QB", "year": "SR", "unit": "", "number": 17, "team": 1, "is_being_tested": true, "image_url": "./RyanBurns.jpg", "starter": false, "created_at": "2016-07-09T05:50:41.961Z", "updated_at": "2016-07-12T18:09:18.135Z"}}, {"model": "quiz.player", "pk": 2, "fields": {"user": 2, "first_name": "", "last_name": "", "position": "", "year": null, "unit": "", "number": null, "team": null, "is_being_tested": false, "image_url": "./MikeBloomgren.jpg", "starter": false, "created_at": "2016-07-09T06:11:48.562Z", "updated_at": "2016-07-09T06:11:48.562Z"}}, {"model": "quiz.player", "pk": 3, "fields": {"user": 4, "first_name": "Keller", "last_name": "Chryst", "position": "QB", "year": "JR", "unit": "", "number": 10, "team": 1, "is_being_tested": true, "image_url": "./KellerChryst.JPG", "starter": false, "created_at": "2016-07-10T06:53:40.224Z", "updated_at": "2016-07-12T01:55:47.263Z"}}, {"model": "quiz.player", "pk": 4, "fields": {"user": 5, "first_name": "KJ", "last_name": "Costello", "position": "QB", "year": "FR", "unit": "", "number": 19, "team": 1, "is_being_tested": true, "image_url": "./KJCostello.JPG", "starter": false, "created_at": "2016-07-10T06:55:15.871Z", "updated_at": "2016-07-12T01:55:36.523Z"}}, {"model": "quiz.player", "pk": 5, "fields": {"user": 6, "first_name": "Trenton", "last_name": "Irwin", "position": "WR", "year": "SO", "unit": "", "number": 2, "team": 1, "is_being_tested": true, "image_url": "./TrentonIrwin.jpg", "starter": false, "created_at": "2016-07-12T17:52:37.436Z", "updated_at": "2016-07-12T18:13:11.587Z"}}, {"model": "quiz.player", "pk": 6, "fields": {"user": 7, "first_name": "Michael", "last_name": "Rector", "position": "WR", "year": "RS SR", "unit": "", "number": 3, "team": 1, "is_being_tested": true, "image_url": "./MichaelRector.jpg", "starter": false, "created_at": "2016-07-12T17:53:55.888Z", "updated_at": "2016-07-12T18:12:46.154Z"}}, {"model": "quiz.player", "pk": 7, "fields": {"user": 8, "first_name": "Jay", "last_name": "Tyler", "position": "WR", "year": "SO", "unit": "", "number": 4, "team": 1, "is_being_tested": true, "image_url": "./JayTyler.jpg", "starter": false, "created_at": "2016-07-12T17:54:53.416Z", "updated_at": "2016-07-12T18:12:13.728Z"}}, {"model": "quiz.player", "pk": 8, "fields": {"user": 9, "first_name": "Francis", "last_name": "Owusu", "position": "WR", "year": "SR", "unit": "", "number": 6, "team": 1, "is_being_tested": true, "image_url": "./FrancisOwusu.jpg", "starter": false, "created_at": "2016-07-12T17:55:54.206Z", "updated_at": "2016-07-12T18:11:50.058Z"}}, {"model": "quiz.player", "pk": 9, "fields": {"user": 10, "first_name": "Donald", "last_name": "Stewart", "position": "WR", "year": "FR", "unit": "", "number": 8, "team": 1, "is_being_tested": true, "image_url": "./DonaldStewart.jpg", "starter": false, "created_at": "2016-07-12T17:57:00.898Z", "updated_at": "2016-07-12T18:11:25.645Z"}}, {"model": "quiz.player", "pk": 10, "fields": {"user": 11, "first_name": "Taijuan", "last_name": "Thomas", "position": "WR", "year": "SR", "unit": "", "number": 13, "team": 1, "is_being_tested": true, "image_url": "./TaijuanThomas.jpg", "starter": false, "created_at": "2016-07-12T18:00:54.918Z", "updated_at": "2016-07-12T18:11:08.643Z"}}, {"model": "quiz.player", "pk": 11, "fields": {"user": 12, "first_name": "Paxton", "last_name": "Segina", "position": "WR", "year": "FR", "unit": "", "number": 14, "team": 1, "is_being_tested": true, "image_url": "./PaxonSegina.jpg", "starter": false, "created_at": "2016-07-12T18:01:42.858Z", "updated_at": "2016-07-12T18:10:44.156Z"}}, {"model": "quiz.player", "pk": 12, "fields": {"user": 13, "first_name": "JJ", "last_name": "Arcega-Whiteside", "position": "WR", "year": "SO", "unit": "", "number": 19, "team": 1, "is_being_tested": true, "image_url": "./JJArcegaWhiteside.jpg", "starter": false, "created_at": "2016-07-12T18:03:11.938Z", "updated_at": "2016-07-12T18:09:54.125Z"}}, {"model": "quiz.player", "pk": 13, "fields": {"user": 14, "first_name": "Isaiah", "last_name": "Brandt-Sims", "position": "WR", "year": "JR", "unit": "", "number": 21, "team": 1, "is_being_tested": true, "image_url": "./IsaiahBrandtSims.jpg", "starter": false, "created_at": "2016-07-12T18:04:39.093Z", "updated_at": "2016-07-12T18:09:33.602Z"}}, {"model": "quiz.player", "pk": 14, "fields": {"user": 15, "first_name": "Sidhart", "last_name": "Krishnamurthi", "position": "WR", "year": "SO", "unit": "", "number": 46, "team": 1, "is_being_tested": true, "image_url": "./SidhartKrishnamurthi.jpg", "starter": false, "created_at": "2016-07-12T18:06:35.059Z", "updated_at": "2016-07-12T18:09:03.924Z"}}, {"model": "quiz.player", "pk": 15, "fields": {"user": 16, "first_name": "Treyvion", "last_name": "Foster", "position": "WR", "year": "SR", "unit": "", "number": 85, "team": 1, "is_being_tested": true, "image_url": "./TreyvionFoster.jpg", "starter": false, "created_at": "2016-07-12T18:07:57.781Z", "updated_at": "2016-07-12T18:09:09.561Z"}}, {"model": "quiz.formation", "pk": 1, "fields": {"name": "Green RT West", "team": 1, "unit": "offense", "scout": false, "formationJson": "{\"name\":\"Green RT West\",\"team\":\"1\",\"unit\":\"offense\",\"offensivePlayers\":[{\"name\":\"\",\"unit\":\"offense\",\"pos\":\"T\",\"num\":\"T\",\"startX\":21.665,\"startY\":65,\"x\":21.665,\"y\":65,\"eligible\":false,\"red\":143,\"green\":29,\"blue\":29,\"siz\":2},{\"name\":\"\",\"unit\":\"offense\",\"pos\":\"G\",\"num\":\"G\",\"startX\":24.165,\"startY\":65,\"x\":24.165,\"y\":65,\"eligible\":false,\"red\":143,\"green\":29,\"blue\":29,\"siz\":2},{\"name\":\"\",\"unit\":\"offense\",\"pos\":\"C\",\"num\":\"C\",\"startX\":26.665,\"startY\":65,\"x\":26.665,\"y\":65,\"eligible\":false,\"red\":143,\"green\":29,\"blue\":29,\"siz\":2},{\"name\":\"\",\"unit\":\"offense\",\"pos\":\"G\",\"num\":\"G\",\"startX\":29.165,\"startY\":65,\"x\":29.165,\"y\":65,\"eligible\":false,\"red\":143,\"green\":29,\"blue\":29,\"siz\":2},{\"name\":\"\",\"unit\":\"offense\",\"pos\":\"T\",\"num\":\"T\",\"startX\":31.665,\"startY\":65,\"x\":31.665,\"y\":65,\"eligible\":false,\"red\":143,\"green\":29,\"blue\":29,\"siz\":2},{\"name\":\"\",\"unit\":\"offense\",\"pos\":\"QB\",\"num\":12,\"startX\":26.665,\"startY\":62.75,\"x\":26.665,\"y\":62.75,\"eligible\":true,\"red\":212,\"green\":130,\"blue\":130,\"siz\":2},{\"name\":\"\",\"unit\":\"offense\",\"pos\":\"Y\",\"num\":\"Y\",\"startX\":34.10227992957746,\"startY\":65,\"x\":34.10227992957746,\"y\":65,\"eligible\":true,\"red\":255,\"green\":0,\"blue\":0,\"siz\":2},{\"name\":\"\",\"unit\":\"offense\",\"pos\":\"X\",\"num\":\"X\",\"startX\":36.07411091549295,\"startY\":63.20422535211267,\"x\":36.07411091549295,\"y\":63.20422535211267,\"eligible\":true,\"red\":255,\"green\":0,\"blue\":0,\"siz\":2},{\"name\":\"\",\"unit\":\"offense\",\"pos\":\"Z\",\"num\":\"Z\",\"startX\":11.00368838028169,\"startY\":65,\"x\":11.00368838028169,\"y\":65,\"eligible\":true,\"red\":255,\"green\":0,\"blue\":0,\"siz\":2},{\"name\":\"\",\"unit\":\"offense\",\"pos\":\"H\",\"num\":\"H\",\"startX\":26.77833626760563,\"startY\":57.21830985915493,\"x\":26.77833626760563,\"y\":57.21830985915493,\"eligible\":true,\"red\":255,\"green\":0,\"blue\":0,\"siz\":2},{\"name\":\"\",\"unit\":\"offense\",\"pos\":\"F\",\"num\":\"F\",\"startX\":26.707913732394367,\"startY\":59.61267605633803,\"x\":26.707913732394367,\"y\":59.61267605633803,\"eligible\":true,\"red\":255,\"green\":0,\"blue\":0,\"siz\":2}],\"defensivePlayers\":[],\"quarterback\":[{\"name\":\"\",\"unit\":\"offense\",\"pos\":\"QB\",\"num\":12,\"startX\":26.665,\"startY\":62.75,\"x\":26.665,\"y\":62.75,\"eligible\":true,\"red\":212,\"green\":130,\"blue\":130,\"siz\":2}],\"offensiveLinemen\":[{\"name\":\"\",\"unit\":\"offense\",\"pos\":\"T\",\"num\":\"T\",\"startX\":21.665,\"startY\":65,\"x\":21.665,\"y\":65,\"eligible\":false,\"red\":143,\"green\":29,\"blue\":29,\"siz\":2},{\"name\":\"\",\"unit\":\"offense\",\"pos\":\"G\",\"num\":\"G\",\"startX\":24.165,\"startY\":65,\"x\":24.165,\"y\":65,\"eligible\":false,\"red\":143,\"green\":29,\"blue\":29,\"siz\":2},{\"name\":\"\",\"unit\":\"offense\",\"pos\":\"C\",\"num\":\"C\",\"startX\":26.665,\"startY\":65,\"x\":26.665,\"y\":65,\"eligible\":false,\"red\":143,\"green\":29,\"blue\":29,\"siz\":2},{\"name\":\"\",\"unit\":\"offense\",\"pos\":\"G\",\"num\":\"G\",\"startX\":29.165,\"startY\":65,\"x\":29.165,\"y\":65,\"eligible\":false,\"red\":143,\"green\":29,\"blue\":29,\"siz\":2},{\"name\":\"\",\"unit\":\"offense\",\"pos\":\"T\",\"num\":\"T\",\"startX\":31.665,\"startY\":65,\"x\":31.665,\"y\":65,\"eligible\":false,\"red\":143,\"green\":29,\"blue\":29,\"siz\":2}],\"eligibleReceivers\":[]}", "created_at": "2016-08-31T00:11:33.440Z", "updated_at": "2016-09-01T17:44:10.661Z"}}, {"model": "quiz.formation", "pk": 2, "fields": {"name": "Weak RT West", "team": 1, "unit": "offense", "scout": false, "formationJson": "{\"name\":\"Weak RT West\",\"team\":\"1\",\"unit\":\"offense\",\"offensivePlayers\":[{\"name\":\"\",\"unit\":\"offense\",\"pos\":\"T\",\"num\":\"T\",\"startX\":21.665,\"startY\":65,\"x\":21.665,\"y\":65,\"eligible\":false,\"red\":143,\"green\":29,\"blue\":29,\"siz\":2},{\"name\":\"\",\"unit\":\"offense\",\"pos\":\"G\",\"num\":\"G\",\"startX\":24.165,\"startY\":65,\"x\":24.165,\"y\":65,\"eligible\":false,\"red\":143,\"green\":29,\"blue\":29,\"siz\":2},{\"name\":\"\",\"unit\":\"offense\",\"pos\":\"C\",\"num\":\"C\",\"startX\":26.665,\"startY\":65,\"x\":26.665,\"y\":65,\"eligible\":false,\"red\":143,\"green\":29,\"blue\":29,\"siz\":2},{\"name\":\"\",\"unit\":\"offense\",\"pos\":\"G\",\"num\":\"G\",\"startX\":29.165,\"startY\":65,\"x\":29.165,\"y\":65,\"eligible\":false,\"red\":143,\"green\":29,\"blue\":29,\"siz\":2},{\"name\":\"\",\"unit\":\"offense\",\"pos\":\"T\",\"num\":\"T\",\"startX\":31.665,\"startY\":65,\"x\":31.665,\"y\":65,\"eligible\":false,\"red\":143,\"green\":29,\"blue\":29,\"siz\":2},{\"name\":\"\",\"unit\":\"offense\",\"pos\":\"QB\",\"num\":12,\"startX\":26.665,\"startY\":62.75,\"x\":26.665,\"y\":62.75,\"eligible\":true,\"red\":212,\"green\":130,\"blue\":130,\"siz\":2},{\"name\":\"\",\"unit\":\"offense\",\"pos\":\"Y\",\"num\":\"Y\",\"startX\":34.10227992957746,\"startY\":65,\"x\":34.10227992957746,\"y\":65,\"eligible\":true,\"red\":255,\"green\":0,\"blue\":0,\"siz\":2},{\"name\":\"\",\"unit\":\"offense\",\"pos\":\"X\",\"num\":\"X\",\"startX\":36.07411091549295,\"startY\":63.20422535211267,\"x\":36.07411091549295,\"y\":63.20422535211267,\"eligible\":true,\"red\":255,\"green\":0,\"blue\":0,\"siz\":2},{\"name\":\"\",\"unit\":\"offense\",\"pos\":\"Z\",\"num\":\"Z\",\"startX\":11.00368838028169,\"startY\":65,\"x\":11.00368838028169,\"y\":65,\"eligible\":true,\"red\":255,\"green\":0,\"blue\":0,\"siz\":2},{\"name\":\"\",\"unit\":\"offense\",\"pos\":\"H\",\"num\":\"H\",\"startX\":26.77833626760563,\"startY\":57.21830985915493,\"x\":26.77833626760563,\"y\":57.21830985915493,\"eligible\":true,\"red\":255,\"green\":0,\"blue\":0,\"siz\":2},{\"name\":\"\",\"unit\":\"offense\",\"pos\":\"F\",\"num\":\"F\",\"startX\":23.60932218309859,\"startY\":59.47183098591549,\"x\":23.60932218309859,\"y\":59.47183098591549,\"eligible\":true,\"red\":255,\"green\":0,\"blue\":0,\"siz\":2}],\"defensivePlayers\":[],\"quarterback\":[{\"name\":\"\",\"unit\":\"offense\",\"pos\":\"QB\",\"num\":12,\"startX\":26.665,\"startY\":62.75,\"x\":26.665,\"y\":62.75,\"eligible\":true,\"red\":212,\"green\":130,\"blue\":130,\"siz\":2}],\"offensiveLinemen\":[{\"name\":\"\",\"unit\":\"offense\",\"pos\":\"T\",\"num\":\"T\",\"startX\":21.665,\"startY\":65,\"x\":21.665,\"y\":65,\"eligible\":false,\"red\":143,\"green\":29,\"blue\":29,\"siz\":2},{\"name\":\"\",\"unit\":\"offense\",\"pos\":\"G\",\"num\":\"G\",\"startX\":24.165,\"startY\":65,\"x\":24.165,\"y\":65,\"eligible\":false,\"red\":143,\"green\":29,\"blue\":29,\"siz\":2},{\"name\":\"\",\"unit\":\"offense\",\"pos\":\"C\",\"num\":\"C\",\"startX\":26.665,\"startY\":65,\"x\":26.665,\"y\":65,\"eligible\":false,\"red\":143,\"green\":29,\"blue\":29,\"siz\":2},{\"name\":\"\",\"unit\":\"offense\",\"pos\":\"G\",\"num\":\"G\",\"startX\":29.165,\"startY\":65,\"x\":29.165,\"y\":65,\"eligible\":false,\"red\":143,\"green\":29,\"blue\":29,\"siz\":2},{\"name\":\"\",\"unit\":\"offense\",\"pos\":\"T\",\"num\":\"T\",\"startX\":31.665,\"startY\":65,\"x\":31.665,\"y\":65,\"eligible\":false,\"red\":143,\"green\":29,\"blue\":29,\"siz\":2}],\"eligibleReceivers\":[]}", "created_at": "2016-08-31T00:12:15.166Z", "updated_at": "2016-08-31T00:12:15.166Z"}}, {"model": "quiz.formation", "pk": 3, "fields": {"name": "Weak RT", "team": 1, "unit": "offense", "scout": false, "formationJson": "{\"name\":\"Weak RT\",\"team\":\"1\",\"unit\":\"offense\",\"offensivePlayers\":[{\"name\":\"\",\"unit\":\"offense\",\"pos\":\"T\",\"num\":\"T\",\"startX\":21.665,\"startY\":65,\"x\":21.665,\"y\":65,\"eligible\":false,\"red\":143,\"green\":29,\"blue\":29,\"siz\":2},{\"name\":\"\",\"unit\":\"offense\",\"pos\":\"G\",\"num\":\"G\",\"startX\":24.165,\"startY\":65,\"x\":24.165,\"y\":65,\"eligible\":false,\"red\":143,\"green\":29,\"blue\":29,\"siz\":2},{\"name\":\"\",\"unit\":\"offense\",\"pos\":\"C\",\"num\":\"C\",\"startX\":26.665,\"startY\":65,\"x\":26.665,\"y\":65,\"eligible\":false,\"red\":143,\"green\":29,\"blue\":29,\"siz\":2},{\"name\":\"\",\"unit\":\"offense\",\"pos\":\"G\",\"num\":\"G\",\"startX\":29.165,\"startY\":65,\"x\":29.165,\"y\":65,\"eligible\":false,\"red\":143,\"green\":29,\"blue\":29,\"siz\":2},{\"name\":\"\",\"unit\":\"offense\",\"pos\":\"T\",\"num\":\"T\",\"startX\":31.665,\"startY\":65,\"x\":31.665,\"y\":65,\"eligible\":false,\"red\":143,\"green\":29,\"blue\":29,\"siz\":2},{\"name\":\"\",\"unit\":\"offense\",\"pos\":\"QB\",\"num\":12,\"startX\":26.665,\"startY\":62.75,\"x\":26.665,\"y\":62.75,\"eligible\":true,\"red\":212,\"green\":130,\"blue\":130,\"siz\":2},{\"name\":\"\",\"unit\":\"offense\",\"pos\":\"Y\",\"num\":\"Y\",\"startX\":34.10227992957746,\"startY\":65,\"x\":34.10227992957746,\"y\":65,\"eligible\":true,\"red\":255,\"green\":0,\"blue\":0,\"siz\":2},{\"name\":\"\",\"unit\":\"offense\",\"pos\":\"X\",\"num\":\"X\",\"startX\":11.848758802816901,\"startY\":65,\"x\":11.848758802816901,\"y\":65,\"eligible\":true,\"red\":255,\"green\":0,\"blue\":0,\"siz\":2},{\"name\":\"\",\"unit\":\"offense\",\"pos\":\"Z\",\"num\":\"Z\",\"startX\":44.595237676056335,\"startY\":62.9225352112676,\"x\":44.595237676056335,\"y\":62.9225352112676,\"eligible\":true,\"red\":255,\"green\":0,\"blue\":0,\"siz\":2},{\"name\":\"\",\"unit\":\"offense\",\"pos\":\"H\",\"num\":\"H\",\"startX\":26.77833626760563,\"startY\":57.21830985915493,\"x\":26.77833626760563,\"y\":57.21830985915493,\"eligible\":true,\"red\":255,\"green\":0,\"blue\":0,\"siz\":2},{\"name\":\"\",\"unit\":\"offense\",\"pos\":\"F\",\"num\":\"F\",\"startX\":23.60932218309859,\"startY\":59.47183098591549,\"x\":23.60932218309859,\"y\":59.47183098591549,\"eligible\":true,\"red\":255,\"green\":0,\"blue\":0,\"siz\":2}],\"defensivePlayers\":[],\"quarterback\":[{\"name\":\"\",\"unit\":\"offense\",\"pos\":\"QB\",\"num\":12,\"startX\":26.665,\"startY\":62.75,\"x\":26.665,\"y\":62.75,\"eligible\":true,\"red\":212,\"green\":130,\"blue\":130,\"siz\":2}],\"offensiveLinemen\":[{\"name\":\"\",\"unit\":\"offense\",\"pos\":\"T\",\"num\":\"T\",\"startX\":21.665,\"startY\":65,\"x\":21.665,\"y\":65,\"eligible\":false,\"red\":143,\"green\":29,\"blue\":29,\"siz\":2},{\"name\":\"\",\"unit\":\"offense\",\"pos\":\"G\",\"num\":\"G\",\"startX\":24.165,\"startY\":65,\"x\":24.165,\"y\":65,\"eligible\":false,\"red\":143,\"green\":29,\"blue\":29,\"siz\":2},{\"name\":\"\",\"unit\":\"offense\",\"pos\":\"C\",\"num\":\"C\",\"startX\":26.665,\"startY\":65,\"x\":26.665,\"y\":65,\"eligible\":false,\"red\":143,\"green\":29,\"blue\":29,\"siz\":2},{\"name\":\"\",\"unit\":\"offense\",\"pos\":\"G\",\"num\":\"G\",\"startX\":29.165,\"startY\":65,\"x\":29.165,\"y\":65,\"eligible\":false,\"red\":143,\"green\":29,\"blue\":29,\"siz\":2},{\"name\":\"\",\"unit\":\"offense\",\"pos\":\"T\",\"num\":\"T\",\"startX\":31.665,\"startY\":65,\"x\":31.665,\"y\":65,\"eligible\":false,\"red\":143,\"green\":29,\"blue\":29,\"siz\":2}],\"eligibleReceivers\":[]}", "created_at": "2016-08-31T00:13:16.284Z", "updated_at": "2016-08-31T00:13:16.284Z"}}, {"model": "quiz.formation", "pk": 4, "fields": {"name": "Green RT", "team": 1, "unit": "offense", "scout": false, "formationJson": "{\"name\":\"Green RT\",\"team\":\"1\",\"unit\":\"offense\",\"offensivePlayers\":[{\"name\":\"\",\"unit\":\"offense\",\"pos\":\"T\",\"num\":\"T\",\"startX\":21.665,\"startY\":65,\"x\":21.665,\"y\":65,\"eligible\":false,\"red\":143,\"green\":29,\"blue\":29,\"siz\":2},{\"name\":\"\",\"unit\":\"offense\",\"pos\":\"G\",\"num\":\"G\",\"startX\":24.165,\"startY\":65,\"x\":24.165,\"y\":65,\"eligible\":false,\"red\":143,\"green\":29,\"blue\":29,\"siz\":2},{\"name\":\"\",\"unit\":\"offense\",\"pos\":\"C\",\"num\":\"C\",\"startX\":26.665,\"startY\":65,\"x\":26.665,\"y\":65,\"eligible\":false,\"red\":143,\"green\":29,\"blue\":29,\"siz\":2},{\"name\":\"\",\"unit\":\"offense\",\"pos\":\"G\",\"num\":\"G\",\"startX\":29.165,\"startY\":65,\"x\":29.165,\"y\":65,\"eligible\":false,\"red\":143,\"green\":29,\"blue\":29,\"siz\":2},{\"name\":\"\",\"unit\":\"offense\",\"pos\":\"T\",\"num\":\"T\",\"startX\":31.665,\"startY\":65,\"x\":31.665,\"y\":65,\"eligible\":false,\"red\":143,\"green\":29,\"blue\":29,\"siz\":2},{\"name\":\"\",\"unit\":\"offense\",\"pos\":\"QB\",\"num\":12,\"startX\":26.665,\"startY\":62.75,\"x\":26.665,\"y\":62.75,\"eligible\":true,\"red\":212,\"green\":130,\"blue\":130,\"siz\":2},{\"name\":\"\",\"unit\":\"offense\",\"pos\":\"Y\",\"num\":\"Y\",\"startX\":34.10227992957746,\"startY\":65,\"x\":34.10227992957746,\"y\":65,\"eligible\":true,\"red\":255,\"green\":0,\"blue\":0,\"siz\":2},{\"name\":\"\",\"unit\":\"offense\",\"pos\":\"X\",\"num\":\"X\",\"startX\":11.848758802816901,\"startY\":65,\"x\":11.848758802816901,\"y\":65,\"eligible\":true,\"red\":255,\"green\":0,\"blue\":0,\"siz\":2},{\"name\":\"\",\"unit\":\"offense\",\"pos\":\"Z\",\"num\":\"Z\",\"startX\":41.56706866197183,\"startY\":63.274647887323944,\"x\":41.56706866197183,\"y\":63.274647887323944,\"eligible\":true,\"red\":255,\"green\":0,\"blue\":0,\"siz\":2},{\"name\":\"\",\"unit\":\"offense\",\"pos\":\"H\",\"num\":\"H\",\"startX\":26.77833626760563,\"startY\":57.21830985915493,\"x\":26.77833626760563,\"y\":57.21830985915493,\"eligible\":true,\"red\":255,\"green\":0,\"blue\":0,\"siz\":2},{\"name\":\"\",\"unit\":\"offense\",\"pos\":\"F\",\"num\":\"F\",\"startX\":26.707913732394367,\"startY\":59.61267605633803,\"x\":26.707913732394367,\"y\":59.61267605633803,\"eligible\":true,\"red\":255,\"green\":0,\"blue\":0,\"siz\":2}],\"defensivePlayers\":[],\"quarterback\":[{\"name\":\"\",\"unit\":\"offense\",\"pos\":\"QB\",\"num\":12,\"startX\":26.665,\"startY\":62.75,\"x\":26.665,\"y\":62.75,\"eligible\":true,\"red\":212,\"green\":130,\"blue\":130,\"siz\":2}],\"offensiveLinemen\":[{\"name\":\"\",\"unit\":\"offense\",\"pos\":\"T\",\"num\":\"T\",\"startX\":21.665,\"startY\":65,\"x\":21.665,\"y\":65,\"eligible\":false,\"red\":143,\"green\":29,\"blue\":29,\"siz\":2},{\"name\":\"\",\"unit\":\"offense\",\"pos\":\"G\",\"num\":\"G\",\"startX\":24.165,\"startY\":65,\"x\":24.165,\"y\":65,\"eligible\":false,\"red\":143,\"green\":29,\"blue\":29,\"siz\":2},{\"name\":\"\",\"unit\":\"offense\",\"pos\":\"C\",\"num\":\"C\",\"startX\":26.665,\"startY\":65,\"x\":26.665,\"y\":65,\"eligible\":false,\"red\":143,\"green\":29,\"blue\":29,\"siz\":2},{\"name\":\"\",\"unit\":\"offense\",\"pos\":\"G\",\"num\":\"G\",\"startX\":29.165,\"startY\":65,\"x\":29.165,\"y\":65,\"eligible\":false,\"red\":143,\"green\":29,\"blue\":29,\"siz\":2},{\"name\":\"\",\"unit\":\"offense\",\"pos\":\"T\",\"num\":\"T\",\"startX\":31.665,\"startY\":65,\"x\":31.665,\"y\":65,\"eligible\":false,\"red\":143,\"green\":29,\"blue\":29,\"siz\":2}],\"eligibleReceivers\":[]}", "created_at": "2016-08-31T00:15:07.213Z", "updated_at": "2016-08-31T00:15:07.213Z"}}, {"model": "quiz.formation", "pk": 5, "fields": {"name": "West RT Tite", "team": 1, "unit": "offense", "scout": false, "formationJson": "{\"name\":\"West RT Tite\",\"team\":\"1\",\"unit\":\"offense\",\"offensivePlayers\":[{\"name\":\"\",\"unit\":\"offense\",\"pos\":\"T\",\"num\":\"T\",\"startX\":21.665,\"startY\":65,\"x\":21.665,\"y\":65,\"eligible\":false,\"red\":143,\"green\":29,\"blue\":29,\"siz\":2},{\"name\":\"\",\"unit\":\"offense\",\"pos\":\"G\",\"num\":\"G\",\"startX\":24.165,\"startY\":65,\"x\":24.165,\"y\":65,\"eligible\":false,\"red\":143,\"green\":29,\"blue\":29,\"siz\":2},{\"name\":\"\",\"unit\":\"offense\",\"pos\":\"C\",\"num\":\"C\",\"startX\":26.665,\"startY\":65,\"x\":26.665,\"y\":65,\"eligible\":false,\"red\":143,\"green\":29,\"blue\":29,\"siz\":2},{\"name\":\"\",\"unit\":\"offense\",\"pos\":\"G\",\"num\":\"G\",\"startX\":29.165,\"startY\":65,\"x\":29.165,\"y\":65,\"eligible\":false,\"red\":143,\"green\":29,\"blue\":29,\"siz\":2},{\"name\":\"\",\"unit\":\"offense\",\"pos\":\"T\",\"num\":\"T\",\"startX\":31.665,\"startY\":65,\"x\":31.665,\"y\":65,\"eligible\":false,\"red\":143,\"green\":29,\"blue\":29,\"siz\":2},{\"name\":\"\",\"unit\":\"offense\",\"pos\":\"QB\",\"num\":12,\"startX\":26.665,\"startY\":62.75,\"x\":26.665,\"y\":62.75,\"eligible\":true,\"red\":212,\"green\":130,\"blue\":130,\"siz\":2},{\"name\":\"\",\"unit\":\"offense\",\"pos\":\"Y\",\"num\":\"Y\",\"startX\":34.10227992957746,\"startY\":65,\"x\":34.10227992957746,\"y\":65,\"eligible\":true,\"red\":255,\"green\":0,\"blue\":0,\"siz\":2},{\"name\":\"\",\"unit\":\"offense\",\"pos\":\"F\",\"num\":\"F\",\"startX\":36.28537852112676,\"startY\":63.274647887323944,\"x\":36.28537852112676,\"y\":63.274647887323944,\"eligible\":true,\"red\":255,\"green\":0,\"blue\":0,\"siz\":2},{\"name\":\"\",\"unit\":\"offense\",\"pos\":\"Z\",\"num\":\"Z\",\"startX\":44.73608274647887,\"startY\":63.274647887323944,\"x\":44.73608274647887,\"y\":63.274647887323944,\"eligible\":true,\"red\":255,\"green\":0,\"blue\":0,\"siz\":2},{\"name\":\"\",\"unit\":\"offense\",\"pos\":\"X\",\"num\":\"X\",\"startX\":19.313547535211267,\"startY\":65,\"x\":19.313547535211267,\"y\":65,\"eligible\":true,\"red\":255,\"green\":0,\"blue\":0,\"siz\":2},{\"name\":\"\",\"unit\":\"offense\",\"pos\":\"H\",\"num\":\"H\",\"startX\":26.6374911971831,\"startY\":58.41549295774648,\"x\":26.6374911971831,\"y\":58.41549295774648,\"eligible\":true,\"red\":255,\"green\":0,\"blue\":0,\"siz\":2}],\"defensivePlayers\":[],\"quarterback\":[{\"name\":\"\",\"unit\":\"offense\",\"pos\":\"QB\",\"num\":12,\"startX\":26.665,\"startY\":62.75,\"x\":26.665,\"y\":62.75,\"eligible\":true,\"red\":212,\"green\":130,\"blue\":130,\"siz\":2}],\"offensiveLinemen\":[{\"name\":\"\",\"unit\":\"offense\",\"pos\":\"T\",\"num\":\"T\",\"startX\":21.665,\"startY\":65,\"x\":21.665,\"y\":65,\"eligible\":false,\"red\":143,\"green\":29,\"blue\":29,\"siz\":2},{\"name\":\"\",\"unit\":\"offense\",\"pos\":\"G\",\"num\":\"G\",\"startX\":24.165,\"startY\":65,\"x\":24.165,\"y\":65,\"eligible\":false,\"red\":143,\"green\":29,\"blue\":29,\"siz\":2},{\"name\":\"\",\"unit\":\"offense\",\"pos\":\"C\",\"num\":\"C\",\"startX\":26.665,\"startY\":65,\"x\":26.665,\"y\":65,\"eligible\":false,\"red\":143,\"green\":29,\"blue\":29,\"siz\":2},{\"name\":\"\",\"unit\":\"offense\",\"pos\":\"G\",\"num\":\"G\",\"startX\":29.165,\"startY\":65,\"x\":29.165,\"y\":65,\"eligible\":false,\"red\":143,\"green\":29,\"blue\":29,\"siz\":2},{\"name\":\"\",\"unit\":\"offense\",\"pos\":\"T\",\"num\":\"T\",\"startX\":31.665,\"startY\":65,\"x\":31.665,\"y\":65,\"eligible\":false,\"red\":143,\"green\":29,\"blue\":29,\"siz\":2}],\"eligibleReceivers\":[]}", "created_at": "2016-08-31T00:16:42.864Z", "updated_at": "2016-08-31T00:16:42.864Z"}}, {"model": "quiz.formation", "pk": 7, "fields": {"name": "4-3", "team": 1, "unit": "offense", "scout": true, "formationJson": "{\"name\":\"4-3\",\"team\":\"1\",\"unit\":\"offense\",\"offensivePlayers\":[],\"defensivePlayers\":[{\"name\":\"\",\"unit\":\"defense\",\"pos\":\"DL\",\"num\":\"DL\",\"startX\":32.030589488636366,\"startY\":67.06818181818181,\"x\":32.030589488636366,\"y\":67.06818181818181,\"eligible\":false,\"red\":0,\"green\":0,\"blue\":0,\"siz\":2},{\"name\":\"\",\"unit\":\"defense\",\"pos\":\"DL\",\"num\":\"DL\",\"startX\":21.61013494318182,\"startY\":67,\"x\":21.61013494318182,\"y\":67,\"eligible\":false,\"red\":0,\"green\":0,\"blue\":0,\"siz\":2},{\"name\":\"\",\"unit\":\"defense\",\"pos\":\"LB\",\"num\":\"LB\",\"startX\":26.70104403409091,\"startY\":70.88636363636364,\"x\":26.70104403409091,\"y\":70.88636363636364,\"eligible\":false,\"red\":0,\"green\":0,\"blue\":0,\"siz\":2},{\"name\":\"\",\"unit\":\"defense\",\"pos\":\"LB\",\"num\":\"LB\",\"startX\":22.564680397727273,\"startY\":70.56818181818181,\"x\":22.564680397727273,\"y\":70.56818181818181,\"eligible\":false,\"red\":0,\"green\":0,\"blue\":0,\"siz\":2},{\"name\":\"\",\"unit\":\"defense\",\"pos\":\"LB\",\"num\":\"LB\",\"startX\":30.598771306818183,\"startY\":70.64772727272728,\"x\":30.598771306818183,\"y\":70.64772727272728,\"eligible\":false,\"red\":0,\"green\":0,\"blue\":0,\"siz\":2},{\"name\":\"\",\"unit\":\"defense\",\"pos\":\"DB\",\"num\":\"DB\",\"startX\":41.49649857954545,\"startY\":68.81818181818181,\"x\":41.49649857954545,\"y\":68.81818181818181,\"eligible\":false,\"red\":0,\"green\":0,\"blue\":0,\"siz\":2},{\"name\":\"\",\"unit\":\"defense\",\"pos\":\"DB\",\"num\":\"DB\",\"startX\":11.507862215909089,\"startY\":68.57954545454545,\"x\":11.507862215909089,\"y\":68.57954545454545,\"eligible\":false,\"red\":0,\"green\":0,\"blue\":0,\"siz\":2},{\"name\":\"\",\"unit\":\"defense\",\"pos\":\"DB\",\"num\":\"DB\",\"startX\":32.18968039772727,\"startY\":74.22727272727272,\"x\":32.18968039772727,\"y\":74.22727272727272,\"eligible\":false,\"red\":0,\"green\":0,\"blue\":0,\"siz\":2},{\"name\":\"\",\"unit\":\"defense\",\"pos\":\"DB\",\"num\":\"DB\",\"startX\":23.757862215909093,\"startY\":77.17045454545455,\"x\":23.757862215909093,\"y\":77.17045454545455,\"eligible\":false,\"red\":0,\"green\":0,\"blue\":0,\"siz\":2},{\"name\":\"\",\"unit\":\"defense\",\"pos\":\"DL\",\"num\":\"DL\",\"startX\":24.951044034090906,\"startY\":67,\"x\":24.951044034090906,\"y\":67,\"eligible\":false,\"red\":0,\"green\":0,\"blue\":0,\"siz\":2},{\"name\":\"\",\"unit\":\"defense\",\"pos\":\"DL\",\"num\":\"DL\",\"startX\":28.769225852272726,\"startY\":67,\"x\":28.769225852272726,\"y\":67,\"eligible\":false,\"red\":0,\"green\":0,\"blue\":0,\"siz\":2}],\"quarterback\":[],\"offensiveLinemen\":[],\"eligibleReceivers\":[]}", "created_at": "2016-09-01T17:07:15.690Z", "updated_at": "2016-09-01T17:42:48.966Z"}}, {"model": "quiz.formation", "pk": 8, "fields": {"name": "3-4", "team": 1, "unit": "offense", "scout": true, "formationJson": "{\"name\":\"3-4\",\"team\":\"1\",\"unit\":\"offense\",\"offensivePlayers\":[],\"defensivePlayers\":[{\"name\":\"\",\"unit\":\"defense\",\"pos\":\"DL\",\"num\":\"DL\",\"startX\":24.314680397727273,\"startY\":67,\"x\":24.314680397727273,\"y\":67,\"eligible\":false,\"red\":0,\"green\":0,\"blue\":0,\"siz\":2},{\"name\":\"\",\"unit\":\"defense\",\"pos\":\"LB\",\"num\":\"LB\",\"startX\":23.916953125,\"startY\":71.20454545454545,\"x\":23.916953125,\"y\":71.20454545454545,\"eligible\":false,\"red\":0,\"green\":0,\"blue\":0,\"siz\":2},{\"name\":\"\",\"unit\":\"defense\",\"pos\":\"LB\",\"num\":\"LB\",\"startX\":19.22377130681818,\"startY\":69.69318181818181,\"x\":19.22377130681818,\"y\":69.69318181818181,\"eligible\":false,\"red\":0,\"green\":0,\"blue\":0,\"siz\":2},{\"name\":\"\",\"unit\":\"defense\",\"pos\":\"LB\",\"num\":\"LB\",\"startX\":28.689680397727273,\"startY\":71.20454545454545,\"x\":28.689680397727273,\"y\":71.20454545454545,\"eligible\":false,\"red\":0,\"green\":0,\"blue\":0,\"siz\":2},{\"name\":\"\",\"unit\":\"defense\",\"pos\":\"DB\",\"num\":\"DB\",\"startX\":41.49649857954545,\"startY\":68.81818181818181,\"x\":41.49649857954545,\"y\":68.81818181818181,\"eligible\":false,\"red\":0,\"green\":0,\"blue\":0,\"siz\":2},{\"name\":\"\",\"unit\":\"defense\",\"pos\":\"DB\",\"num\":\"DB\",\"startX\":11.507862215909089,\"startY\":68.57954545454545,\"x\":11.507862215909089,\"y\":68.57954545454545,\"eligible\":false,\"red\":0,\"green\":0,\"blue\":0,\"siz\":2},{\"name\":\"\",\"unit\":\"defense\",\"pos\":\"DB\",\"num\":\"DB\",\"startX\":30.598771306818183,\"startY\":75.3409090909091,\"x\":30.598771306818183,\"y\":75.3409090909091,\"eligible\":false,\"red\":0,\"green\":0,\"blue\":0,\"siz\":2},{\"name\":\"\",\"unit\":\"defense\",\"pos\":\"DB\",\"num\":\"DB\",\"startX\":23.757862215909093,\"startY\":77.17045454545455,\"x\":23.757862215909093,\"y\":77.17045454545455,\"eligible\":false,\"red\":0,\"green\":0,\"blue\":0,\"siz\":2},{\"name\":\"\",\"unit\":\"defense\",\"pos\":\"DL\",\"num\":\"DL\",\"startX\":27.973771306818183,\"startY\":67,\"x\":27.973771306818183,\"y\":67,\"eligible\":false,\"red\":0,\"green\":0,\"blue\":0,\"siz\":2},{\"name\":\"\",\"unit\":\"defense\",\"pos\":\"DL\",\"num\":\"DL\",\"startX\":32.030589488636366,\"startY\":67,\"x\":32.030589488636366,\"y\":67,\"eligible\":false,\"red\":0,\"green\":0,\"blue\":0,\"siz\":2},{\"name\":\"\",\"unit\":\"defense\",\"pos\":\"LB\",\"num\":\"LB\",\"startX\":32.98513494318182,\"startY\":71.125,\"x\":32.98513494318182,\"y\":71.125,\"eligible\":false,\"red\":0,\"green\":0,\"blue\":0,\"siz\":2}],\"quarterback\":[],\"offensiveLinemen\":[],\"eligibleReceivers\":[]}", "created_at": "2016-09-01T17:10:16.106Z", "updated_at": "2016-09-01T17:42:54.835Z"}}, {"model": "quiz.formation", "pk": 9, "fields": {"name": "Nickel", "team": 1, "unit": "offense", "scout": true, "formationJson": "{\"name\":\"Nickel\",\"team\":\"1\",\"unit\":\"offense\",\"offensivePlayers\":[],\"defensivePlayers\":[{\"name\":\"\",\"unit\":\"defense\",\"pos\":\"DL\",\"num\":\"DL\",\"startX\":24.871498579545452,\"startY\":67,\"x\":24.871498579545452,\"y\":67,\"eligible\":false,\"red\":0,\"green\":0,\"blue\":0,\"siz\":2},{\"name\":\"\",\"unit\":\"defense\",\"pos\":\"LB\",\"num\":\"LB\",\"startX\":23.041953125,\"startY\":71.20454545454545,\"x\":23.041953125,\"y\":71.20454545454545,\"eligible\":false,\"red\":0,\"green\":0,\"blue\":0,\"siz\":2},{\"name\":\"\",\"unit\":\"defense\",\"pos\":\"DB\",\"num\":\"DB\",\"startX\":46.666953125,\"startY\":67.7840909090909,\"x\":46.666953125,\"y\":67.7840909090909,\"eligible\":false,\"red\":0,\"green\":0,\"blue\":0,\"siz\":2},{\"name\":\"\",\"unit\":\"defense\",\"pos\":\"DB\",\"num\":\"DB\",\"startX\":10.712407670454544,\"startY\":68.42045454545455,\"x\":10.712407670454544,\"y\":68.42045454545455,\"eligible\":false,\"red\":0,\"green\":0,\"blue\":0,\"siz\":2},{\"name\":\"\",\"unit\":\"defense\",\"pos\":\"DB\",\"num\":\"DB\",\"startX\":28.45104403409091,\"startY\":77.4090909090909,\"x\":28.45104403409091,\"y\":77.4090909090909,\"eligible\":false,\"red\":0,\"green\":0,\"blue\":0,\"siz\":2},{\"name\":\"\",\"unit\":\"defense\",\"pos\":\"DB\",\"num\":\"DB\",\"startX\":19.86013494318182,\"startY\":75.3409090909091,\"x\":19.86013494318182,\"y\":75.3409090909091,\"eligible\":false,\"red\":0,\"green\":0,\"blue\":0,\"siz\":2},{\"name\":\"\",\"unit\":\"defense\",\"pos\":\"DL\",\"num\":\"DL\",\"startX\":28.689680397727273,\"startY\":67,\"x\":28.689680397727273,\"y\":67,\"eligible\":false,\"red\":0,\"green\":0,\"blue\":0,\"siz\":2},{\"name\":\"\",\"unit\":\"defense\",\"pos\":\"DL\",\"num\":\"DL\",\"startX\":31.791953125,\"startY\":67,\"x\":31.791953125,\"y\":67,\"eligible\":false,\"red\":0,\"green\":0,\"blue\":0,\"siz\":2},{\"name\":\"\",\"unit\":\"defense\",\"pos\":\"LB\",\"num\":\"LB\",\"startX\":29.32604403409091,\"startY\":71.2840909090909,\"x\":29.32604403409091,\"y\":71.2840909090909,\"eligible\":false,\"red\":0,\"green\":0,\"blue\":0,\"siz\":2},{\"name\":\"\",\"unit\":\"defense\",\"pos\":\"DL\",\"num\":\"DL\",\"startX\":21.769225852272726,\"startY\":67,\"x\":21.769225852272726,\"y\":67,\"eligible\":false,\"red\":0,\"green\":0,\"blue\":0,\"siz\":2},{\"name\":\"\",\"unit\":\"defense\",\"pos\":\"DB\",\"num\":\"DB\",\"startX\":39.82604403409091,\"startY\":70.32954545454545,\"x\":39.82604403409091,\"y\":70.32954545454545,\"eligible\":false,\"red\":0,\"green\":0,\"blue\":0,\"siz\":2}],\"quarterback\":[],\"offensiveLinemen\":[],\"eligibleReceivers\":[]}", "created_at": "2016-09-01T17:12:03.102Z", "updated_at": "2016-09-01T17:12:03.102Z"}}, {"model": "quiz.formation", "pk": 10, "fields": {"name": "Dime", "team": 1, "unit": "offense", "scout": true, "formationJson": "{\"name\":\"Dime\",\"team\":\"1\",\"unit\":\"offense\",\"offensivePlayers\":[],\"defensivePlayers\":[{\"name\":\"\",\"unit\":\"defense\",\"pos\":\"DL\",\"num\":\"DL\",\"startX\":24.871498579545452,\"startY\":67,\"x\":24.871498579545452,\"y\":67,\"eligible\":false,\"red\":0,\"green\":0,\"blue\":0,\"siz\":2},{\"name\":\"\",\"unit\":\"defense\",\"pos\":\"DB\",\"num\":\"DB\",\"startX\":46.666953125,\"startY\":67.7840909090909,\"x\":46.666953125,\"y\":67.7840909090909,\"eligible\":false,\"red\":0,\"green\":0,\"blue\":0,\"siz\":2},{\"name\":\"\",\"unit\":\"defense\",\"pos\":\"DB\",\"num\":\"DB\",\"startX\":6.894225852272726,\"startY\":68.18181818181819,\"x\":6.894225852272726,\"y\":68.18181818181819,\"eligible\":false,\"red\":0,\"green\":0,\"blue\":0,\"siz\":2},{\"name\":\"\",\"unit\":\"defense\",\"pos\":\"DB\",\"num\":\"DB\",\"startX\":30.439680397727273,\"startY\":76.85227272727273,\"x\":30.439680397727273,\"y\":76.85227272727273,\"eligible\":false,\"red\":0,\"green\":0,\"blue\":0,\"siz\":2},{\"name\":\"\",\"unit\":\"defense\",\"pos\":\"DB\",\"num\":\"DB\",\"startX\":14.769225852272726,\"startY\":70.72727272727272,\"x\":14.769225852272726,\"y\":70.72727272727272,\"eligible\":false,\"red\":0,\"green\":0,\"blue\":0,\"siz\":2},{\"name\":\"\",\"unit\":\"defense\",\"pos\":\"DL\",\"num\":\"DL\",\"startX\":28.689680397727273,\"startY\":67,\"x\":28.689680397727273,\"y\":67,\"eligible\":false,\"red\":0,\"green\":0,\"blue\":0,\"siz\":2},{\"name\":\"\",\"unit\":\"defense\",\"pos\":\"DL\",\"num\":\"DL\",\"startX\":31.791953125,\"startY\":67,\"x\":31.791953125,\"y\":67,\"eligible\":false,\"red\":0,\"green\":0,\"blue\":0,\"siz\":2},{\"name\":\"\",\"unit\":\"defense\",\"pos\":\"LB\",\"num\":\"LB\",\"startX\":26.860134943181816,\"startY\":71.76136363636364,\"x\":26.860134943181816,\"y\":71.76136363636364,\"eligible\":false,\"red\":0,\"green\":0,\"blue\":0,\"siz\":2},{\"name\":\"\",\"unit\":\"defense\",\"pos\":\"DL\",\"num\":\"DL\",\"startX\":21.769225852272726,\"startY\":67,\"x\":21.769225852272726,\"y\":67,\"eligible\":false,\"red\":0,\"green\":0,\"blue\":0,\"siz\":2},{\"name\":\"\",\"unit\":\"defense\",\"pos\":\"DB\",\"num\":\"DB\",\"startX\":39.82604403409091,\"startY\":70.32954545454545,\"x\":39.82604403409091,\"y\":70.32954545454545,\"eligible\":false,\"red\":0,\"green\":0,\"blue\":0,\"siz\":2},{\"name\":\"\",\"unit\":\"defense\",\"pos\":\"DB\",\"num\":\"DB\",\"startX\":22.962407670454546,\"startY\":76.69318181818181,\"x\":22.962407670454546,\"y\":76.69318181818181,\"eligible\":false,\"red\":0,\"green\":0,\"blue\":0,\"siz\":2}],\"quarterback\":[],\"offensiveLinemen\":[],\"eligibleReceivers\":[]}", "created_at": "2016-09-01T17:12:33.180Z", "updated_at": "2016-09-01T17:44:07.245Z"}}, {"model": "quiz.position", "pk": 34, "fields": {"startX": 14.4490073529412, "startY": 72.9411764705882, "name": "Z", "formation": null, "routeCoordinates": "[[14.4490073529412, 72.9411764705882]]", "runCoordinates": null, "blockingCoordinates": null, "motionCoordinates": "[]", "progressionRank": 0, "playerIndex": null, "routeNum": null, "blocker": false, "runner": false, "CBAssignmentPlayerID": null, "CBAssignmentPlayerIndex": null, "CBAssignmentPlayerPosition": null, "zoneYardX": null, "zoneYardY": null, "zoneHeight": null, "zoneWidth": null, "gapYardX": null, "gapYardY": null, "blockingAssignmentPlayerIndex": null, "blockingAssignmentUnitIndex": null, "blockingAssignmentObject": null, "runAssignment": ""}}, {"model": "quiz.position", "pk": 35, "fields": {"startX": 10.8607720588235, "startY": 70.9411764705882, "name": "X", "formation": null, "routeCoordinates": "[[10.8607720588235, 70.9411764705882]]", "runCoordinates": null, "blockingCoordinates": null, "motionCoordinates": "[]", "progressionRank": 0, "playerIndex": null, "routeNum": null, "blocker": false, "runner": false, "CBAssignmentPlayerID": null, "CBAssignmentPlayerIndex": null, "CBAssignmentPlayerPosition": null, "zoneYardX": null, "zoneYardY": null, "zoneHeight": null, "zoneWidth": null, "gapYardX": null, "gapYardY": null, "blockingAssignmentPlayerIndex": null, "blockingAssignmentUnitIndex": null, "blockingAssignmentObject": null, "runAssignment": ""}}, {"model": "quiz.position", "pk": 36, "fields": {"startX": 42.2725367647059, "startY": 71.0588235294118, "name": "Y", "formation": null, "routeCoordinates": "[[42.2725367647059, 71.0588235294118]]", "runCoordinates": null, "blockingCoordinates": null, "motionCoordinates": "[]", "progressionRank": 0, "playerIndex": null, "routeNum": null, "blocker": false, "runner": false, "CBAssignmentPlayerID": null, "CBAssignmentPlayerIndex": null, "CBAssignmentPlayerPosition": null, "zoneYardX": null, "zoneYardY": null, "zoneHeight": null, "zoneWidth": null, "gapYardX": null, "gapYardY": null, "blockingAssignmentPlayerIndex": null, "blockingAssignmentUnitIndex": null, "blockingAssignmentObject": null, "runAssignment": ""}}, {"model": "quiz.position", "pk": 37, "fields": {"startX": 34.0372426470588, "startY": 72.9411764705882, "name": "A", "formation": null, "routeCoordinates": "[[34.0372426470588, 72.9411764705882]]", "runCoordinates": null, "blockingCoordinates": null, "motionCoordinates": "[]", "progressionRank": 0, "playerIndex": null, "routeNum": null, "blocker": false, "runner": false, "CBAssignmentPlayerID": null, "CBAssignmentPlayerIndex": null, "CBAssignmentPlayerPosition": null, "zoneYardX": null, "zoneYardY": null, "zoneHeight": null, "zoneWidth": null, "gapYardX": null, "gapYardY": null, "blockingAssignmentPlayerIndex": null, "blockingAssignmentUnitIndex": null, "blockingAssignmentObject": null, "runAssignment": ""}}, {"model": "quiz.position", "pk": 38, "fields": {"startX": 29.4490073529412, "startY": 67.7058823529412, "name": "H", "formation": null, "routeCoordinates": "[[29.4490073529412, 67.7058823529412]]", "runCoordinates": null, "blockingCoordinates": null, "motionCoordinates": "[]", "progressionRank": 0, "playerIndex": null, "routeNum": null, "blocker": false, "runner": false, "CBAssignmentPlayerID": null, "CBAssignmentPlayerIndex": null, "CBAssignmentPlayerPosition": null, "zoneYardX": null, "zoneYardY": null, "zoneHeight": null, "zoneWidth": null, "gapYardX": null, "gapYardY": null, "blockingAssignmentPlayerIndex": null, "blockingAssignmentUnitIndex": null, "blockingAssignmentObject": null, "runAssignment": ""}}, {"model": "quiz.position", "pk": 39, "fields": {"startX": 26.6843014705882, "startY": 67.2941176470588, "name": "QB", "formation": null, "routeCoordinates": "[[26.6843014705882, 67.2941176470588]]", "runCoordinates": null, "blockingCoordinates": null, "motionCoordinates": "[]", "progressionRank": 0, "playerIndex": null, "routeNum": null, "blocker": false, "runner": false, "CBAssignmentPlayerID": null, "CBAssignmentPlayerIndex": null, "CBAssignmentPlayerPosition": null, "zoneYardX": null, "zoneYardY": null, "zoneHeight": null, "zoneWidth": null, "gapYardX": null, "gapYardY": null, "blockingAssignmentPlayerIndex": null, "blockingAssignmentUnitIndex": null, "blockingAssignmentObject": null, "runAssignment": ""}}, {"model": "quiz.position", "pk": 40, "fields": {"startX": 31.6254779411765, "startY": 73.0, "name": "RT", "formation": null, "routeCoordinates": "[[31.6254779411765, 73]]", "runCoordinates": null, "blockingCoordinates": null, "motionCoordinates": "[]", "progressionRank": 0, "playerIndex": null, "routeNum": null, "blocker": false, "runner": false, "CBAssignmentPlayerID": null, "CBAssignmentPlayerIndex": null, "CBAssignmentPlayerPosition": null, "zoneYardX": null, "zoneYardY": null, "zoneHeight": null, "zoneWidth": null, "gapYardX": null, "gapYardY": null, "blockingAssignmentPlayerIndex": null, "blockingAssignmentUnitIndex": null, "blockingAssignmentObject": null, "runAssignment": ""}}, {"model": "quiz.position", "pk": 41, "fields": {"startX": 29.1254779411765, "startY": 73.0, "name": "RG", "formation": null, "routeCoordinates": "[[29.1254779411765, 73]]", "runCoordinates": null, "blockingCoordinates": null, "motionCoordinates": "[]", "progressionRank": 0, "playerIndex": null, "routeNum": null, "blocker": false, "runner": false, "CBAssignmentPlayerID": null, "CBAssignmentPlayerIndex": null, "CBAssignmentPlayerPosition": null, "zoneYardX": null, "zoneYardY": null, "zoneHeight": null, "zoneWidth": null, "gapYardX": null, "gapYardY": null, "blockingAssignmentPlayerIndex": null, "blockingAssignmentUnitIndex": null, "blockingAssignmentObject": null, "runAssignment": ""}}, {"model": "quiz.position", "pk": 42, "fields": {"startX": 26.6254779411765, "startY": 73.5, "name": "C", "formation": null, "routeCoordinates": "[[26.6254779411765, 73.5]]", "runCoordinates": null, "blockingCoordinates": null, "motionCoordinates": "[]", "progressionRank": 0, "playerIndex": null, "routeNum": null, "blocker": false, "runner": false, "CBAssignmentPlayerID": null, "CBAssignmentPlayerIndex": null, "CBAssignmentPlayerPosition": null, "zoneYardX": null, "zoneYardY": null, "zoneHeight": null, "zoneWidth": null, "gapYardX": null, "gapYardY": null, "blockingAssignmentPlayerIndex": null, "blockingAssignmentUnitIndex": null, "blockingAssignmentObject": null, "runAssignment": ""}}, {"model": "quiz.position", "pk": 43, "fields": {"startX": 24.1254779411765, "startY": 73.0, "name": "LG", "formation": null, "routeCoordinates": "[[24.1254779411765, 73]]", "runCoordinates": null, "blockingCoordinates": null, "motionCoordinates": "[]", "progressionRank": 0, "playerIndex": null, "routeNum": null, "blocker": false, "runner": false, "CBAssignmentPlayerID": null, "CBAssignmentPlayerIndex": null, "CBAssignmentPlayerPosition": null, "zoneYardX": null, "zoneYardY": null, "zoneHeight": null, "zoneWidth": null, "gapYardX": null, "gapYardY": null, "blockingAssignmentPlayerIndex": null, "blockingAssignmentUnitIndex": null, "blockingAssignmentObject": null, "runAssignment": ""}}, {"model": "quiz.position", "pk": 44, "fields": {"startX": 21.6254779411765, "startY": 73.0, "name": "LT", "formation": null, "routeCoordinates": "[[21.6254779411765, 73]]", "runCoordinates": null, "blockingCoordinates": null, "motionCoordinates": "[]", "progressionRank": 0, "playerIndex": null, "routeNum": null, "blocker": false, "runner": false, "CBAssignmentPlayerID": null, "CBAssignmentPlayerIndex": null, "CBAssignmentPlayerPosition": null, "zoneYardX": null, "zoneYardY": null, "zoneHeight": null, "zoneWidth": null, "gapYardX": null, "gapYardY": null, "blockingAssignmentPlayerIndex": null, "blockingAssignmentUnitIndex": null, "blockingAssignmentObject": null, "runAssignment": ""}}, {"model": "quiz.position", "pk": 45, "fields": {"startX": 17.5078308823529, "startY": 70.9411764705882, "name": "A", "formation": null, "routeCoordinates": "[[17.5078308823529, 70.9411764705882], [12.524068029067095, 71.96078491210938], [11.229950382008271, 86.13725550034466]]", "runCoordinates": null, "blockingCoordinates": null, "motionCoordinates": "[]", "progressionRank": 0, "playerIndex": null, "routeNum": null, "blocker": false, "runner": false, "CBAssignmentPlayerID": null, "CBAssignmentPlayerIndex": null, "CBAssignmentPlayerPosition": null, "zoneYardX": null, "zoneYardY": null, "zoneHeight": null, "zoneWidth": null, "gapYardX": null, "gapYardY": null, "blockingAssignmentPlayerIndex": null, "blockingAssignmentUnitIndex": null, "blockingAssignmentObject": null, "runAssignment": ""}}, {"model": "quiz.position", "pk": 46, "fields": {"startX": 19.3901838235294, "startY": 72.8823529411765, "name": "A", "formation": null, "routeCoordinates": "[[19.3901838235294, 72.8823529411765], [22.877009205537682, 76.9019613826976], [44.87700920553768, 80.43137314740349]]", "runCoordinates": null, "blockingCoordinates": null, "motionCoordinates": "[]", "progressionRank": 2, "playerIndex": null, "routeNum": null, "blocker": false, "runner": false, "CBAssignmentPlayerID": null, "CBAssignmentPlayerIndex": null, "CBAssignmentPlayerPosition": null, "zoneYardX": null, "zoneYardY": null, "zoneHeight": null, "zoneWidth": null, "gapYardX": null, "gapYardY": null, "blockingAssignmentPlayerIndex": null, "blockingAssignmentUnitIndex": null, "blockingAssignmentObject": null, "runAssignment": ""}}, {"model": "quiz.position", "pk": 47, "fields": {"startX": 34.0960661764706, "startY": 72.9411764705882, "name": "A", "formation": null, "routeCoordinates": "[[34.0960661764706, 72.9411764705882], [34.17112685259651, 82.31372608857997], [44.87700920553768, 88.19607902975643]]", "runCoordinates": null, "blockingCoordinates": null, "motionCoordinates": "[]", "progressionRank": 3, "playerIndex": null, "routeNum": null, "blocker": false, "runner": false, "CBAssignmentPlayerID": null, "CBAssignmentPlayerIndex": null, "CBAssignmentPlayerPosition": null, "zoneYardX": null, "zoneYardY": null, "zoneHeight": null, "zoneWidth": null, "gapYardX": null, "gapYardY": null, "blockingAssignmentPlayerIndex": null, "blockingAssignmentUnitIndex": null, "blockingAssignmentObject": null, "runAssignment": ""}}, {"model": "quiz.position", "pk": 48, "fields": {"startX": 26.6254779411765, "startY": 65.4705882352941, "name": "H", "formation": null, "routeCoordinates": "[[26.6254779411765, 65.4705882352941]]", "runCoordinates": null, "blockingCoordinates": null, "motionCoordinates": "[]", "progressionRank": 0, "playerIndex": null, "routeNum": null, "blocker": false, "runner": false, "CBAssignmentPlayerID": null, "CBAssignmentPlayerIndex": null, "CBAssignmentPlayerPosition": null, "zoneYardX": null, "zoneYardY": null, "zoneHeight": null, "zoneWidth": null, "gapYardX": null, "gapYardY": null, "blockingAssignmentPlayerIndex": null, "blockingAssignmentUnitIndex": null, "blockingAssignmentObject": null, "runAssignment": ""}}, {"model": "quiz.position", "pk": 49, "fields": {"startX": 26.6254779411765, "startY": 68.4117647058823, "name": "F", "formation": null, "routeCoordinates": "[[26.6254779411765, 68.4117647058823], [29.406420970243566, 70.2549025591682], [45.641715087890624, 75.01960844152114]]", "runCoordinates": null, "blockingCoordinates": null, "motionCoordinates": "[]", "progressionRank": 1, "playerIndex": null, "routeNum": null, "blocker": false, "runner": false, "CBAssignmentPlayerID": null, "CBAssignmentPlayerIndex": null, "CBAssignmentPlayerPosition": null, "zoneYardX": null, "zoneYardY": null, "zoneHeight": null, "zoneWidth": null, "gapYardX": null, "gapYardY": null, "blockingAssignmentPlayerIndex": null, "blockingAssignmentUnitIndex": null, "blockingAssignmentObject": null, "runAssignment": ""}}, {"model": "quiz.position", "pk": 50, "fields": {"startX": 26.6254779411765, "startY": 71.1176470588235, "name": "QB", "formation": null, "routeCoordinates": "[[26.6254779411765, 71.1176470588235]]", "runCoordinates": null, "blockingCoordinates": null, "motionCoordinates": "[]", "progressionRank": 0, "playerIndex": null, "routeNum": null, "blocker": false, "runner": false, "CBAssignmentPlayerID": null, "CBAssignmentPlayerIndex": null, "CBAssignmentPlayerPosition": null, "zoneYardX": null, "zoneYardY": null, "zoneHeight": null, "zoneWidth": null, "gapYardX": null, "gapYardY": null, "blockingAssignmentPlayerIndex": null, "blockingAssignmentUnitIndex": null, "blockingAssignmentObject": null, "runAssignment": ""}}, {"model": "quiz.position", "pk": 51, "fields": {"startX": 31.665, "startY": 73.0, "name": "RT", "formation": null, "routeCoordinates": "[[31.665, 73]]", "runCoordinates": null, "blockingCoordinates": null, "motionCoordinates": "[]", "progressionRank": 0, "playerIndex": null, "routeNum": null, "blocker": false, "runner": false, "CBAssignmentPlayerID": null, "CBAssignmentPlayerIndex": null, "CBAssignmentPlayerPosition": null, "zoneYardX": null, "zoneYardY": null, "zoneHeight": null, "zoneWidth": null, "gapYardX": null, "gapYardY": null, "blockingAssignmentPlayerIndex": null, "blockingAssignmentUnitIndex": null, "blockingAssignmentObject": null, "runAssignment": ""}}, {"model": "quiz.position", "pk": 52, "fields": {"startX": 29.165, "startY": 73.0, "name": "RG", "formation": null, "routeCoordinates": "[[29.165, 73]]", "runCoordinates": null, "blockingCoordinates": null, "motionCoordinates": "[]", "progressionRank": 0, "playerIndex": null, "routeNum": null, "blocker": false, "runner": false, "CBAssignmentPlayerID": null, "CBAssignmentPlayerIndex": null, "CBAssignmentPlayerPosition": null, "zoneYardX": null, "zoneYardY": null, "zoneHeight": null, "zoneWidth": null, "gapYardX": null, "gapYardY": null, "blockingAssignmentPlayerIndex": null, "blockingAssignmentUnitIndex": null, "blockingAssignmentObject": null, "runAssignment": ""}}, {"model": "quiz.position", "pk": 53, "fields": {"startX": 26.665, "startY": 73.5, "name": "C", "formation": null, "routeCoordinates": "[[26.665, 73.5]]", "runCoordinates": null, "blockingCoordinates": null, "motionCoordinates": "[]", "progressionRank": 0, "playerIndex": null, "routeNum": null, "blocker": false, "runner": false, "CBAssignmentPlayerID": null, "CBAssignmentPlayerIndex": null, "CBAssignmentPlayerPosition": null, "zoneYardX": null, "zoneYardY": null, "zoneHeight": null, "zoneWidth": null, "gapYardX": null, "gapYardY": null, "blockingAssignmentPlayerIndex": null, "blockingAssignmentUnitIndex": null, "blockingAssignmentObject": null, "runAssignment": ""}}, {"model": "quiz.position", "pk": 54, "fields": {"startX": 24.165, "startY": 73.0, "name": "LG", "formation": null, "routeCoordinates": "[[24.165, 73]]", "runCoordinates": null, "blockingCoordinates": null, "motionCoordinates": "[]", "progressionRank": 0, "playerIndex": null, "routeNum": null, "blocker": false, "runner": false, "CBAssignmentPlayerID": null, "CBAssignmentPlayerIndex": null, "CBAssignmentPlayerPosition": null, "zoneYardX": null, "zoneYardY": null, "zoneHeight": null, "zoneWidth": null, "gapYardX": null, "gapYardY": null, "blockingAssignmentPlayerIndex": null, "blockingAssignmentUnitIndex": null, "blockingAssignmentObject": null, "runAssignment": ""}}, {"model": "quiz.position", "pk": 55, "fields": {"startX": 21.665, "startY": 73.0, "name": "LT", "formation": null, "routeCoordinates": "[[21.665, 73]]", "runCoordinates": null, "blockingCoordinates": null, "motionCoordinates": "[]", "progressionRank": 0, "playerIndex": null, "routeNum": null, "blocker": false, "runner": false, "CBAssignmentPlayerID": null, "CBAssignmentPlayerIndex": null, "CBAssignmentPlayerPosition": null, "zoneYardX": null, "zoneYardY": null, "zoneHeight": null, "zoneWidth": null, "gapYardX": null, "gapYardY": null, "blockingAssignmentPlayerIndex": null, "blockingAssignmentUnitIndex": null, "blockingAssignmentObject": null, "runAssignment": ""}}, {"model": "quiz.position", "pk": 56, "fields": {"startX": 11.1548897058824, "startY": 70.9411764705882, "name": "Y", "formation": null, "routeCoordinates": "[[11.1548897058824, 70.9411764705882], [11.053479793772977, 76.01960844152114], [25.171126852596508, 80.13725550034466]]", "runCoordinates": null, "blockingCoordinates": null, "motionCoordinates": "[]", "progressionRank": 2, "playerIndex": null, "routeNum": null, "blocker": false, "runner": false, "CBAssignmentPlayerID": null, "CBAssignmentPlayerIndex": null, "CBAssignmentPlayerPosition": null, "zoneYardX": null, "zoneYardY": null, "zoneHeight": null, "zoneWidth": null, "gapYardX": null, "gapYardY": null, "blockingAssignmentPlayerIndex": null, "blockingAssignmentUnitIndex": null, "blockingAssignmentObject": null, "runAssignment": ""}}, {"model": "quiz.position", "pk": 57, "fields": {"startX": 42.6843014705882, "startY": 71.2352941176471, "name": "X", "formation": null, "routeCoordinates": "[[42.6843014705882, 71.2352941176471], [42.524068029067095, 74.72549079446232], [27.22995038200827, 78.01960844152114]]", "runCoordinates": null, "blockingCoordinates": null, "motionCoordinates": "[]", "progressionRank": 1, "playerIndex": null, "routeNum": null, "blocker": false, "runner": false, "CBAssignmentPlayerID": null, "CBAssignmentPlayerIndex": null, "CBAssignmentPlayerPosition": null, "zoneYardX": null, "zoneYardY": null, "zoneHeight": null, "zoneWidth": null, "gapYardX": null, "gapYardY": null, "blockingAssignmentPlayerIndex": null, "blockingAssignmentUnitIndex": null, "blockingAssignmentObject": null, "runAssignment": ""}}, {"model": "quiz.position", "pk": 58, "fields": {"startX": 19.3901838235294, "startY": 72.9411764705882, "name": "A", "formation": null, "routeCoordinates": "[[19.3901838235294, 72.9411764705882], [4.877009205537683, 76.84313785328584]]", "runCoordinates": null, "blockingCoordinates": null, "motionCoordinates": "[]", "progressionRank": 3, "playerIndex": null, "routeNum": null, "blocker": false, "runner": false, "CBAssignmentPlayerID": null, "CBAssignmentPlayerIndex": null, "CBAssignmentPlayerPosition": null, "zoneYardX": null, "zoneYardY": null, "zoneHeight": null, "zoneWidth": null, "gapYardX": null, "gapYardY": null, "blockingAssignmentPlayerIndex": null, "blockingAssignmentUnitIndex": null, "blockingAssignmentObject": null, "runAssignment": ""}}, {"model": "quiz.position", "pk": 59, "fields": {"startX": 33.9784191176471, "startY": 72.9411764705882, "name": "A", "formation": null, "routeCoordinates": "[[33.9784191176471, 72.9411764705882], [48.28877391142004, 74.78431432387409]]", "runCoordinates": null, "blockingCoordinates": null, "motionCoordinates": "[]", "progressionRank": 4, "playerIndex": null, "routeNum": null, "blocker": false, "runner": false, "CBAssignmentPlayerID": null, "CBAssignmentPlayerIndex": null, "CBAssignmentPlayerPosition": null, "zoneYardX": null, "zoneYardY": null, "zoneHeight": null, "zoneWidth": null, "gapYardX": null, "gapYardY": null, "blockingAssignmentPlayerIndex": null, "blockingAssignmentUnitIndex": null, "blockingAssignmentObject": null, "runAssignment": ""}}, {"model": "quiz.position", "pk": 60, "fields": {"startX": 26.6254779411765, "startY": 66.1176470588235, "name": "H", "formation": null, "routeCoordinates": "[[26.6254779411765, 66.1176470588235]]", "runCoordinates": null, "blockingCoordinates": null, "motionCoordinates": "[]", "progressionRank": 0, "playerIndex": null, "routeNum": null, "blocker": false, "runner": false, "CBAssignmentPlayerID": null, "CBAssignmentPlayerIndex": null, "CBAssignmentPlayerPosition": null, "zoneYardX": null, "zoneYardY": null, "zoneHeight": null, "zoneWidth": null, "gapYardX": null, "gapYardY": null, "blockingAssignmentPlayerIndex": null, "blockingAssignmentUnitIndex": null, "blockingAssignmentObject": null, "runAssignment": ""}}, {"model": "quiz.position", "pk": 61, "fields": {"startX": 26.665, "startY": 70.0, "name": "QB", "formation": null, "routeCoordinates": "[[26.665, 70]]", "runCoordinates": null, "blockingCoordinates": null, "motionCoordinates": "[]", "progressionRank": 0, "playerIndex": null, "routeNum": null, "blocker": false, "runner": false, "CBAssignmentPlayerID": null, "CBAssignmentPlayerIndex": null, "CBAssignmentPlayerPosition": null, "zoneYardX": null, "zoneYardY": null, "zoneHeight": null, "zoneWidth": null, "gapYardX": null, "gapYardY": null, "blockingAssignmentPlayerIndex": null, "blockingAssignmentUnitIndex": null, "blockingAssignmentObject": null, "runAssignment": ""}}, {"model": "quiz.position", "pk": 62, "fields": {"startX": 31.665, "startY": 73.0, "name": "RT", "formation": null, "routeCoordinates": "[[31.665, 73]]", "runCoordinates": null, "blockingCoordinates": null, "motionCoordinates": "[]", "progressionRank": 0, "playerIndex": null, "routeNum": null, "blocker": false, "runner": false, "CBAssignmentPlayerID": null, "CBAssignmentPlayerIndex": null, "CBAssignmentPlayerPosition": null, "zoneYardX": null, "zoneYardY": null, "zoneHeight": null, "zoneWidth": null, "gapYardX": null, "gapYardY": null, "blockingAssignmentPlayerIndex": null, "blockingAssignmentUnitIndex": null, "blockingAssignmentObject": null, "runAssignment": ""}}, {"model": "quiz.position", "pk": 63, "fields": {"startX": 29.165, "startY": 73.0, "name": "RG", "formation": null, "routeCoordinates": "[[29.165, 73]]", "runCoordinates": null, "blockingCoordinates": null, "motionCoordinates": "[]", "progressionRank": 0, "playerIndex": null, "routeNum": null, "blocker": false, "runner": false, "CBAssignmentPlayerID": null, "CBAssignmentPlayerIndex": null, "CBAssignmentPlayerPosition": null, "zoneYardX": null, "zoneYardY": null, "zoneHeight": null, "zoneWidth": null, "gapYardX": null, "gapYardY": null, "blockingAssignmentPlayerIndex": null, "blockingAssignmentUnitIndex": null, "blockingAssignmentObject": null, "runAssignment": ""}}, {"model": "quiz.position", "pk": 64, "fields": {"startX": 26.665, "startY": 73.5, "name": "C", "formation": null, "routeCoordinates": "[[26.665, 73.5]]", "runCoordinates": null, "blockingCoordinates": null, "motionCoordinates": "[]", "progressionRank": 0, "playerIndex": null, "routeNum": null, "blocker": false, "runner": false, "CBAssignmentPlayerID": null, "CBAssignmentPlayerIndex": null, "CBAssignmentPlayerPosition": null, "zoneYardX": null, "zoneYardY": null, "zoneHeight": null, "zoneWidth": null, "gapYardX": null, "gapYardY": null, "blockingAssignmentPlayerIndex": null, "blockingAssignmentUnitIndex": null, "blockingAssignmentObject": null, "runAssignment": ""}}, {"model": "quiz.position", "pk": 65, "fields": {"startX": 24.165, "startY": 73.0, "name": "LG", "formation": null, "routeCoordinates": "[[24.165, 73]]", "runCoordinates": null, "blockingCoordinates": null, "motionCoordinates": "[]", "progressionRank": 0, "playerIndex": null, "routeNum": null, "blocker": false, "runner": false, "CBAssignmentPlayerID": null, "CBAssignmentPlayerIndex": null, "CBAssignmentPlayerPosition": null, "zoneYardX": null, "zoneYardY": null, "zoneHeight": null, "zoneWidth": null, "gapYardX": null, "gapYardY": null, "blockingAssignmentPlayerIndex": null, "blockingAssignmentUnitIndex": null, "blockingAssignmentObject": null, "runAssignment": ""}}, {"model": "quiz.position", "pk": 66, "fields": {"startX": 21.665, "startY": 73.0, "name": "LT", "formation": null, "routeCoordinates": "[[21.665, 73]]", "runCoordinates": null, "blockingCoordinates": null, "motionCoordinates": "[]", "progressionRank": 0, "playerIndex": null, "routeNum": null, "blocker": false, "runner": false, "CBAssignmentPlayerID": null, "CBAssignmentPlayerIndex": null, "CBAssignmentPlayerPosition": null, "zoneYardX": null, "zoneYardY": null, "zoneHeight": null, "zoneWidth": null, "gapYardX": null, "gapYardY": null, "blockingAssignmentPlayerIndex": null, "blockingAssignmentUnitIndex": null, "blockingAssignmentObject": null, "runAssignment": ""}}, {"model": "quiz.position", "pk": 67, "fields": {"startX": 14.4490073529412, "startY": 72.9411764705882, "name": "Z", "formation": null, "routeCoordinates": "[[14.4490073529412, 72.9411764705882], [19.05347979377298, 75.54902020622703], [19.11230332318474, 88.43137314740349]]", "runCoordinates": null, "blockingCoordinates": null, "motionCoordinates": "[]", "progressionRank": 4, "playerIndex": null, "routeNum": null, "blocker": false, "runner": false, "CBAssignmentPlayerID": null, "CBAssignmentPlayerIndex": null, "CBAssignmentPlayerPosition": null, "zoneYardX": null, "zoneYardY": null, "zoneHeight": null, "zoneWidth": null, "gapYardX": null, "gapYardY": null, "blockingAssignmentPlayerIndex": null, "blockingAssignmentUnitIndex": null, "blockingAssignmentObject": null, "runAssignment": ""}}, {"model": "quiz.position", "pk": 68, "fields": {"startX": 10.8607720588235, "startY": 70.9411764705882, "name": "X", "formation": null, "routeCoordinates": "[[10.8607720588235, 70.9411764705882], [7.347597440831801, 72.72549079446232], [7.053479793772977, 88.13725550034466]]", "runCoordinates": null, "blockingCoordinates": null, "motionCoordinates": "[]", "progressionRank": 2, "playerIndex": null, "routeNum": null, "blocker": false, "runner": false, "CBAssignmentPlayerID": null, "CBAssignmentPlayerIndex": null, "CBAssignmentPlayerPosition": null, "zoneYardX": null, "zoneYardY": null, "zoneHeight": null, "zoneWidth": null, "gapYardX": null, "gapYardY": null, "blockingAssignmentPlayerIndex": null, "blockingAssignmentUnitIndex": null, "blockingAssignmentObject": null, "runAssignment": ""}}, {"model": "quiz.position", "pk": 69, "fields": {"startX": 42.2725367647059, "startY": 71.0588235294118, "name": "Y", "formation": null, "routeCoordinates": "[[42.2725367647059, 71.0588235294118], [46.11230332318474, 73.78431432387409], [46.11230332318474, 88.49019667681526]]", "runCoordinates": null, "blockingCoordinates": null, "motionCoordinates": "[]", "progressionRank": 3, "playerIndex": null, "routeNum": null, "blocker": false, "runner": false, "CBAssignmentPlayerID": null, "CBAssignmentPlayerIndex": null, "CBAssignmentPlayerPosition": null, "zoneYardX": null, "zoneYardY": null, "zoneHeight": null, "zoneWidth": null, "gapYardX": null, "gapYardY": null, "blockingAssignmentPlayerIndex": null, "blockingAssignmentUnitIndex": null, "blockingAssignmentObject": null, "runAssignment": ""}}, {"model": "quiz.position", "pk": 70, "fields": {"startX": 34.0372426470588, "startY": 72.9411764705882, "name": "A", "formation": null, "routeCoordinates": "[[34.0372426470588, 72.9411764705882], [34.05347979377298, 88.66666726505055]]", "runCoordinates": null, "blockingCoordinates": null, "motionCoordinates": "[]", "progressionRank": 1, "playerIndex": null, "routeNum": null, "blocker": false, "runner": false, "CBAssignmentPlayerID": null, "CBAssignmentPlayerIndex": null, "CBAssignmentPlayerPosition": null, "zoneYardX": null, "zoneYardY": null, "zoneHeight": null, "zoneWidth": null, "gapYardX": null, "gapYardY": null, "blockingAssignmentPlayerIndex": null, "blockingAssignmentUnitIndex": null, "blockingAssignmentObject": null, "runAssignment": ""}}, {"model": "quiz.position", "pk": 71, "fields": {"startX": 29.4490073529412, "startY": 67.7058823529412, "name": "H", "formation": null, "routeCoordinates": "[[29.4490073529412, 67.7058823529412], [29.11230332318474, 78.60784373563878], [27.05347979377298, 77.66666726505055]]", "runCoordinates": null, "blockingCoordinates": null, "motionCoordinates": "[]", "progressionRank": 5, "playerIndex": null, "routeNum": null, "blocker": false, "runner": false, "CBAssignmentPlayerID": null, "CBAssignmentPlayerIndex": null, "CBAssignmentPlayerPosition": null, "zoneYardX": null, "zoneYardY": null, "zoneHeight": null, "zoneWidth": null, "gapYardX": null, "gapYardY": null, "blockingAssignmentPlayerIndex": null, "blockingAssignmentUnitIndex": null, "blockingAssignmentObject": null, "runAssignment": ""}}, {"model": "quiz.position", "pk": 72, "fields": {"startX": 26.6843014705882, "startY": 67.2941176470588, "name": "QB", "formation": null, "routeCoordinates": "[[26.6843014705882, 67.2941176470588]]", "runCoordinates": null, "blockingCoordinates": null, "motionCoordinates": "[]", "progressionRank": 0, "playerIndex": null, "routeNum": null, "blocker": false, "runner": false, "CBAssignmentPlayerID": null, "CBAssignmentPlayerIndex": null, "CBAssignmentPlayerPosition": null, "zoneYardX": null, "zoneYardY": null, "zoneHeight": null, "zoneWidth": null, "gapYardX": null, "gapYardY": null, "blockingAssignmentPlayerIndex": null, "blockingAssignmentUnitIndex": null, "blockingAssignmentObject": null, "runAssignment": ""}}, {"model": "quiz.position", "pk": 73, "fields": {"startX": 31.6254779411765, "startY": 73.0, "name": "RT", "formation": null, "routeCoordinates": "[[31.6254779411765, 73]]", "runCoordinates": null, "blockingCoordinates": null, "motionCoordinates": "[]", "progressionRank": 0, "playerIndex": null, "routeNum": null, "blocker": false, "runner": false, "CBAssignmentPlayerID": null, "CBAssignmentPlayerIndex": null, "CBAssignmentPlayerPosition": null, "zoneYardX": null, "zoneYardY": null, "zoneHeight": null, "zoneWidth": null, "gapYardX": null, "gapYardY": null, "blockingAssignmentPlayerIndex": null, "blockingAssignmentUnitIndex": null, "blockingAssignmentObject": null, "runAssignment": ""}}, {"model": "quiz.position", "pk": 74, "fields": {"startX": 29.1254779411765, "startY": 73.0, "name": "RG", "formation": null, "routeCoordinates": "[[29.1254779411765, 73]]", "runCoordinates": null, "blockingCoordinates": null, "motionCoordinates": "[]", "progressionRank": 0, "playerIndex": null, "routeNum": null, "blocker": false, "runner": false, "CBAssignmentPlayerID": null, "CBAssignmentPlayerIndex": null, "CBAssignmentPlayerPosition": null, "zoneYardX": null, "zoneYardY": null, "zoneHeight": null, "zoneWidth": null, "gapYardX": null, "gapYardY": null, "blockingAssignmentPlayerIndex": null, "blockingAssignmentUnitIndex": null, "blockingAssignmentObject": null, "runAssignment": ""}}, {"model": "quiz.position", "pk": 75, "fields": {"startX": 26.6254779411765, "startY": 73.5, "name": "C", "formation": null, "routeCoordinates": "[[26.6254779411765, 73.5]]", "runCoordinates": null, "blockingCoordinates": null, "motionCoordinates": "[]", "progressionRank": 0, "playerIndex": null, "routeNum": null, "blocker": false, "runner": false, "CBAssignmentPlayerID": null, "CBAssignmentPlayerIndex": null, "CBAssignmentPlayerPosition": null, "zoneYardX": null, "zoneYardY": null, "zoneHeight": null, "zoneWidth": null, "gapYardX": null, "gapYardY": null, "blockingAssignmentPlayerIndex": null, "blockingAssignmentUnitIndex": null, "blockingAssignmentObject": null, "runAssignment": ""}}, {"model": "quiz.position", "pk": 76, "fields": {"startX": 24.1254779411765, "startY": 73.0, "name": "LG", "formation": null, "routeCoordinates": "[[24.1254779411765, 73]]", "runCoordinates": null, "blockingCoordinates": null, "motionCoordinates": "[]", "progressionRank": 0, "playerIndex": null, "routeNum": null, "blocker": false, "runner": false, "CBAssignmentPlayerID": null, "CBAssignmentPlayerIndex": null, "CBAssignmentPlayerPosition": null, "zoneYardX": null, "zoneYardY": null, "zoneHeight": null, "zoneWidth": null, "gapYardX": null, "gapYardY": null, "blockingAssignmentPlayerIndex": null, "blockingAssignmentUnitIndex": null, "blockingAssignmentObject": null, "runAssignment": ""}}, {"model": "quiz.position", "pk": 77, "fields": {"startX": 21.6254779411765, "startY": 73.0, "name": "LT", "formation": null, "routeCoordinates": "[[21.6254779411765, 73]]", "runCoordinates": null, "blockingCoordinates": null, "motionCoordinates": "[]", "progressionRank": 0, "playerIndex": null, "routeNum": null, "blocker": false, "runner": false, "CBAssignmentPlayerID": null, "CBAssignmentPlayerIndex": null, "CBAssignmentPlayerPosition": null, "zoneYardX": null, "zoneYardY": null, "zoneHeight": null, "zoneWidth": null, "gapYardX": null, "gapYardY": null, "blockingAssignmentPlayerIndex": null, "blockingAssignmentUnitIndex": null, "blockingAssignmentObject": null, "runAssignment": ""}}, {"model": "quiz.position", "pk": 78, "fields": {"startX": 14.4490073529412, "startY": 72.9411764705882, "name": "Z", "formation": null, "routeCoordinates": "[[14.4490073529412, 72.9411764705882], [4.641715087890624, 75.78431432387409]]", "runCoordinates": null, "blockingCoordinates": null, "motionCoordinates": "[]", "progressionRank": 3, "playerIndex": null, "routeNum": null, "blocker": false, "runner": false, "CBAssignmentPlayerID": null, "CBAssignmentPlayerIndex": null, "CBAssignmentPlayerPosition": null, "zoneYardX": null, "zoneYardY": null, "zoneHeight": null, "zoneWidth": null, "gapYardX": null, "gapYardY": null, "blockingAssignmentPlayerIndex": null, "blockingAssignmentUnitIndex": null, "blockingAssignmentObject": null, "runAssignment": null}}, {"model": "quiz.position", "pk": 79, "fields": {"startX": 10.8607720588235, "startY": 70.9411764705882, "name": "X", "formation": null, "routeCoordinates": "[[10.8607720588235, 70.9411764705882], [10.759362146714153, 76.43137314740349], [26.11230332318474, 81.78431432387409]]", "runCoordinates": null, "blockingCoordinates": null, "motionCoordinates": "[]", "progressionRank": 2, "playerIndex": null, "routeNum": null, "blocker": false, "runner": false, "CBAssignmentPlayerID": null, "CBAssignmentPlayerIndex": null, "CBAssignmentPlayerPosition": null, "zoneYardX": null, "zoneYardY": null, "zoneHeight": null, "zoneWidth": null, "gapYardX": null, "gapYardY": null, "blockingAssignmentPlayerIndex": null, "blockingAssignmentUnitIndex": null, "blockingAssignmentObject": null, "runAssignment": null}}, {"model": "quiz.position", "pk": 80, "fields": {"startX": 42.2725367647059, "startY": 71.0588235294118, "name": "Y", "formation": null, "routeCoordinates": "[[42.2725367647059, 71.0588235294118], [42.17112685259651, 74.84313785328584], [27.58289155847886, 79.49019667681526]]", "runCoordinates": null, "blockingCoordinates": null, "motionCoordinates": "[]", "progressionRank": 1, "playerIndex": null, "routeNum": null, "blocker": false, "runner": false, "CBAssignmentPlayerID": null, "CBAssignmentPlayerIndex": null, "CBAssignmentPlayerPosition": null, "zoneYardX": null, "zoneYardY": null, "zoneHeight": null, "zoneWidth": null, "gapYardX": null, "gapYardY": null, "blockingAssignmentPlayerIndex": null, "blockingAssignmentUnitIndex": null, "blockingAssignmentObject": null, "runAssignment": null}}, {"model": "quiz.position", "pk": 81, "fields": {"startX": 34.0372426470588, "startY": 72.9411764705882, "name": "A", "formation": null, "routeCoordinates": "[[34.0372426470588, 72.9411764705882], [49.81818567612592, 75.96078491210938]]", "runCoordinates": null, "blockingCoordinates": null, "motionCoordinates": "[]", "progressionRank": 4, "playerIndex": null, "routeNum": null, "blocker": false, "runner": false, "CBAssignmentPlayerID": null, "CBAssignmentPlayerIndex": null, "CBAssignmentPlayerPosition": null, "zoneYardX": null, "zoneYardY": null, "zoneHeight": null, "zoneWidth": null, "gapYardX": null, "gapYardY": null, "blockingAssignmentPlayerIndex": null, "blockingAssignmentUnitIndex": null, "blockingAssignmentObject": null, "runAssignment": null}}, {"model": "quiz.position", "pk": 82, "fields": {"startX": 29.4490073529412, "startY": 67.7058823529412, "name": "H", "formation": null, "routeCoordinates": "[[29.4490073529412, 67.7058823529412]]", "runCoordinates": null, "blockingCoordinates": null, "motionCoordinates": "[]", "progressionRank": 0, "playerIndex": null, "routeNum": null, "blocker": false, "runner": false, "CBAssignmentPlayerID": null, "CBAssignmentPlayerIndex": null, "CBAssignmentPlayerPosition": null, "zoneYardX": null, "zoneYardY": null, "zoneHeight": null, "zoneWidth": null, "gapYardX": null, "gapYardY": null, "blockingAssignmentPlayerIndex": null, "blockingAssignmentUnitIndex": null, "blockingAssignmentObject": null, "runAssignment": null}}, {"model": "quiz.position", "pk": 83, "fields": {"startX": 26.6843014705882, "startY": 67.2941176470588, "name": "QB", "formation": null, "routeCoordinates": "[[26.6843014705882, 67.2941176470588]]", "runCoordinates": null, "blockingCoordinates": null, "motionCoordinates": "[]", "progressionRank": 0, "playerIndex": null, "routeNum": null, "blocker": false, "runner": false, "CBAssignmentPlayerID": null, "CBAssignmentPlayerIndex": null, "CBAssignmentPlayerPosition": null, "zoneYardX": null, "zoneYardY": null, "zoneHeight": null, "zoneWidth": null, "gapYardX": null, "gapYardY": null, "blockingAssignmentPlayerIndex": null, "blockingAssignmentUnitIndex": null, "blockingAssignmentObject": null, "runAssignment": null}}, {"model": "quiz.position", "pk": 84, "fields": {"startX": 31.6254779411765, "startY": 73.0, "name": "RT", "formation": null, "routeCoordinates": "[[31.6254779411765, 73]]", "runCoordinates": null, "blockingCoordinates": null, "motionCoordinates": "[]", "progressionRank": 0, "playerIndex": null, "routeNum": null, "blocker": false, "runner": false, "CBAssignmentPlayerID": null, "CBAssignmentPlayerIndex": null, "CBAssignmentPlayerPosition": null, "zoneYardX": null, "zoneYardY": null, "zoneHeight": null, "zoneWidth": null, "gapYardX": null, "gapYardY": null, "blockingAssignmentPlayerIndex": null, "blockingAssignmentUnitIndex": null, "blockingAssignmentObject": null, "runAssignment": null}}, {"model": "quiz.position", "pk": 85, "fields": {"startX": 29.1254779411765, "startY": 73.0, "name": "RG", "formation": null, "routeCoordinates": "[[29.1254779411765, 73]]", "runCoordinates": null, "blockingCoordinates": null, "motionCoordinates": "[]", "progressionRank": 0, "playerIndex": null, "routeNum": null, "blocker": false, "runner": false, "CBAssignmentPlayerID": null, "CBAssignmentPlayerIndex": null, "CBAssignmentPlayerPosition": null, "zoneYardX": null, "zoneYardY": null, "zoneHeight": null, "zoneWidth": null, "gapYardX": null, "gapYardY": null, "blockingAssignmentPlayerIndex": null, "blockingAssignmentUnitIndex": null, "blockingAssignmentObject": null, "runAssignment": null}}, {"model": "quiz.position", "pk": 86, "fields": {"startX": 26.6254779411765, "startY": 73.5, "name": "C", "formation": null, "routeCoordinates": "[[26.6254779411765, 73.5]]", "runCoordinates": null, "blockingCoordinates": null, "motionCoordinates": "[]", "progressionRank": 0, "playerIndex": null, "routeNum": null, "blocker": false, "runner": false, "CBAssignmentPlayerID": null, "CBAssignmentPlayerIndex": null, "CBAssignmentPlayerPosition": null, "zoneYardX": null, "zoneYardY": null, "zoneHeight": null, "zoneWidth": null, "gapYardX": null, "gapYardY": null, "blockingAssignmentPlayerIndex": null, "blockingAssignmentUnitIndex": null, "blockingAssignmentObject": null, "runAssignment": null}}, {"model": "quiz.position", "pk": 87, "fields": {"startX": 24.1254779411765, "startY": 73.0, "name": "LG", "formation": null, "routeCoordinates": "[[24.1254779411765, 73]]", "runCoordinates": null, "blockingCoordinates": null, "motionCoordinates": "[]", "progressionRank": 0, "playerIndex": null, "routeNum": null, "blocker": false, "runner": false, "CBAssignmentPlayerID": null, "CBAssignmentPlayerIndex": null, "CBAssignmentPlayerPosition": null, "zoneYardX": null, "zoneYardY": null, "zoneHeight": null, "zoneWidth": null, "gapYardX": null, "gapYardY": null, "blockingAssignmentPlayerIndex": null, "blockingAssignmentUnitIndex": null, "blockingAssignmentObject": null, "runAssignment": null}}, {"model": "quiz.position", "pk": 88, "fields": {"startX": 21.6254779411765, "startY": 73.0, "name": "LT", "formation": null, "routeCoordinates": "[[21.6254779411765, 73]]", "runCoordinates": null, "blockingCoordinates": null, "motionCoordinates": "[]", "progressionRank": 0, "playerIndex": null, "routeNum": null, "blocker": false, "runner": false, "CBAssignmentPlayerID": null, "CBAssignmentPlayerIndex": null, "CBAssignmentPlayerPosition": null, "zoneYardX": null, "zoneYardY": null, "zoneHeight": null, "zoneWidth": null, "gapYardX": null, "gapYardY": null, "blockingAssignmentPlayerIndex": null, "blockingAssignmentUnitIndex": null, "blockingAssignmentObject": null, "runAssignment": null}}, {"model": "quiz.position", "pk": 89, "fields": {"startX": 14.4490073529412, "startY": 72.9411764705882, "name": "Z", "formation": null, "routeCoordinates": "[[14.4490073529412, 72.9411764705882], [23.524068029067095, 76.13725550034466], [37.700538617302385, 76.13725550034466]]", "runCoordinates": null, "blockingCoordinates": null, "motionCoordinates": "[]", "progressionRank": 0, "playerIndex": null, "routeNum": null, "blocker": false, "runner": false, "CBAssignmentPlayerID": null, "CBAssignmentPlayerIndex": null, "CBAssignmentPlayerPosition": null, "zoneYardX": null, "zoneYardY": null, "zoneHeight": null, "zoneWidth": null, "gapYardX": null, "gapYardY": null, "blockingAssignmentPlayerIndex": null, "blockingAssignmentUnitIndex": null, "blockingAssignmentObject": null, "runAssignment": null}}, {"model": "quiz.position", "pk": 90, "fields": {"startX": 10.8607720588235, "startY": 70.9411764705882, "name": "X", "formation": null, "routeCoordinates": "[[10.8607720588235, 70.9411764705882], [21.11230332318474, 79.31372608857997], [38.406420970243566, 80.72549079446232]]", "runCoordinates": null, "blockingCoordinates": null, "motionCoordinates": "[]", "progressionRank": 0, "playerIndex": null, "routeNum": null, "blocker": false, "runner": false, "CBAssignmentPlayerID": null, "CBAssignmentPlayerIndex": null, "CBAssignmentPlayerPosition": null, "zoneYardX": null, "zoneYardY": null, "zoneHeight": null, "zoneWidth": null, "gapYardX": null, "gapYardY": null, "blockingAssignmentPlayerIndex": null, "blockingAssignmentUnitIndex": null, "blockingAssignmentObject": null, "runAssignment": null}}, {"model": "quiz.position", "pk": 91, "fields": {"startX": 42.2725367647059, "startY": 71.0588235294118, "name": "Y", "formation": null, "routeCoordinates": "[[42.2725367647059, 71.0588235294118], [49.582891558478856, 74.60784373563878], [49.582891558478856, 88.2549025591682]]", "runCoordinates": null, "blockingCoordinates": null, "motionCoordinates": "[]", "progressionRank": 0, "playerIndex": null, "routeNum": null, "blocker": false, "runner": false, "CBAssignmentPlayerID": null, "CBAssignmentPlayerIndex": null, "CBAssignmentPlayerPosition": null, "zoneYardX": null, "zoneYardY": null, "zoneHeight": null, "zoneWidth": null, "gapYardX": null, "gapYardY": null, "blockingAssignmentPlayerIndex": null, "blockingAssignmentUnitIndex": null, "blockingAssignmentObject": null, "runAssignment": null}}, {"model": "quiz.position", "pk": 92, "fields": {"startX": 34.0372426470588, "startY": 72.9411764705882, "name": "A", "formation": null, "routeCoordinates": "[[34.0372426470588, 72.9411764705882], [41.93583273494944, 74.96078491210938], [41.87700920553768, 88.37254961799172]]", "runCoordinates": null, "blockingCoordinates": null, "motionCoordinates": "[]", "progressionRank": 0, "playerIndex": null, "routeNum": null, "blocker": false, "runner": false, "CBAssignmentPlayerID": null, "CBAssignmentPlayerIndex": null, "CBAssignmentPlayerPosition": null, "zoneYardX": null, "zoneYardY": null, "zoneHeight": null, "zoneWidth": null, "gapYardX": null, "gapYardY": null, "blockingAssignmentPlayerIndex": null, "blockingAssignmentUnitIndex": null, "blockingAssignmentObject": null, "runAssignment": null}}, {"model": "quiz.position", "pk": 93, "fields": {"startX": 29.4490073529412, "startY": 67.7058823529412, "name": "H", "formation": null, "routeCoordinates": "[[29.4490073529412, 67.7058823529412], [26.877009205537682, 71.66666726505055], [12.877009205537682, 71.78431432387409]]", "runCoordinates": null, "blockingCoordinates": null, "motionCoordinates": "[]", "progressionRank": 1, "playerIndex": null, "routeNum": null, "blocker": false, "runner": false, "CBAssignmentPlayerID": null, "CBAssignmentPlayerIndex": null, "CBAssignmentPlayerPosition": null, "zoneYardX": null, "zoneYardY": null, "zoneHeight": null, "zoneWidth": null, "gapYardX": null, "gapYardY": null, "blockingAssignmentPlayerIndex": null, "blockingAssignmentUnitIndex": null, "blockingAssignmentObject": null, "runAssignment": null}}, {"model": "quiz.position", "pk": 94, "fields": {"startX": 26.6843014705882, "startY": 67.2941176470588, "name": "QB", "formation": null, "routeCoordinates": "[[26.6843014705882, 67.2941176470588]]", "runCoordinates": null, "blockingCoordinates": null, "motionCoordinates": "[]", "progressionRank": 0, "playerIndex": null, "routeNum": null, "blocker": false, "runner": false, "CBAssignmentPlayerID": null, "CBAssignmentPlayerIndex": null, "CBAssignmentPlayerPosition": null, "zoneYardX": null, "zoneYardY": null, "zoneHeight": null, "zoneWidth": null, "gapYardX": null, "gapYardY": null, "blockingAssignmentPlayerIndex": null, "blockingAssignmentUnitIndex": null, "blockingAssignmentObject": null, "runAssignment": null}}, {"model": "quiz.position", "pk": 95, "fields": {"startX": 31.6254779411765, "startY": 73.0, "name": "RT", "formation": null, "routeCoordinates": "[[31.6254779411765, 73]]", "runCoordinates": null, "blockingCoordinates": null, "motionCoordinates": "[]", "progressionRank": 0, "playerIndex": null, "routeNum": null, "blocker": false, "runner": false, "CBAssignmentPlayerID": null, "CBAssignmentPlayerIndex": null, "CBAssignmentPlayerPosition": null, "zoneYardX": null, "zoneYardY": null, "zoneHeight": null, "zoneWidth": null, "gapYardX": null, "gapYardY": null, "blockingAssignmentPlayerIndex": null, "blockingAssignmentUnitIndex": null, "blockingAssignmentObject": null, "runAssignment": null}}, {"model": "quiz.position", "pk": 96, "fields": {"startX": 29.1254779411765, "startY": 73.0, "name": "RG", "formation": null, "routeCoordinates": "[[29.1254779411765, 73]]", "runCoordinates": null, "blockingCoordinates": null, "motionCoordinates": "[]", "progressionRank": 0, "playerIndex": null, "routeNum": null, "blocker": false, "runner": false, "CBAssignmentPlayerID": null, "CBAssignmentPlayerIndex": null, "CBAssignmentPlayerPosition": null, "zoneYardX": null, "zoneYardY": null, "zoneHeight": null, "zoneWidth": null, "gapYardX": null, "gapYardY": null, "blockingAssignmentPlayerIndex": null, "blockingAssignmentUnitIndex": null, "blockingAssignmentObject": null, "runAssignment": null}}, {"model": "quiz.position", "pk": 97, "fields": {"startX": 26.6254779411765, "startY": 73.5, "name": "C", "formation": null, "routeCoordinates": "[[26.6254779411765, 73.5]]", "runCoordinates": null, "blockingCoordinates": null, "motionCoordinates": "[]", "progressionRank": 0, "playerIndex": null, "routeNum": null, "blocker": false, "runner": false, "CBAssignmentPlayerID": null, "CBAssignmentPlayerIndex": null, "CBAssignmentPlayerPosition": null, "zoneYardX": null, "zoneYardY": null, "zoneHeight": null, "zoneWidth": null, "gapYardX": null, "gapYardY": null, "blockingAssignmentPlayerIndex": null, "blockingAssignmentUnitIndex": null, "blockingAssignmentObject": null, "runAssignment": null}}, {"model": "quiz.position", "pk": 98, "fields": {"startX": 24.1254779411765, "startY": 73.0, "name": "LG", "formation": null, "routeCoordinates": "[[24.1254779411765, 73]]", "runCoordinates": null, "blockingCoordinates": null, "motionCoordinates": "[]", "progressionRank": 0, "playerIndex": null, "routeNum": null, "blocker": false, "runner": false, "CBAssignmentPlayerID": null, "CBAssignmentPlayerIndex": null, "CBAssignmentPlayerPosition": null, "zoneYardX": null, "zoneYardY": null, "zoneHeight": null, "zoneWidth": null, "gapYardX": null, "gapYardY": null, "blockingAssignmentPlayerIndex": null, "blockingAssignmentUnitIndex": null, "blockingAssignmentObject": null, "runAssignment": null}}, {"model": "quiz.position", "pk": 99, "fields": {"startX": 21.6254779411765, "startY": 73.0, "name": "LT", "formation": null, "routeCoordinates": "[[21.6254779411765, 73]]", "runCoordinates": null, "blockingCoordinates": null, "motionCoordinates": "[]", "progressionRank": 0, "playerIndex": null, "routeNum": null, "blocker": false, "runner": false, "CBAssignmentPlayerID": null, "CBAssignmentPlayerIndex": null, "CBAssignmentPlayerPosition": null, "zoneYardX": null, "zoneYardY": null, "zoneHeight": null, "zoneWidth": null, "gapYardX": null, "gapYardY": null, "blockingAssignmentPlayerIndex": null, "blockingAssignmentUnitIndex": null, "blockingAssignmentObject": null, "runAssignment": null}}, {"model": "quiz.position", "pk": 100, "fields": {"startX": 11.1548897058824, "startY": 70.9411764705882, "name": "Y", "formation": null, "routeCoordinates": "[[11.1548897058824, 70.9411764705882], [11.053479793772977, 81.31372608857997], [12.759362146714153, 79.2549025591682]]", "runCoordinates": null, "blockingCoordinates": null, "motionCoordinates": "[]", "progressionRank": 3, "playerIndex": null, "routeNum": null, "blocker": false, "runner": false, "CBAssignmentPlayerID": null, "CBAssignmentPlayerIndex": null, "CBAssignmentPlayerPosition": null, "zoneYardX": null, "zoneYardY": null, "zoneHeight": null, "zoneWidth": null, "gapYardX": null, "gapYardY": null, "blockingAssignmentPlayerIndex": null, "blockingAssignmentUnitIndex": null, "blockingAssignmentObject": null, "runAssignment": null}}, {"model": "quiz.position", "pk": 101, "fields": {"startX": 42.6843014705882, "startY": 71.2352941176471, "name": "X", "formation": null, "routeCoordinates": "[[42.6843014705882, 71.2352941176471], [42.75936214671415, 81.66666726505055], [41.347597440831805, 79.66666726505055]]", "runCoordinates": null, "blockingCoordinates": null, "motionCoordinates": "[]", "progressionRank": 4, "playerIndex": null, "routeNum": null, "blocker": false, "runner": false, "CBAssignmentPlayerID": null, "CBAssignmentPlayerIndex": null, "CBAssignmentPlayerPosition": null, "zoneYardX": null, "zoneYardY": null, "zoneHeight": null, "zoneWidth": null, "gapYardX": null, "gapYardY": null, "blockingAssignmentPlayerIndex": null, "blockingAssignmentUnitIndex": null, "blockingAssignmentObject": null, "runAssignment": null}}, {"model": "quiz.position", "pk": 102, "fields": {"startX": 19.3901838235294, "startY": 72.9411764705882, "name": "A", "formation": null, "routeCoordinates": "[[19.3901838235294, 72.9411764705882], [19.3475974408318, 79.31372608857997], [2.994656264361213, 87.9019613826976]]", "runCoordinates": null, "blockingCoordinates": null, "motionCoordinates": "[]", "progressionRank": 2, "playerIndex": null, "routeNum": null, "blocker": false, "runner": false, "CBAssignmentPlayerID": null, "CBAssignmentPlayerIndex": null, "CBAssignmentPlayerPosition": null, "zoneYardX": null, "zoneYardY": null, "zoneHeight": null, "zoneWidth": null, "gapYardX": null, "gapYardY": null, "blockingAssignmentPlayerIndex": null, "blockingAssignmentUnitIndex": null, "blockingAssignmentObject": null, "runAssignment": null}}, {"model": "quiz.position", "pk": 103, "fields": {"startX": 33.9784191176471, "startY": 72.9411764705882, "name": "A", "formation": null, "routeCoordinates": "[[33.9784191176471, 72.9411764705882], [33.93583273494944, 79.54902020622703], [46.99465626436121, 87.78431432387409]]", "runCoordinates": null, "blockingCoordinates": null, "motionCoordinates": "[]", "progressionRank": 1, "playerIndex": null, "routeNum": null, "blocker": false, "runner": false, "CBAssignmentPlayerID": null, "CBAssignmentPlayerIndex": null, "CBAssignmentPlayerPosition": null, "zoneYardX": null, "zoneYardY": null, "zoneHeight": null, "zoneWidth": null, "gapYardX": null, "gapYardY": null, "blockingAssignmentPlayerIndex": null, "blockingAssignmentUnitIndex": null, "blockingAssignmentObject": null, "runAssignment": null}}, {"model": "quiz.position", "pk": 104, "fields": {"startX": 26.6254779411765, "startY": 66.1176470588235, "name": "H", "formation": null, "routeCoordinates": "[[26.6254779411765, 66.1176470588235], [33.347597440831805, 66.01960844152114], [46.582891558478856, 68.19607902975643], [48.87700920553768, 72.72549079446232]]", "runCoordinates": null, "blockingCoordinates": null, "motionCoordinates": "[]", "progressionRank": 5, "playerIndex": null, "routeNum": null, "blocker": false, "runner": false, "CBAssignmentPlayerID": null, "CBAssignmentPlayerIndex": null, "CBAssignmentPlayerPosition": null, "zoneYardX": null, "zoneYardY": null, "zoneHeight": null, "zoneWidth": null, "gapYardX": null, "gapYardY": null, "blockingAssignmentPlayerIndex": null, "blockingAssignmentUnitIndex": null, "blockingAssignmentObject": null, "runAssignment": null}}, {"model": "quiz.position", "pk": 105, "fields": {"startX": 26.665, "startY": 70.0, "name": "QB", "formation": null, "routeCoordinates": "[[26.665, 70]]", "runCoordinates": null, "blockingCoordinates": null, "motionCoordinates": "[]", "progressionRank": 0, "playerIndex": null, "routeNum": null, "blocker": false, "runner": false, "CBAssignmentPlayerID": null, "CBAssignmentPlayerIndex": null, "CBAssignmentPlayerPosition": null, "zoneYardX": null, "zoneYardY": null, "zoneHeight": null, "zoneWidth": null, "gapYardX": null, "gapYardY": null, "blockingAssignmentPlayerIndex": null, "blockingAssignmentUnitIndex": null, "blockingAssignmentObject": null, "runAssignment": null}}, {"model": "quiz.position", "pk": 106, "fields": {"startX": 31.665, "startY": 73.0, "name": "RT", "formation": null, "routeCoordinates": "[[31.665, 73]]", "runCoordinates": null, "blockingCoordinates": null, "motionCoordinates": "[]", "progressionRank": 0, "playerIndex": null, "routeNum": null, "blocker": false, "runner": false, "CBAssignmentPlayerID": null, "CBAssignmentPlayerIndex": null, "CBAssignmentPlayerPosition": null, "zoneYardX": null, "zoneYardY": null, "zoneHeight": null, "zoneWidth": null, "gapYardX": null, "gapYardY": null, "blockingAssignmentPlayerIndex": null, "blockingAssignmentUnitIndex": null, "blockingAssignmentObject": null, "runAssignment": null}}, {"model": "quiz.position", "pk": 107, "fields": {"startX": 29.165, "startY": 73.0, "name": "RG", "formation": null, "routeCoordinates": "[[29.165, 73]]", "runCoordinates": null, "blockingCoordinates": null, "motionCoordinates": "[]", "progressionRank": 0, "playerIndex": null, "routeNum": null, "blocker": false, "runner": false, "CBAssignmentPlayerID": null, "CBAssignmentPlayerIndex": null, "CBAssignmentPlayerPosition": null, "zoneYardX": null, "zoneYardY": null, "zoneHeight": null, "zoneWidth": null, "gapYardX": null, "gapYardY": null, "blockingAssignmentPlayerIndex": null, "blockingAssignmentUnitIndex": null, "blockingAssignmentObject": null, "runAssignment": null}}, {"model": "quiz.position", "pk": 108, "fields": {"startX": 26.665, "startY": 73.5, "name": "C", "formation": null, "routeCoordinates": "[[26.665, 73.5]]", "runCoordinates": null, "blockingCoordinates": null, "motionCoordinates": "[]", "progressionRank": 0, "playerIndex": null, "routeNum": null, "blocker": false, "runner": false, "CBAssignmentPlayerID": null, "CBAssignmentPlayerIndex": null, "CBAssignmentPlayerPosition": null, "zoneYardX": null, "zoneYardY": null, "zoneHeight": null, "zoneWidth": null, "gapYardX": null, "gapYardY": null, "blockingAssignmentPlayerIndex": null, "blockingAssignmentUnitIndex": null, "blockingAssignmentObject": null, "runAssignment": null}}, {"model": "quiz.position", "pk": 109, "fields": {"startX": 24.165, "startY": 73.0, "name": "LG", "formation": null, "routeCoordinates": "[[24.165, 73]]", "runCoordinates": null, "blockingCoordinates": null, "motionCoordinates": "[]", "progressionRank": 0, "playerIndex": null, "routeNum": null, "blocker": false, "runner": false, "CBAssignmentPlayerID": null, "CBAssignmentPlayerIndex": null, "CBAssignmentPlayerPosition": null, "zoneYardX": null, "zoneYardY": null, "zoneHeight": null, "zoneWidth": null, "gapYardX": null, "gapYardY": null, "blockingAssignmentPlayerIndex": null, "blockingAssignmentUnitIndex": null, "blockingAssignmentObject": null, "runAssignment": null}}, {"model": "quiz.position", "pk": 110, "fields": {"startX": 21.665, "startY": 73.0, "name": "LT", "formation": null, "routeCoordinates": "[[21.665, 73]]", "runCoordinates": null, "blockingCoordinates": null, "motionCoordinates": "[]", "progressionRank": 0, "playerIndex": null, "routeNum": null, "blocker": false, "runner": false, "CBAssignmentPlayerID": null, "CBAssignmentPlayerIndex": null, "CBAssignmentPlayerPosition": null, "zoneYardX": null, "zoneYardY": null, "zoneHeight": null, "zoneWidth": null, "gapYardX": null, "gapYardY": null, "blockingAssignmentPlayerIndex": null, "blockingAssignmentUnitIndex": null, "blockingAssignmentObject": null, "runAssignment": null}}, {"model": "quiz.play", "pk": 38, "fields": {"name": "Slants", "scoutName": "", "team": 1, "formation": 4, "scout": false, "playJson": "{\"name\":\"Slants\",\"scoutName\":\"\",\"team\":\"1\",\"unit\":\"offense\",\"formation\":\"Green RT\",\"offensivePlayers\":[{\"name\":\"\",\"unit\":\"offense\",\"pos\":\"LT\",\"num\":\"T\",\"startX\":21.665,\"startY\":65,\"x\":21.665,\"y\":65,\"eligible\":false,\"red\":143,\"green\":29,\"blue\":29,\"siz\":2,\"blockingAssignmentArray\":[],\"defensiveMovement\":[],\"route\":[]},{\"name\":\"\",\"unit\":\"offense\",\"pos\":\"LG\",\"num\":\"G\",\"startX\":24.165,\"startY\":65,\"x\":24.165,\"y\":65,\"eligible\":false,\"red\":143,\"green\":29,\"blue\":29,\"siz\":2,\"blockingAssignmentArray\":[],\"defensiveMovement\":[],\"route\":[]},{\"name\":\"\",\"unit\":\"offense\",\"pos\":\"C\",\"num\":\"C\",\"startX\":26.665,\"startY\":65,\"x\":26.665,\"y\":65,\"eligible\":false,\"red\":143,\"green\":29,\"blue\":29,\"siz\":2,\"blockingAssignmentArray\":[],\"defensiveMovement\":[],\"route\":[]},{\"name\":\"\",\"unit\":\"offense\",\"pos\":\"RG\",\"num\":\"G\",\"startX\":29.165,\"startY\":65,\"x\":29.165,\"y\":65,\"eligible\":false,\"red\":143,\"green\":29,\"blue\":29,\"siz\":2,\"blockingAssignmentArray\":[],\"defensiveMovement\":[],\"route\":[]},{\"name\":\"\",\"unit\":\"offense\",\"pos\":\"RT\",\"num\":\"T\",\"startX\":31.665,\"startY\":65,\"x\":31.665,\"y\":65,\"eligible\":false,\"red\":143,\"green\":29,\"blue\":29,\"siz\":2,\"blockingAssignmentArray\":[],\"defensiveMovement\":[],\"route\":[]},{\"name\":\"\",\"unit\":\"offense\",\"pos\":\"QB\",\"num\":12,\"startX\":26.665,\"startY\":62.75,\"x\":26.665,\"y\":62.75,\"eligible\":true,\"red\":212,\"green\":130,\"blue\":130,\"siz\":2,\"blockingAssignmentArray\":[],\"defensiveMovement\":[],\"route\":[]},{\"name\":\"\",\"unit\":\"offense\",\"pos\":\"Y\",\"num\":\"Y\",\"startX\":34.10227992957746,\"startY\":65,\"x\":34.10227992957746,\"y\":65,\"eligible\":true,\"red\":255,\"green\":0,\"blue\":0,\"siz\":2,\"blockingAssignmentArray\":[],\"defensiveMovement\":[],\"route\":[[50.006978092783505,69.51030927835052]]},{\"name\":\"\",\"unit\":\"offense\",\"pos\":\"X\",\"num\":\"X\",\"startX\":11.848758802816901,\"startY\":65,\"x\":11.848758802816901,\"y\":65,\"eligible\":true,\"red\":255,\"green\":0,\"blue\":0,\"siz\":2,\"blockingAssignmentArray\":[],\"defensiveMovement\":[],\"route\":[[11.687390463917525,69.00515463917526],[27.780173969072163,72.18041237113403]]},{\"name\":\"\",\"unit\":\"offense\",\"pos\":\"Z\",\"num\":\"Z\",\"startX\":41.56706866197183,\"startY\":63.274647887323944,\"x\":41.56706866197183,\"y\":63.274647887323944,\"eligible\":true,\"red\":255,\"green\":0,\"blue\":0,\"siz\":2,\"blockingAssignmentArray\":[],\"defensiveMovement\":[],\"route\":[[41.41934922680412,67.6340206185567],[26.26471005154639,70.23195876288659]]},{\"name\":\"\",\"unit\":\"offense\",\"pos\":\"H\",\"num\":\"H\",\"startX\":26.77833626760563,\"startY\":57.21830985915493,\"x\":26.77833626760563,\"y\":57.21830985915493,\"eligible\":true,\"red\":255,\"green\":0,\"blue\":0,\"siz\":2,\"blockingAssignmentArray\":[],\"defensiveMovement\":[],\"route\":[]},{\"name\":\"\",\"unit\":\"offense\",\"pos\":\"F\",\"num\":\"F\",\"startX\":26.707913732394367,\"startY\":59.61267605633803,\"x\":26.707913732394367,\"y\":59.61267605633803,\"eligible\":true,\"red\":255,\"green\":0,\"blue\":0,\"siz\":2,\"blockingAssignmentArray\":[],\"defensiveMovement\":[],\"route\":[[18.037905927835048,64.9639175257732],[3.3162564432989683,68.28350515463917]]}],\"defensivePlayers\":[],\"quarterback\":[{\"name\":\"\",\"unit\":\"offense\",\"pos\":\"QB\",\"num\":12,\"startX\":26.665,\"startY\":62.75,\"x\":26.665,\"y\":62.75,\"eligible\":true,\"red\":212,\"green\":130,\"blue\":130,\"siz\":2,\"blockingAssignmentArray\":[],\"defensiveMovement\":[],\"route\":[]}],\"offensiveLinemen\":[{\"name\":\"\",\"unit\":\"offense\",\"pos\":\"LT\",\"num\":\"T\",\"startX\":21.665,\"startY\":65,\"x\":21.665,\"y\":65,\"eligible\":false,\"red\":143,\"green\":29,\"blue\":29,\"siz\":2,\"blockingAssignmentArray\":[],\"defensiveMovement\":[],\"route\":[]},{\"name\":\"\",\"unit\":\"offense\",\"pos\":\"LG\",\"num\":\"G\",\"startX\":24.165,\"startY\":65,\"x\":24.165,\"y\":65,\"eligible\":false,\"red\":143,\"green\":29,\"blue\":29,\"siz\":2,\"blockingAssignmentArray\":[],\"defensiveMovement\":[],\"route\":[]},{\"name\":\"\",\"unit\":\"offense\",\"pos\":\"C\",\"num\":\"C\",\"startX\":26.665,\"startY\":65,\"x\":26.665,\"y\":65,\"eligible\":false,\"red\":143,\"green\":29,\"blue\":29,\"siz\":2,\"blockingAssignmentArray\":[],\"defensiveMovement\":[],\"route\":[]},{\"name\":\"\",\"unit\":\"offense\",\"pos\":\"RG\",\"num\":0,\"startX\":409.5,\"startY\":242.5,\"x\":409.5,\"y\":242.5,\"eligible\":false,\"red\":0,\"green\":0,\"blue\":0,\"siz\":2,\"blockingAssignmentArray\":[],\"defensiveMovement\":[],\"route\":[]},{\"name\":\"\",\"unit\":\"offense\",\"pos\":\"RT\",\"num\":0,\"startX\":409.5,\"startY\":242.5,\"x\":409.5,\"y\":242.5,\"eligible\":false,\"red\":0,\"green\":0,\"blue\":0,\"siz\":2,\"blockingAssignmentArray\":[],\"defensiveMovement\":[],\"route\":[]}],\"eligibleReceivers\":[{\"name\":\"\",\"unit\":\"offense\",\"pos\":\"QB\",\"num\":12,\"startX\":26.665,\"startY\":62.75,\"x\":26.665,\"y\":62.75,\"eligible\":true,\"red\":212,\"green\":130,\"blue\":130,\"siz\":2,\"blockingAssignmentArray\":[],\"defensiveMovement\":[],\"route\":[]},{\"name\":\"\",\"unit\":\"offense\",\"pos\":\"Y\",\"num\":\"Y\",\"startX\":34.10227992957746,\"startY\":65,\"x\":34.10227992957746,\"y\":65,\"eligible\":true,\"red\":255,\"green\":0,\"blue\":0,\"siz\":2,\"blockingAssignmentArray\":[],\"defensiveMovement\":[],\"route\":[]},{\"name\":\"\",\"unit\":\"offense\",\"pos\":\"X\",\"num\":\"X\",\"startX\":11.848758802816901,\"startY\":65,\"x\":11.848758802816901,\"y\":65,\"eligible\":true,\"red\":255,\"green\":0,\"blue\":0,\"siz\":2,\"blockingAssignmentArray\":[],\"defensiveMovement\":[],\"route\":[]},{\"name\":\"\",\"unit\":\"offense\",\"pos\":\"Z\",\"num\":\"Z\",\"startX\":41.56706866197183,\"startY\":63.274647887323944,\"x\":41.56706866197183,\"y\":63.274647887323944,\"eligible\":true,\"red\":255,\"green\":0,\"blue\":0,\"siz\":2,\"blockingAssignmentArray\":[],\"defensiveMovement\":[],\"route\":[]},{\"name\":\"\",\"unit\":\"offense\",\"pos\":\"H\",\"num\":\"H\",\"startX\":26.77833626760563,\"startY\":57.21830985915493,\"x\":26.77833626760563,\"y\":57.21830985915493,\"eligible\":true,\"red\":255,\"green\":0,\"blue\":0,\"siz\":2,\"blockingAssignmentArray\":[],\"defensiveMovement\":[],\"route\":[]},{\"name\":\"\",\"unit\":\"offense\",\"pos\":\"F\",\"num\":\"F\",\"startX\":26.707913732394367,\"startY\":59.61267605633803,\"x\":26.707913732394367,\"y\":59.61267605633803,\"eligible\":true,\"red\":255,\"green\":0,\"blue\":0,\"siz\":2,\"blockingAssignmentArray\":[],\"defensiveMovement\":[],\"route\":[]}]}", "created_at": "2016-09-09T06:51:24.744Z", "updated_at": "2016-09-09T06:51:24.744Z"}}, {"model": "quiz.play", "pk": 39, "fields": {"name": "Slants", "scoutName": "4-3", "team": 1, "formation": 4, "scout": false, "playJson": "{\"name\":\"Slants\",\"scoutName\":\"4-3\",\"team\":\"1\",\"unit\":\"offense\",\"formation\":\"Green RT\",\"offensivePlayers\":[{\"name\":\"\",\"unit\":\"offense\",\"pos\":\"LT\",\"num\":\"T\",\"startX\":21.665,\"startY\":65,\"x\":21.665,\"y\":65,\"eligible\":false,\"red\":143,\"green\":29,\"blue\":29,\"siz\":2,\"blockingAssignmentArray\":[{\"x\":21.573988402061854,\"y\":67.05670103092784,\"type\":1,\"player\":{\"name\":\"\",\"unit\":\"defense\",\"pos\":\"DL\",\"num\":\"DL\",\"startX\":21.61013494318182,\"startY\":67,\"x\":21.61013494318182,\"y\":67,\"eligible\":false,\"red\":0,\"green\":0,\"blue\":0,\"siz\":2,\"blockingAssignmentArray\":[],\"defensiveMovement\":[],\"route\":[]}}],\"defensiveMovement\":[],\"route\":[]},{\"name\":\"\",\"unit\":\"offense\",\"pos\":\"LG\",\"num\":\"G\",\"startX\":24.165,\"startY\":65,\"x\":24.165,\"y\":65,\"eligible\":false,\"red\":143,\"green\":29,\"blue\":29,\"siz\":2,\"blockingAssignmentArray\":[{\"x\":24.893576030927832,\"y\":66.69587628865979,\"type\":1,\"player\":{\"name\":\"\",\"unit\":\"defense\",\"pos\":\"DL\",\"num\":\"DL\",\"startX\":24.951044034090906,\"startY\":67,\"x\":24.951044034090906,\"y\":67,\"eligible\":false,\"red\":0,\"green\":0,\"blue\":0,\"siz\":2,\"blockingAssignmentArray\":[],\"defensiveMovement\":[],\"route\":[]}}],\"defensiveMovement\":[],\"route\":[]},{\"name\":\"\",\"unit\":\"offense\",\"pos\":\"C\",\"num\":\"C\",\"startX\":26.665,\"startY\":65,\"x\":26.665,\"y\":65,\"eligible\":false,\"red\":143,\"green\":29,\"blue\":29,\"siz\":2,\"blockingAssignmentArray\":[],\"defensiveMovement\":[],\"route\":[]},{\"name\":\"\",\"unit\":\"offense\",\"pos\":\"RG\",\"num\":\"G\",\"startX\":29.165,\"startY\":65,\"x\":29.165,\"y\":65,\"eligible\":false,\"red\":143,\"green\":29,\"blue\":29,\"siz\":2,\"blockingAssignmentArray\":[{\"x\":28.790483247422678,\"y\":66.62371134020619,\"type\":1,\"player\":{\"name\":\"\",\"unit\":\"defense\",\"pos\":\"DL\",\"num\":\"DL\",\"startX\":28.769225852272726,\"startY\":67,\"x\":28.769225852272726,\"y\":67,\"eligible\":false,\"red\":0,\"green\":0,\"blue\":0,\"siz\":2,\"blockingAssignmentArray\":[],\"defensiveMovement\":[],\"route\":[]}}],\"defensiveMovement\":[],\"route\":[]},{\"name\":\"\",\"unit\":\"offense\",\"pos\":\"RT\",\"num\":\"T\",\"startX\":31.665,\"startY\":65,\"x\":31.665,\"y\":65,\"eligible\":false,\"red\":143,\"green\":29,\"blue\":29,\"siz\":2,\"blockingAssignmentArray\":[{\"x\":31.965740979381444,\"y\":66.26288659793815,\"type\":1,\"player\":{\"name\":\"\",\"unit\":\"defense\",\"pos\":\"DL\",\"num\":\"DL\",\"startX\":32.030589488636366,\"startY\":67.06818181818181,\"x\":32.030589488636366,\"y\":67.06818181818181,\"eligible\":false,\"red\":0,\"green\":0,\"blue\":0,\"siz\":2,\"blockingAssignmentArray\":[],\"defensiveMovement\":[],\"route\":[]}}],\"defensiveMovement\":[],\"route\":[]},{\"name\":\"\",\"unit\":\"offense\",\"pos\":\"QB\",\"num\":12,\"startX\":26.665,\"startY\":62.75,\"x\":26.665,\"y\":62.75,\"eligible\":true,\"red\":212,\"green\":130,\"blue\":130,\"siz\":2,\"blockingAssignmentArray\":[],\"defensiveMovement\":[],\"route\":[]},{\"name\":\"\",\"unit\":\"offense\",\"pos\":\"Y\",\"num\":\"Y\",\"startX\":34.10227992957746,\"startY\":65,\"x\":34.10227992957746,\"y\":65,\"eligible\":true,\"red\":255,\"green\":0,\"blue\":0,\"siz\":2,\"blockingAssignmentArray\":[],\"defensiveMovement\":[],\"route\":[[50.006978092783505,69.51030927835052]]},{\"name\":\"\",\"unit\":\"offense\",\"pos\":\"X\",\"num\":\"X\",\"startX\":11.848758802816901,\"startY\":65,\"x\":11.848758802816901,\"y\":65,\"eligible\":true,\"red\":255,\"green\":0,\"blue\":0,\"siz\":2,\"blockingAssignmentArray\":[],\"defensiveMovement\":[],\"route\":[[11.687390463917525,69.00515463917526],[27.780173969072163,72.18041237113403]]},{\"name\":\"\",\"unit\":\"offense\",\"pos\":\"Z\",\"num\":\"Z\",\"startX\":41.56706866197183,\"startY\":63.274647887323944,\"x\":41.56706866197183,\"y\":63.274647887323944,\"eligible\":true,\"red\":255,\"green\":0,\"blue\":0,\"siz\":2,\"blockingAssignmentArray\":[],\"defensiveMovement\":[],\"route\":[[41.41934922680412,67.6340206185567],[26.26471005154639,70.23195876288659]]},{\"name\":\"\",\"unit\":\"offense\",\"pos\":\"H\",\"num\":\"H\",\"startX\":26.77833626760563,\"startY\":57.21830985915493,\"x\":26.77833626760563,\"y\":57.21830985915493,\"eligible\":true,\"red\":255,\"green\":0,\"blue\":0,\"siz\":2,\"blockingAssignmentArray\":[],\"defensiveMovement\":[],\"route\":[]},{\"name\":\"\",\"unit\":\"offense\",\"pos\":\"F\",\"num\":\"F\",\"startX\":26.707913732394367,\"startY\":59.61267605633803,\"x\":26.707913732394367,\"y\":59.61267605633803,\"eligible\":true,\"red\":255,\"green\":0,\"blue\":0,\"siz\":2,\"blockingAssignmentArray\":[],\"defensiveMovement\":[],\"route\":[[18.037905927835048,64.9639175257732],[3.3162564432989683,68.28350515463917]]}],\"defensivePlayers\":[{\"name\":\"\",\"unit\":\"defense\",\"pos\":\"DL\",\"num\":\"DL\",\"startX\":32.030589488636366,\"startY\":67.06818181818181,\"x\":32.030589488636366,\"y\":67.06818181818181,\"eligible\":false,\"red\":0,\"green\":0,\"blue\":0,\"siz\":2,\"blockingAssignmentArray\":[],\"defensiveMovement\":[],\"route\":[]},{\"name\":\"\",\"unit\":\"defense\",\"pos\":\"DL\",\"num\":\"DL\",\"startX\":21.61013494318182,\"startY\":67,\"x\":21.61013494318182,\"y\":67,\"eligible\":false,\"red\":0,\"green\":0,\"blue\":0,\"siz\":2,\"blockingAssignmentArray\":[],\"defensiveMovement\":[],\"route\":[]},{\"name\":\"\",\"unit\":\"defense\",\"pos\":\"LB\",\"num\":\"LB\",\"startX\":26.70104403409091,\"startY\":70.88636363636364,\"x\":26.70104403409091,\"y\":70.88636363636364,\"eligible\":false,\"red\":0,\"green\":0,\"blue\":0,\"siz\":2,\"blockingAssignmentArray\":[],\"defensiveMovement\":[],\"route\":[]},{\"name\":\"\",\"unit\":\"defense\",\"pos\":\"LB\",\"num\":\"LB\",\"startX\":22.564680397727273,\"startY\":70.56818181818181,\"x\":22.564680397727273,\"y\":70.56818181818181,\"eligible\":false,\"red\":0,\"green\":0,\"blue\":0,\"siz\":2,\"blockingAssignmentArray\":[],\"defensiveMovement\":[],\"route\":[]},{\"name\":\"\",\"unit\":\"defense\",\"pos\":\"LB\",\"num\":\"LB\",\"startX\":30.598771306818183,\"startY\":70.64772727272728,\"x\":30.598771306818183,\"y\":70.64772727272728,\"eligible\":false,\"red\":0,\"green\":0,\"blue\":0,\"siz\":2,\"blockingAssignmentArray\":[],\"defensiveMovement\":[],\"route\":[]},{\"name\":\"\",\"unit\":\"defense\",\"pos\":\"DB\",\"num\":\"DB\",\"startX\":41.49649857954545,\"startY\":68.81818181818181,\"x\":41.49649857954545,\"y\":68.81818181818181,\"eligible\":false,\"red\":0,\"green\":0,\"blue\":0,\"siz\":2,\"blockingAssignmentArray\":[],\"defensiveMovement\":[],\"route\":[]},{\"name\":\"\",\"unit\":\"defense\",\"pos\":\"DB\",\"num\":\"DB\",\"startX\":11.507862215909089,\"startY\":68.57954545454545,\"x\":11.507862215909089,\"y\":68.57954545454545,\"eligible\":false,\"red\":0,\"green\":0,\"blue\":0,\"siz\":2,\"blockingAssignmentArray\":[],\"defensiveMovement\":[],\"route\":[]},{\"name\":\"\",\"unit\":\"defense\",\"pos\":\"DB\",\"num\":\"DB\",\"startX\":32.18968039772727,\"startY\":74.22727272727272,\"x\":32.18968039772727,\"y\":74.22727272727272,\"eligible\":false,\"red\":0,\"green\":0,\"blue\":0,\"siz\":2,\"blockingAssignmentArray\":[],\"defensiveMovement\":[],\"route\":[]},{\"name\":\"\",\"unit\":\"defense\",\"pos\":\"DB\",\"num\":\"DB\",\"startX\":23.757862215909093,\"startY\":77.17045454545455,\"x\":23.757862215909093,\"y\":77.17045454545455,\"eligible\":false,\"red\":0,\"green\":0,\"blue\":0,\"siz\":2,\"blockingAssignmentArray\":[],\"defensiveMovement\":[],\"route\":[]},{\"name\":\"\",\"unit\":\"defense\",\"pos\":\"DL\",\"num\":\"DL\",\"startX\":24.951044034090906,\"startY\":67,\"x\":24.951044034090906,\"y\":67,\"eligible\":false,\"red\":0,\"green\":0,\"blue\":0,\"siz\":2,\"blockingAssignmentArray\":[],\"defensiveMovement\":[],\"route\":[]},{\"name\":\"\",\"unit\":\"defense\",\"pos\":\"DL\",\"num\":\"DL\",\"startX\":28.769225852272726,\"startY\":67,\"x\":28.769225852272726,\"y\":67,\"eligible\":false,\"red\":0,\"green\":0,\"blue\":0,\"siz\":2,\"blockingAssignmentArray\":[],\"defensiveMovement\":[],\"route\":[]}],\"quarterback\":[{\"name\":\"\",\"unit\":\"offense\",\"pos\":\"QB\",\"num\":12,\"startX\":26.665,\"startY\":62.75,\"x\":26.665,\"y\":62.75,\"eligible\":true,\"red\":212,\"green\":130,\"blue\":130,\"siz\":2,\"blockingAssignmentArray\":[],\"defensiveMovement\":[],\"route\":[]}],\"offensiveLinemen\":[{\"name\":\"\",\"unit\":\"offense\",\"pos\":\"LT\",\"num\":\"T\",\"startX\":21.665,\"startY\":65,\"x\":21.665,\"y\":65,\"eligible\":false,\"red\":143,\"green\":29,\"blue\":29,\"siz\":2,\"blockingAssignmentArray\":[],\"defensiveMovement\":[],\"route\":[]},{\"name\":\"\",\"unit\":\"offense\",\"pos\":\"LG\",\"num\":\"G\",\"startX\":24.165,\"startY\":65,\"x\":24.165,\"y\":65,\"eligible\":false,\"red\":143,\"green\":29,\"blue\":29,\"siz\":2,\"blockingAssignmentArray\":[],\"defensiveMovement\":[],\"route\":[]},{\"name\":\"\",\"unit\":\"offense\",\"pos\":\"C\",\"num\":\"C\",\"startX\":26.665,\"startY\":65,\"x\":26.665,\"y\":65,\"eligible\":false,\"red\":143,\"green\":29,\"blue\":29,\"siz\":2,\"blockingAssignmentArray\":[],\"defensiveMovement\":[],\"route\":[]},{\"name\":\"\",\"unit\":\"offense\",\"pos\":\"RG\",\"num\":0,\"startX\":409.5,\"startY\":242.5,\"x\":409.5,\"y\":242.5,\"eligible\":false,\"red\":0,\"green\":0,\"blue\":0,\"siz\":2,\"blockingAssignmentArray\":[],\"defensiveMovement\":[],\"route\":[]},{\"name\":\"\",\"unit\":\"offense\",\"pos\":\"RT\",\"num\":0,\"startX\":409.5,\"startY\":242.5,\"x\":409.5,\"y\":242.5,\"eligible\":false,\"red\":0,\"green\":0,\"blue\":0,\"siz\":2,\"blockingAssignmentArray\":[],\"defensiveMovement\":[],\"route\":[]}],\"eligibleReceivers\":[{\"name\":\"\",\"unit\":\"offense\",\"pos\":\"QB\",\"num\":12,\"startX\":26.665,\"startY\":62.75,\"x\":26.665,\"y\":62.75,\"eligible\":true,\"red\":212,\"green\":130,\"blue\":130,\"siz\":2,\"blockingAssignmentArray\":[],\"defensiveMovement\":[],\"route\":[]},{\"name\":\"\",\"unit\":\"offense\",\"pos\":\"Y\",\"num\":\"Y\",\"startX\":34.10227992957746,\"startY\":65,\"x\":34.10227992957746,\"y\":65,\"eligible\":true,\"red\":255,\"green\":0,\"blue\":0,\"siz\":2,\"blockingAssignmentArray\":[],\"defensiveMovement\":[],\"route\":[]},{\"name\":\"\",\"unit\":\"offense\",\"pos\":\"X\",\"num\":\"X\",\"startX\":11.848758802816901,\"startY\":65,\"x\":11.848758802816901,\"y\":65,\"eligible\":true,\"red\":255,\"green\":0,\"blue\":0,\"siz\":2,\"blockingAssignmentArray\":[],\"defensiveMovement\":[],\"route\":[]},{\"name\":\"\",\"unit\":\"offense\",\"pos\":\"Z\",\"num\":\"Z\",\"startX\":41.56706866197183,\"startY\":63.274647887323944,\"x\":41.56706866197183,\"y\":63.274647887323944,\"eligible\":true,\"red\":255,\"green\":0,\"blue\":0,\"siz\":2,\"blockingAssignmentArray\":[],\"defensiveMovement\":[],\"route\":[]},{\"name\":\"\",\"unit\":\"offense\",\"pos\":\"H\",\"num\":\"H\",\"startX\":26.77833626760563,\"startY\":57.21830985915493,\"x\":26.77833626760563,\"y\":57.21830985915493,\"eligible\":true,\"red\":255,\"green\":0,\"blue\":0,\"siz\":2,\"blockingAssignmentArray\":[],\"defensiveMovement\":[],\"route\":[]},{\"name\":\"\",\"unit\":\"offense\",\"pos\":\"F\",\"num\":\"F\",\"startX\":26.707913732394367,\"startY\":59.61267605633803,\"x\":26.707913732394367,\"y\":59.61267605633803,\"eligible\":true,\"red\":255,\"green\":0,\"blue\":0,\"siz\":2,\"blockingAssignmentArray\":[],\"defensiveMovement\":[],\"route\":[]}]}", "created_at": "2016-09-09T06:51:38.692Z", "updated_at": "2016-09-09T06:51:38.692Z"}}, {"model": "quiz.play", "pk": 40, "fields": {"name": "Slants", "scoutName": "3-4", "team": 1, "formation": 4, "scout": false, "playJson": "{\"name\":\"Slants\",\"scoutName\":\"3-4\",\"team\":\"1\",\"unit\":\"offense\",\"formation\":\"Green RT\",\"offensivePlayers\":[{\"name\":\"\",\"unit\":\"offense\",\"pos\":\"LT\",\"num\":\"T\",\"startX\":21.665,\"startY\":65,\"x\":21.665,\"y\":65,\"eligible\":false,\"red\":143,\"green\":29,\"blue\":29,\"siz\":2,\"blockingAssignmentArray\":[{\"x\":19.26471005154639,\"y\":69.79896907216495,\"type\":1,\"player\":{\"name\":\"\",\"unit\":\"defense\",\"pos\":\"LB\",\"num\":\"LB\",\"startX\":19.22377130681818,\"startY\":69.69318181818181,\"x\":19.22377130681818,\"y\":69.69318181818181,\"eligible\":false,\"red\":0,\"green\":0,\"blue\":0,\"siz\":2,\"blockingAssignmentArray\":[],\"defensiveMovement\":[],\"route\":[]}}],\"defensiveMovement\":[],\"route\":[]},{\"name\":\"\",\"unit\":\"offense\",\"pos\":\"LG\",\"num\":\"G\",\"startX\":24.165,\"startY\":65,\"x\":24.165,\"y\":65,\"eligible\":false,\"red\":143,\"green\":29,\"blue\":29,\"siz\":2,\"blockingAssignmentArray\":[{\"x\":24.171926546391752,\"y\":66.69587628865979,\"type\":1,\"player\":{\"name\":\"\",\"unit\":\"defense\",\"pos\":\"DL\",\"num\":\"DL\",\"startX\":24.314680397727273,\"startY\":67,\"x\":24.314680397727273,\"y\":67,\"eligible\":false,\"red\":0,\"green\":0,\"blue\":0,\"siz\":2,\"blockingAssignmentArray\":[],\"defensiveMovement\":[],\"route\":[]}}],\"defensiveMovement\":[],\"route\":[]},{\"name\":\"\",\"unit\":\"offense\",\"pos\":\"C\",\"num\":\"C\",\"startX\":26.665,\"startY\":65,\"x\":26.665,\"y\":65,\"eligible\":false,\"red\":143,\"green\":29,\"blue\":29,\"siz\":2,\"blockingAssignmentArray\":[],\"defensiveMovement\":[],\"route\":[]},{\"name\":\"\",\"unit\":\"offense\",\"pos\":\"RG\",\"num\":\"G\",\"startX\":29.165,\"startY\":65,\"x\":29.165,\"y\":65,\"eligible\":false,\"red\":143,\"green\":29,\"blue\":29,\"siz\":2,\"blockingAssignmentArray\":[{\"x\":27.924503865979382,\"y\":66.84020618556701,\"type\":1,\"player\":{\"name\":\"\",\"unit\":\"defense\",\"pos\":\"DL\",\"num\":\"DL\",\"startX\":27.973771306818183,\"startY\":67,\"x\":27.973771306818183,\"y\":67,\"eligible\":false,\"red\":0,\"green\":0,\"blue\":0,\"siz\":2,\"blockingAssignmentArray\":[],\"defensiveMovement\":[],\"route\":[]}}],\"defensiveMovement\":[],\"route\":[]},{\"name\":\"\",\"unit\":\"offense\",\"pos\":\"RT\",\"num\":\"T\",\"startX\":31.665,\"startY\":65,\"x\":31.665,\"y\":65,\"eligible\":false,\"red\":143,\"green\":29,\"blue\":29,\"siz\":2,\"blockingAssignmentArray\":[{\"x\":32.32656572164949,\"y\":66.84020618556701,\"type\":1,\"player\":{\"name\":\"\",\"unit\":\"defense\",\"pos\":\"DL\",\"num\":\"DL\",\"startX\":32.030589488636366,\"startY\":67,\"x\":32.030589488636366,\"y\":67,\"eligible\":false,\"red\":0,\"green\":0,\"blue\":0,\"siz\":2,\"blockingAssignmentArray\":[],\"defensiveMovement\":[],\"route\":[]}}],\"defensiveMovement\":[],\"route\":[]},{\"name\":\"\",\"unit\":\"offense\",\"pos\":\"QB\",\"num\":12,\"startX\":26.665,\"startY\":62.75,\"x\":26.665,\"y\":62.75,\"eligible\":true,\"red\":212,\"green\":130,\"blue\":130,\"siz\":2,\"blockingAssignmentArray\":[],\"defensiveMovement\":[],\"route\":[]},{\"name\":\"\",\"unit\":\"offense\",\"pos\":\"Y\",\"num\":\"Y\",\"startX\":34.10227992957746,\"startY\":65,\"x\":34.10227992957746,\"y\":65,\"eligible\":true,\"red\":255,\"green\":0,\"blue\":0,\"siz\":2,\"blockingAssignmentArray\":[],\"defensiveMovement\":[],\"route\":[[50.006978092783505,69.51030927835052]]},{\"name\":\"\",\"unit\":\"offense\",\"pos\":\"X\",\"num\":\"X\",\"startX\":11.848758802816901,\"startY\":65,\"x\":11.848758802816901,\"y\":65,\"eligible\":true,\"red\":255,\"green\":0,\"blue\":0,\"siz\":2,\"blockingAssignmentArray\":[],\"defensiveMovement\":[],\"route\":[[11.687390463917525,69.00515463917526],[27.780173969072163,72.18041237113403]]},{\"name\":\"\",\"unit\":\"offense\",\"pos\":\"Z\",\"num\":\"Z\",\"startX\":41.56706866197183,\"startY\":63.274647887323944,\"x\":41.56706866197183,\"y\":63.274647887323944,\"eligible\":true,\"red\":255,\"green\":0,\"blue\":0,\"siz\":2,\"blockingAssignmentArray\":[],\"defensiveMovement\":[],\"route\":[[41.41934922680412,67.6340206185567],[26.26471005154639,70.23195876288659]]},{\"name\":\"\",\"unit\":\"offense\",\"pos\":\"H\",\"num\":\"H\",\"startX\":26.77833626760563,\"startY\":57.21830985915493,\"x\":26.77833626760563,\"y\":57.21830985915493,\"eligible\":true,\"red\":255,\"green\":0,\"blue\":0,\"siz\":2,\"blockingAssignmentArray\":[],\"defensiveMovement\":[],\"route\":[]},{\"name\":\"\",\"unit\":\"offense\",\"pos\":\"F\",\"num\":\"F\",\"startX\":26.707913732394367,\"startY\":59.61267605633803,\"x\":26.707913732394367,\"y\":59.61267605633803,\"eligible\":true,\"red\":255,\"green\":0,\"blue\":0,\"siz\":2,\"blockingAssignmentArray\":[],\"defensiveMovement\":[],\"route\":[[18.037905927835048,64.9639175257732],[3.3162564432989683,68.28350515463917]]}],\"defensivePlayers\":[{\"name\":\"\",\"unit\":\"defense\",\"pos\":\"DL\",\"num\":\"DL\",\"startX\":24.314680397727273,\"startY\":67,\"x\":24.314680397727273,\"y\":67,\"eligible\":false,\"red\":0,\"green\":0,\"blue\":0,\"siz\":2,\"blockingAssignmentArray\":[],\"defensiveMovement\":[],\"route\":[]},{\"name\":\"\",\"unit\":\"defense\",\"pos\":\"LB\",\"num\":\"LB\",\"startX\":23.916953125,\"startY\":71.20454545454545,\"x\":23.916953125,\"y\":71.20454545454545,\"eligible\":false,\"red\":0,\"green\":0,\"blue\":0,\"siz\":2,\"blockingAssignmentArray\":[],\"defensiveMovement\":[],\"route\":[]},{\"name\":\"\",\"unit\":\"defense\",\"pos\":\"LB\",\"num\":\"LB\",\"startX\":19.22377130681818,\"startY\":69.69318181818181,\"x\":19.22377130681818,\"y\":69.69318181818181,\"eligible\":false,\"red\":0,\"green\":0,\"blue\":0,\"siz\":2,\"blockingAssignmentArray\":[],\"defensiveMovement\":[],\"route\":[]},{\"name\":\"\",\"unit\":\"defense\",\"pos\":\"LB\",\"num\":\"LB\",\"startX\":28.689680397727273,\"startY\":71.20454545454545,\"x\":28.689680397727273,\"y\":71.20454545454545,\"eligible\":false,\"red\":0,\"green\":0,\"blue\":0,\"siz\":2,\"blockingAssignmentArray\":[],\"defensiveMovement\":[],\"route\":[]},{\"name\":\"\",\"unit\":\"defense\",\"pos\":\"DB\",\"num\":\"DB\",\"startX\":41.49649857954545,\"startY\":68.81818181818181,\"x\":41.49649857954545,\"y\":68.81818181818181,\"eligible\":false,\"red\":0,\"green\":0,\"blue\":0,\"siz\":2,\"blockingAssignmentArray\":[],\"defensiveMovement\":[],\"route\":[]},{\"name\":\"\",\"unit\":\"defense\",\"pos\":\"DB\",\"num\":\"DB\",\"startX\":11.507862215909089,\"startY\":68.57954545454545,\"x\":11.507862215909089,\"y\":68.57954545454545,\"eligible\":false,\"red\":0,\"green\":0,\"blue\":0,\"siz\":2,\"blockingAssignmentArray\":[],\"defensiveMovement\":[],\"route\":[]},{\"name\":\"\",\"unit\":\"defense\",\"pos\":\"DB\",\"num\":\"DB\",\"startX\":30.598771306818183,\"startY\":75.3409090909091,\"x\":30.598771306818183,\"y\":75.3409090909091,\"eligible\":false,\"red\":0,\"green\":0,\"blue\":0,\"siz\":2,\"blockingAssignmentArray\":[],\"defensiveMovement\":[],\"route\":[]},{\"name\":\"\",\"unit\":\"defense\",\"pos\":\"DB\",\"num\":\"DB\",\"startX\":23.757862215909093,\"startY\":77.17045454545455,\"x\":23.757862215909093,\"y\":77.17045454545455,\"eligible\":false,\"red\":0,\"green\":0,\"blue\":0,\"siz\":2,\"blockingAssignmentArray\":[],\"defensiveMovement\":[],\"route\":[]},{\"name\":\"\",\"unit\":\"defense\",\"pos\":\"DL\",\"num\":\"DL\",\"startX\":27.973771306818183,\"startY\":67,\"x\":27.973771306818183,\"y\":67,\"eligible\":false,\"red\":0,\"green\":0,\"blue\":0,\"siz\":2,\"blockingAssignmentArray\":[],\"defensiveMovement\":[],\"route\":[]},{\"name\":\"\",\"unit\":\"defense\",\"pos\":\"DL\",\"num\":\"DL\",\"startX\":32.030589488636366,\"startY\":67,\"x\":32.030589488636366,\"y\":67,\"eligible\":false,\"red\":0,\"green\":0,\"blue\":0,\"siz\":2,\"blockingAssignmentArray\":[],\"defensiveMovement\":[],\"route\":[]},{\"name\":\"\",\"unit\":\"defense\",\"pos\":\"LB\",\"num\":\"LB\",\"startX\":32.98513494318182,\"startY\":71.125,\"x\":32.98513494318182,\"y\":71.125,\"eligible\":false,\"red\":0,\"green\":0,\"blue\":0,\"siz\":2,\"blockingAssignmentArray\":[],\"defensiveMovement\":[],\"route\":[]}],\"quarterback\":[{\"name\":\"\",\"unit\":\"offense\",\"pos\":\"QB\",\"num\":12,\"startX\":26.665,\"startY\":62.75,\"x\":26.665,\"y\":62.75,\"eligible\":true,\"red\":212,\"green\":130,\"blue\":130,\"siz\":2,\"blockingAssignmentArray\":[],\"defensiveMovement\":[],\"route\":[]}],\"offensiveLinemen\":[{\"name\":\"\",\"unit\":\"offense\",\"pos\":\"LT\",\"num\":\"T\",\"startX\":21.665,\"startY\":65,\"x\":21.665,\"y\":65,\"eligible\":false,\"red\":143,\"green\":29,\"blue\":29,\"siz\":2,\"blockingAssignmentArray\":[],\"defensiveMovement\":[],\"route\":[]},{\"name\":\"\",\"unit\":\"offense\",\"pos\":\"LG\",\"num\":\"G\",\"startX\":24.165,\"startY\":65,\"x\":24.165,\"y\":65,\"eligible\":false,\"red\":143,\"green\":29,\"blue\":29,\"siz\":2,\"blockingAssignmentArray\":[],\"defensiveMovement\":[],\"route\":[]},{\"name\":\"\",\"unit\":\"offense\",\"pos\":\"C\",\"num\":\"C\",\"startX\":26.665,\"startY\":65,\"x\":26.665,\"y\":65,\"eligible\":false,\"red\":143,\"green\":29,\"blue\":29,\"siz\":2,\"blockingAssignmentArray\":[],\"defensiveMovement\":[],\"route\":[]},{\"name\":\"\",\"unit\":\"offense\",\"pos\":\"RG\",\"num\":0,\"startX\":409.5,\"startY\":242.5,\"x\":409.5,\"y\":242.5,\"eligible\":false,\"red\":0,\"green\":0,\"blue\":0,\"siz\":2,\"blockingAssignmentArray\":[],\"defensiveMovement\":[],\"route\":[]},{\"name\":\"\",\"unit\":\"offense\",\"pos\":\"RT\",\"num\":0,\"startX\":409.5,\"startY\":242.5,\"x\":409.5,\"y\":242.5,\"eligible\":false,\"red\":0,\"green\":0,\"blue\":0,\"siz\":2,\"blockingAssignmentArray\":[],\"defensiveMovement\":[],\"route\":[]}],\"eligibleReceivers\":[{\"name\":\"\",\"unit\":\"offense\",\"pos\":\"QB\",\"num\":12,\"startX\":26.665,\"startY\":62.75,\"x\":26.665,\"y\":62.75,\"eligible\":true,\"red\":212,\"green\":130,\"blue\":130,\"siz\":2,\"blockingAssignmentArray\":[],\"defensiveMovement\":[],\"route\":[]},{\"name\":\"\",\"unit\":\"offense\",\"pos\":\"Y\",\"num\":\"Y\",\"startX\":34.10227992957746,\"startY\":65,\"x\":34.10227992957746,\"y\":65,\"eligible\":true,\"red\":255,\"green\":0,\"blue\":0,\"siz\":2,\"blockingAssignmentArray\":[],\"defensiveMovement\":[],\"route\":[]},{\"name\":\"\",\"unit\":\"offense\",\"pos\":\"X\",\"num\":\"X\",\"startX\":11.848758802816901,\"startY\":65,\"x\":11.848758802816901,\"y\":65,\"eligible\":true,\"red\":255,\"green\":0,\"blue\":0,\"siz\":2,\"blockingAssignmentArray\":[],\"defensiveMovement\":[],\"route\":[]},{\"name\":\"\",\"unit\":\"offense\",\"pos\":\"Z\",\"num\":\"Z\",\"startX\":41.56706866197183,\"startY\":63.274647887323944,\"x\":41.56706866197183,\"y\":63.274647887323944,\"eligible\":true,\"red\":255,\"green\":0,\"blue\":0,\"siz\":2,\"blockingAssignmentArray\":[],\"defensiveMovement\":[],\"route\":[]},{\"name\":\"\",\"unit\":\"offense\",\"pos\":\"H\",\"num\":\"H\",\"startX\":26.77833626760563,\"startY\":57.21830985915493,\"x\":26.77833626760563,\"y\":57.21830985915493,\"eligible\":true,\"red\":255,\"green\":0,\"blue\":0,\"siz\":2,\"blockingAssignmentArray\":[],\"defensiveMovement\":[],\"route\":[]},{\"name\":\"\",\"unit\":\"offense\",\"pos\":\"F\",\"num\":\"F\",\"startX\":26.707913732394367,\"startY\":59.61267605633803,\"x\":26.707913732394367,\"y\":59.61267605633803,\"eligible\":true,\"red\":255,\"green\":0,\"blue\":0,\"siz\":2,\"blockingAssignmentArray\":[],\"defensiveMovement\":[],\"route\":[]}]}", "created_at": "2016-09-09T06:51:59.460Z", "updated_at": "2016-09-09T06:51:59.460Z"}}, {"model": "quiz.play", "pk": 41, "fields": {"name": "Slants", "scoutName": "Nickel", "team": 1, "formation": 4, "scout": false, "playJson": "{\"name\":\"Slants\",\"scoutName\":\"Nickel\",\"team\":\"1\",\"unit\":\"offense\",\"formation\":\"Green RT\",\"offensivePlayers\":[{\"name\":\"\",\"unit\":\"offense\",\"pos\":\"LT\",\"num\":\"T\",\"startX\":21.665,\"startY\":65,\"x\":21.665,\"y\":65,\"eligible\":false,\"red\":143,\"green\":29,\"blue\":29,\"siz\":2,\"blockingAssignmentArray\":[{\"x\":21.501823453608246,\"y\":66.55154639175258,\"type\":1,\"player\":{\"name\":\"\",\"unit\":\"defense\",\"pos\":\"DL\",\"num\":\"DL\",\"startX\":21.769225852272726,\"startY\":67,\"x\":21.769225852272726,\"y\":67,\"eligible\":false,\"red\":0,\"green\":0,\"blue\":0,\"siz\":2,\"blockingAssignmentArray\":[],\"defensiveMovement\":[],\"route\":[]}}],\"defensiveMovement\":[],\"route\":[]},{\"name\":\"\",\"unit\":\"offense\",\"pos\":\"LG\",\"num\":\"G\",\"startX\":24.165,\"startY\":65,\"x\":24.165,\"y\":65,\"eligible\":false,\"red\":143,\"green\":29,\"blue\":29,\"siz\":2,\"blockingAssignmentArray\":[{\"x\":25.037905927835048,\"y\":66.98453608247422,\"type\":1,\"player\":{\"name\":\"\",\"unit\":\"defense\",\"pos\":\"DL\",\"num\":\"DL\",\"startX\":24.871498579545452,\"startY\":67,\"x\":24.871498579545452,\"y\":67,\"eligible\":false,\"red\":0,\"green\":0,\"blue\":0,\"siz\":2,\"blockingAssignmentArray\":[],\"defensiveMovement\":[],\"route\":[]}}],\"defensiveMovement\":[],\"route\":[]},{\"name\":\"\",\"unit\":\"offense\",\"pos\":\"C\",\"num\":\"C\",\"startX\":26.665,\"startY\":65,\"x\":26.665,\"y\":65,\"eligible\":false,\"red\":143,\"green\":29,\"blue\":29,\"siz\":2,\"blockingAssignmentArray\":[],\"defensiveMovement\":[],\"route\":[]},{\"name\":\"\",\"unit\":\"offense\",\"pos\":\"RG\",\"num\":\"G\",\"startX\":29.165,\"startY\":65,\"x\":29.165,\"y\":65,\"eligible\":false,\"red\":143,\"green\":29,\"blue\":29,\"siz\":2,\"blockingAssignmentArray\":[{\"x\":28.790483247422678,\"y\":66.91237113402062,\"type\":1,\"player\":{\"name\":\"\",\"unit\":\"defense\",\"pos\":\"DL\",\"num\":\"DL\",\"startX\":28.689680397727273,\"startY\":67,\"x\":28.689680397727273,\"y\":67,\"eligible\":false,\"red\":0,\"green\":0,\"blue\":0,\"siz\":2,\"blockingAssignmentArray\":[],\"defensiveMovement\":[],\"route\":[]}}],\"defensiveMovement\":[],\"route\":[]},{\"name\":\"\",\"unit\":\"offense\",\"pos\":\"RT\",\"num\":\"T\",\"startX\":31.665,\"startY\":65,\"x\":31.665,\"y\":65,\"eligible\":false,\"red\":143,\"green\":29,\"blue\":29,\"siz\":2,\"blockingAssignmentArray\":[{\"x\":31.749246134020616,\"y\":66.98453608247422,\"type\":1,\"player\":{\"name\":\"\",\"unit\":\"defense\",\"pos\":\"DL\",\"num\":\"DL\",\"startX\":31.791953125,\"startY\":67,\"x\":31.791953125,\"y\":67,\"eligible\":false,\"red\":0,\"green\":0,\"blue\":0,\"siz\":2,\"blockingAssignmentArray\":[],\"defensiveMovement\":[],\"route\":[]}}],\"defensiveMovement\":[],\"route\":[]},{\"name\":\"\",\"unit\":\"offense\",\"pos\":\"QB\",\"num\":12,\"startX\":26.665,\"startY\":62.75,\"x\":26.665,\"y\":62.75,\"eligible\":true,\"red\":212,\"green\":130,\"blue\":130,\"siz\":2,\"blockingAssignmentArray\":[],\"defensiveMovement\":[],\"route\":[]},{\"name\":\"\",\"unit\":\"offense\",\"pos\":\"Y\",\"num\":\"Y\",\"startX\":34.10227992957746,\"startY\":65,\"x\":34.10227992957746,\"y\":65,\"eligible\":true,\"red\":255,\"green\":0,\"blue\":0,\"siz\":2,\"blockingAssignmentArray\":[],\"defensiveMovement\":[],\"route\":[[50.006978092783505,69.51030927835052]]},{\"name\":\"\",\"unit\":\"offense\",\"pos\":\"X\",\"num\":\"X\",\"startX\":11.848758802816901,\"startY\":65,\"x\":11.848758802816901,\"y\":65,\"eligible\":true,\"red\":255,\"green\":0,\"blue\":0,\"siz\":2,\"blockingAssignmentArray\":[],\"defensiveMovement\":[],\"route\":[[11.687390463917525,69.00515463917526],[27.780173969072163,72.18041237113403]]},{\"name\":\"\",\"unit\":\"offense\",\"pos\":\"Z\",\"num\":\"Z\",\"startX\":41.56706866197183,\"startY\":63.274647887323944,\"x\":41.56706866197183,\"y\":63.274647887323944,\"eligible\":true,\"red\":255,\"green\":0,\"blue\":0,\"siz\":2,\"blockingAssignmentArray\":[],\"defensiveMovement\":[],\"route\":[[41.41934922680412,67.6340206185567],[26.26471005154639,70.23195876288659]]},{\"name\":\"\",\"unit\":\"offense\",\"pos\":\"H\",\"num\":\"H\",\"startX\":26.77833626760563,\"startY\":57.21830985915493,\"x\":26.77833626760563,\"y\":57.21830985915493,\"eligible\":true,\"red\":255,\"green\":0,\"blue\":0,\"siz\":2,\"blockingAssignmentArray\":[],\"defensiveMovement\":[],\"route\":[]},{\"name\":\"\",\"unit\":\"offense\",\"pos\":\"F\",\"num\":\"F\",\"startX\":26.707913732394367,\"startY\":59.61267605633803,\"x\":26.707913732394367,\"y\":59.61267605633803,\"eligible\":true,\"red\":255,\"green\":0,\"blue\":0,\"siz\":2,\"blockingAssignmentArray\":[],\"defensiveMovement\":[],\"route\":[[18.037905927835048,64.9639175257732],[3.3162564432989683,68.28350515463917]]}],\"defensivePlayers\":[{\"name\":\"\",\"unit\":\"defense\",\"pos\":\"DL\",\"num\":\"DL\",\"startX\":24.871498579545452,\"startY\":67,\"x\":24.871498579545452,\"y\":67,\"eligible\":false,\"red\":0,\"green\":0,\"blue\":0,\"siz\":2,\"blockingAssignmentArray\":[],\"defensiveMovement\":[],\"route\":[]},{\"name\":\"\",\"unit\":\"defense\",\"pos\":\"LB\",\"num\":\"LB\",\"startX\":23.041953125,\"startY\":71.20454545454545,\"x\":23.041953125,\"y\":71.20454545454545,\"eligible\":false,\"red\":0,\"green\":0,\"blue\":0,\"siz\":2,\"blockingAssignmentArray\":[],\"defensiveMovement\":[],\"route\":[]},{\"name\":\"\",\"unit\":\"defense\",\"pos\":\"DB\",\"num\":\"DB\",\"startX\":46.666953125,\"startY\":67.7840909090909,\"x\":46.666953125,\"y\":67.7840909090909,\"eligible\":false,\"red\":0,\"green\":0,\"blue\":0,\"siz\":2,\"blockingAssignmentArray\":[],\"defensiveMovement\":[],\"route\":[]},{\"name\":\"\",\"unit\":\"defense\",\"pos\":\"DB\",\"num\":\"DB\",\"startX\":10.712407670454544,\"startY\":68.42045454545455,\"x\":10.712407670454544,\"y\":68.42045454545455,\"eligible\":false,\"red\":0,\"green\":0,\"blue\":0,\"siz\":2,\"blockingAssignmentArray\":[],\"defensiveMovement\":[],\"route\":[]},{\"name\":\"\",\"unit\":\"defense\",\"pos\":\"DB\",\"num\":\"DB\",\"startX\":28.45104403409091,\"startY\":77.4090909090909,\"x\":28.45104403409091,\"y\":77.4090909090909,\"eligible\":false,\"red\":0,\"green\":0,\"blue\":0,\"siz\":2,\"blockingAssignmentArray\":[],\"defensiveMovement\":[],\"route\":[]},{\"name\":\"\",\"unit\":\"defense\",\"pos\":\"DB\",\"num\":\"DB\",\"startX\":19.86013494318182,\"startY\":75.3409090909091,\"x\":19.86013494318182,\"y\":75.3409090909091,\"eligible\":false,\"red\":0,\"green\":0,\"blue\":0,\"siz\":2,\"blockingAssignmentArray\":[],\"defensiveMovement\":[],\"route\":[]},{\"name\":\"\",\"unit\":\"defense\",\"pos\":\"DL\",\"num\":\"DL\",\"startX\":28.689680397727273,\"startY\":67,\"x\":28.689680397727273,\"y\":67,\"eligible\":false,\"red\":0,\"green\":0,\"blue\":0,\"siz\":2,\"blockingAssignmentArray\":[],\"defensiveMovement\":[],\"route\":[]},{\"name\":\"\",\"unit\":\"defense\",\"pos\":\"DL\",\"num\":\"DL\",\"startX\":31.791953125,\"startY\":67,\"x\":31.791953125,\"y\":67,\"eligible\":false,\"red\":0,\"green\":0,\"blue\":0,\"siz\":2,\"blockingAssignmentArray\":[],\"defensiveMovement\":[],\"route\":[]},{\"name\":\"\",\"unit\":\"defense\",\"pos\":\"LB\",\"num\":\"LB\",\"startX\":29.32604403409091,\"startY\":71.2840909090909,\"x\":29.32604403409091,\"y\":71.2840909090909,\"eligible\":false,\"red\":0,\"green\":0,\"blue\":0,\"siz\":2,\"blockingAssignmentArray\":[],\"defensiveMovement\":[],\"route\":[]},{\"name\":\"\",\"unit\":\"defense\",\"pos\":\"DL\",\"num\":\"DL\",\"startX\":21.769225852272726,\"startY\":67,\"x\":21.769225852272726,\"y\":67,\"eligible\":false,\"red\":0,\"green\":0,\"blue\":0,\"siz\":2,\"blockingAssignmentArray\":[],\"defensiveMovement\":[],\"route\":[]},{\"name\":\"\",\"unit\":\"defense\",\"pos\":\"DB\",\"num\":\"DB\",\"startX\":39.82604403409091,\"startY\":70.32954545454545,\"x\":39.82604403409091,\"y\":70.32954545454545,\"eligible\":false,\"red\":0,\"green\":0,\"blue\":0,\"siz\":2,\"blockingAssignmentArray\":[],\"defensiveMovement\":[],\"route\":[]}],\"quarterback\":[{\"name\":\"\",\"unit\":\"offense\",\"pos\":\"QB\",\"num\":12,\"startX\":26.665,\"startY\":62.75,\"x\":26.665,\"y\":62.75,\"eligible\":true,\"red\":212,\"green\":130,\"blue\":130,\"siz\":2,\"blockingAssignmentArray\":[],\"defensiveMovement\":[],\"route\":[]}],\"offensiveLinemen\":[{\"name\":\"\",\"unit\":\"offense\",\"pos\":\"LT\",\"num\":\"T\",\"startX\":21.665,\"startY\":65,\"x\":21.665,\"y\":65,\"eligible\":false,\"red\":143,\"green\":29,\"blue\":29,\"siz\":2,\"blockingAssignmentArray\":[],\"defensiveMovement\":[],\"route\":[]},{\"name\":\"\",\"unit\":\"offense\",\"pos\":\"LG\",\"num\":\"G\",\"startX\":24.165,\"startY\":65,\"x\":24.165,\"y\":65,\"eligible\":false,\"red\":143,\"green\":29,\"blue\":29,\"siz\":2,\"blockingAssignmentArray\":[],\"defensiveMovement\":[],\"route\":[]},{\"name\":\"\",\"unit\":\"offense\",\"pos\":\"C\",\"num\":\"C\",\"startX\":26.665,\"startY\":65,\"x\":26.665,\"y\":65,\"eligible\":false,\"red\":143,\"green\":29,\"blue\":29,\"siz\":2,\"blockingAssignmentArray\":[],\"defensiveMovement\":[],\"route\":[]},{\"name\":\"\",\"unit\":\"offense\",\"pos\":\"RG\",\"num\":0,\"startX\":409.5,\"startY\":242.5,\"x\":409.5,\"y\":242.5,\"eligible\":false,\"red\":0,\"green\":0,\"blue\":0,\"siz\":2,\"blockingAssignmentArray\":[],\"defensiveMovement\":[],\"route\":[]},{\"name\":\"\",\"unit\":\"offense\",\"pos\":\"RT\",\"num\":0,\"startX\":409.5,\"startY\":242.5,\"x\":409.5,\"y\":242.5,\"eligible\":false,\"red\":0,\"green\":0,\"blue\":0,\"siz\":2,\"blockingAssignmentArray\":[],\"defensiveMovement\":[],\"route\":[]}],\"eligibleReceivers\":[{\"name\":\"\",\"unit\":\"offense\",\"pos\":\"QB\",\"num\":12,\"startX\":26.665,\"startY\":62.75,\"x\":26.665,\"y\":62.75,\"eligible\":true,\"red\":212,\"green\":130,\"blue\":130,\"siz\":2,\"blockingAssignmentArray\":[],\"defensiveMovement\":[],\"route\":[]},{\"name\":\"\",\"unit\":\"offense\",\"pos\":\"Y\",\"num\":\"Y\",\"startX\":34.10227992957746,\"startY\":65,\"x\":34.10227992957746,\"y\":65,\"eligible\":true,\"red\":255,\"green\":0,\"blue\":0,\"siz\":2,\"blockingAssignmentArray\":[],\"defensiveMovement\":[],\"route\":[]},{\"name\":\"\",\"unit\":\"offense\",\"pos\":\"X\",\"num\":\"X\",\"startX\":11.848758802816901,\"startY\":65,\"x\":11.848758802816901,\"y\":65,\"eligible\":true,\"red\":255,\"green\":0,\"blue\":0,\"siz\":2,\"blockingAssignmentArray\":[],\"defensiveMovement\":[],\"route\":[]},{\"name\":\"\",\"unit\":\"offense\",\"pos\":\"Z\",\"num\":\"Z\",\"startX\":41.56706866197183,\"startY\":63.274647887323944,\"x\":41.56706866197183,\"y\":63.274647887323944,\"eligible\":true,\"red\":255,\"green\":0,\"blue\":0,\"siz\":2,\"blockingAssignmentArray\":[],\"defensiveMovement\":[],\"route\":[]},{\"name\":\"\",\"unit\":\"offense\",\"pos\":\"H\",\"num\":\"H\",\"startX\":26.77833626760563,\"startY\":57.21830985915493,\"x\":26.77833626760563,\"y\":57.21830985915493,\"eligible\":true,\"red\":255,\"green\":0,\"blue\":0,\"siz\":2,\"blockingAssignmentArray\":[],\"defensiveMovement\":[],\"route\":[]},{\"name\":\"\",\"unit\":\"offense\",\"pos\":\"F\",\"num\":\"F\",\"startX\":26.707913732394367,\"startY\":59.61267605633803,\"x\":26.707913732394367,\"y\":59.61267605633803,\"eligible\":true,\"red\":255,\"green\":0,\"blue\":0,\"siz\":2,\"blockingAssignmentArray\":[],\"defensiveMovement\":[],\"route\":[]}]}", "created_at": "2016-09-09T06:52:09.780Z", "updated_at": "2016-09-09T06:52:09.780Z"}}, {"model": "quiz.play", "pk": 42, "fields": {"name": "Slants", "scoutName": "Dime", "team": 1, "formation": 4, "scout": false, "playJson": "{\"name\":\"Slants\",\"scoutName\":\"Dime\",\"team\":\"1\",\"unit\":\"offense\",\"formation\":\"Green RT\",\"offensivePlayers\":[{\"name\":\"\",\"unit\":\"offense\",\"pos\":\"LT\",\"num\":\"T\",\"startX\":21.665,\"startY\":65,\"x\":21.665,\"y\":65,\"eligible\":false,\"red\":143,\"green\":29,\"blue\":29,\"siz\":2,\"blockingAssignmentArray\":[{\"x\":21.573988402061854,\"y\":67.12886597938144,\"type\":1,\"player\":{\"name\":\"\",\"unit\":\"defense\",\"pos\":\"DL\",\"num\":\"DL\",\"startX\":21.769225852272726,\"startY\":67,\"x\":21.769225852272726,\"y\":67,\"eligible\":false,\"red\":0,\"green\":0,\"blue\":0,\"siz\":2,\"blockingAssignmentArray\":[],\"defensiveMovement\":[],\"route\":[]}}],\"defensiveMovement\":[],\"route\":[]},{\"name\":\"\",\"unit\":\"offense\",\"pos\":\"LG\",\"num\":\"G\",\"startX\":24.165,\"startY\":65,\"x\":24.165,\"y\":65,\"eligible\":false,\"red\":143,\"green\":29,\"blue\":29,\"siz\":2,\"blockingAssignmentArray\":[{\"x\":24.460586340206184,\"y\":66.76804123711341,\"type\":1,\"player\":{\"name\":\"\",\"unit\":\"defense\",\"pos\":\"DL\",\"num\":\"DL\",\"startX\":24.871498579545452,\"startY\":67,\"x\":24.871498579545452,\"y\":67,\"eligible\":false,\"red\":0,\"green\":0,\"blue\":0,\"siz\":2,\"blockingAssignmentArray\":[],\"defensiveMovement\":[],\"route\":[]}}],\"defensiveMovement\":[],\"route\":[]},{\"name\":\"\",\"unit\":\"offense\",\"pos\":\"C\",\"num\":\"C\",\"startX\":26.665,\"startY\":65,\"x\":26.665,\"y\":65,\"eligible\":false,\"red\":143,\"green\":29,\"blue\":29,\"siz\":2,\"blockingAssignmentArray\":[],\"defensiveMovement\":[],\"route\":[]},{\"name\":\"\",\"unit\":\"offense\",\"pos\":\"RG\",\"num\":\"G\",\"startX\":29.165,\"startY\":65,\"x\":29.165,\"y\":65,\"eligible\":false,\"red\":143,\"green\":29,\"blue\":29,\"siz\":2,\"blockingAssignmentArray\":[{\"x\":28.573988402061854,\"y\":66.91237113402062,\"type\":1,\"player\":{\"name\":\"\",\"unit\":\"defense\",\"pos\":\"DL\",\"num\":\"DL\",\"startX\":28.689680397727273,\"startY\":67,\"x\":28.689680397727273,\"y\":67,\"eligible\":false,\"red\":0,\"green\":0,\"blue\":0,\"siz\":2,\"blockingAssignmentArray\":[],\"defensiveMovement\":[],\"route\":[]}}],\"defensiveMovement\":[],\"route\":[]},{\"name\":\"\",\"unit\":\"offense\",\"pos\":\"RT\",\"num\":\"T\",\"startX\":31.665,\"startY\":65,\"x\":31.665,\"y\":65,\"eligible\":false,\"red\":143,\"green\":29,\"blue\":29,\"siz\":2,\"blockingAssignmentArray\":[{\"x\":31.67708118556701,\"y\":66.91237113402062,\"type\":1,\"player\":{\"name\":\"\",\"unit\":\"defense\",\"pos\":\"DL\",\"num\":\"DL\",\"startX\":31.791953125,\"startY\":67,\"x\":31.791953125,\"y\":67,\"eligible\":false,\"red\":0,\"green\":0,\"blue\":0,\"siz\":2,\"blockingAssignmentArray\":[],\"defensiveMovement\":[],\"route\":[]}}],\"defensiveMovement\":[],\"route\":[]},{\"name\":\"\",\"unit\":\"offense\",\"pos\":\"QB\",\"num\":12,\"startX\":26.665,\"startY\":62.75,\"x\":26.665,\"y\":62.75,\"eligible\":true,\"red\":212,\"green\":130,\"blue\":130,\"siz\":2,\"blockingAssignmentArray\":[],\"defensiveMovement\":[],\"route\":[]},{\"name\":\"\",\"unit\":\"offense\",\"pos\":\"Y\",\"num\":\"Y\",\"startX\":34.10227992957746,\"startY\":65,\"x\":34.10227992957746,\"y\":65,\"eligible\":true,\"red\":255,\"green\":0,\"blue\":0,\"siz\":2,\"blockingAssignmentArray\":[],\"defensiveMovement\":[],\"route\":[[50.006978092783505,69.51030927835052]]},{\"name\":\"\",\"unit\":\"offense\",\"pos\":\"X\",\"num\":\"X\",\"startX\":11.848758802816901,\"startY\":65,\"x\":11.848758802816901,\"y\":65,\"eligible\":true,\"red\":255,\"green\":0,\"blue\":0,\"siz\":2,\"blockingAssignmentArray\":[],\"defensiveMovement\":[],\"route\":[[11.687390463917525,69.00515463917526],[27.780173969072163,72.18041237113403]]},{\"name\":\"\",\"unit\":\"offense\",\"pos\":\"Z\",\"num\":\"Z\",\"startX\":41.56706866197183,\"startY\":63.274647887323944,\"x\":41.56706866197183,\"y\":63.274647887323944,\"eligible\":true,\"red\":255,\"green\":0,\"blue\":0,\"siz\":2,\"blockingAssignmentArray\":[],\"defensiveMovement\":[],\"route\":[[41.41934922680412,67.6340206185567],[26.26471005154639,70.23195876288659]]},{\"name\":\"\",\"unit\":\"offense\",\"pos\":\"H\",\"num\":\"H\",\"startX\":26.77833626760563,\"startY\":57.21830985915493,\"x\":26.77833626760563,\"y\":57.21830985915493,\"eligible\":true,\"red\":255,\"green\":0,\"blue\":0,\"siz\":2,\"blockingAssignmentArray\":[],\"defensiveMovement\":[],\"route\":[]},{\"name\":\"\",\"unit\":\"offense\",\"pos\":\"F\",\"num\":\"F\",\"startX\":26.707913732394367,\"startY\":59.61267605633803,\"x\":26.707913732394367,\"y\":59.61267605633803,\"eligible\":true,\"red\":255,\"green\":0,\"blue\":0,\"siz\":2,\"blockingAssignmentArray\":[],\"defensiveMovement\":[],\"route\":[[18.037905927835048,64.9639175257732],[3.3162564432989683,68.28350515463917]]}],\"defensivePlayers\":[{\"name\":\"\",\"unit\":\"defense\",\"pos\":\"DL\",\"num\":\"DL\",\"startX\":24.871498579545452,\"startY\":67,\"x\":24.871498579545452,\"y\":67,\"eligible\":false,\"red\":0,\"green\":0,\"blue\":0,\"siz\":2,\"blockingAssignmentArray\":[],\"defensiveMovement\":[],\"route\":[]},{\"name\":\"\",\"unit\":\"defense\",\"pos\":\"DB\",\"num\":\"DB\",\"startX\":46.666953125,\"startY\":67.7840909090909,\"x\":46.666953125,\"y\":67.7840909090909,\"eligible\":false,\"red\":0,\"green\":0,\"blue\":0,\"siz\":2,\"blockingAssignmentArray\":[],\"defensiveMovement\":[],\"route\":[]},{\"name\":\"\",\"unit\":\"defense\",\"pos\":\"DB\",\"num\":\"DB\",\"startX\":6.894225852272726,\"startY\":68.18181818181819,\"x\":6.894225852272726,\"y\":68.18181818181819,\"eligible\":false,\"red\":0,\"green\":0,\"blue\":0,\"siz\":2,\"blockingAssignmentArray\":[],\"defensiveMovement\":[],\"route\":[]},{\"name\":\"\",\"unit\":\"defense\",\"pos\":\"DB\",\"num\":\"DB\",\"startX\":30.439680397727273,\"startY\":76.85227272727273,\"x\":30.439680397727273,\"y\":76.85227272727273,\"eligible\":false,\"red\":0,\"green\":0,\"blue\":0,\"siz\":2,\"blockingAssignmentArray\":[],\"defensiveMovement\":[],\"route\":[]},{\"name\":\"\",\"unit\":\"defense\",\"pos\":\"DB\",\"num\":\"DB\",\"startX\":14.769225852272726,\"startY\":70.72727272727272,\"x\":14.769225852272726,\"y\":70.72727272727272,\"eligible\":false,\"red\":0,\"green\":0,\"blue\":0,\"siz\":2,\"blockingAssignmentArray\":[],\"defensiveMovement\":[],\"route\":[]},{\"name\":\"\",\"unit\":\"defense\",\"pos\":\"DL\",\"num\":\"DL\",\"startX\":28.689680397727273,\"startY\":67,\"x\":28.689680397727273,\"y\":67,\"eligible\":false,\"red\":0,\"green\":0,\"blue\":0,\"siz\":2,\"blockingAssignmentArray\":[],\"defensiveMovement\":[],\"route\":[]},{\"name\":\"\",\"unit\":\"defense\",\"pos\":\"DL\",\"num\":\"DL\",\"startX\":31.791953125,\"startY\":67,\"x\":31.791953125,\"y\":67,\"eligible\":false,\"red\":0,\"green\":0,\"blue\":0,\"siz\":2,\"blockingAssignmentArray\":[],\"defensiveMovement\":[],\"route\":[]},{\"name\":\"\",\"unit\":\"defense\",\"pos\":\"LB\",\"num\":\"LB\",\"startX\":26.860134943181816,\"startY\":71.76136363636364,\"x\":26.860134943181816,\"y\":71.76136363636364,\"eligible\":false,\"red\":0,\"green\":0,\"blue\":0,\"siz\":2,\"blockingAssignmentArray\":[],\"defensiveMovement\":[],\"route\":[]},{\"name\":\"\",\"unit\":\"defense\",\"pos\":\"DL\",\"num\":\"DL\",\"startX\":21.769225852272726,\"startY\":67,\"x\":21.769225852272726,\"y\":67,\"eligible\":false,\"red\":0,\"green\":0,\"blue\":0,\"siz\":2,\"blockingAssignmentArray\":[],\"defensiveMovement\":[],\"route\":[]},{\"name\":\"\",\"unit\":\"defense\",\"pos\":\"DB\",\"num\":\"DB\",\"startX\":39.82604403409091,\"startY\":70.32954545454545,\"x\":39.82604403409091,\"y\":70.32954545454545,\"eligible\":false,\"red\":0,\"green\":0,\"blue\":0,\"siz\":2,\"blockingAssignmentArray\":[],\"defensiveMovement\":[],\"route\":[]},{\"name\":\"\",\"unit\":\"defense\",\"pos\":\"DB\",\"num\":\"DB\",\"startX\":22.962407670454546,\"startY\":76.69318181818181,\"x\":22.962407670454546,\"y\":76.69318181818181,\"eligible\":false,\"red\":0,\"green\":0,\"blue\":0,\"siz\":2,\"blockingAssignmentArray\":[],\"defensiveMovement\":[],\"route\":[]}],\"quarterback\":[{\"name\":\"\",\"unit\":\"offense\",\"pos\":\"QB\",\"num\":12,\"startX\":26.665,\"startY\":62.75,\"x\":26.665,\"y\":62.75,\"eligible\":true,\"red\":212,\"green\":130,\"blue\":130,\"siz\":2,\"blockingAssignmentArray\":[],\"defensiveMovement\":[],\"route\":[]}],\"offensiveLinemen\":[{\"name\":\"\",\"unit\":\"offense\",\"pos\":\"LT\",\"num\":\"T\",\"startX\":21.665,\"startY\":65,\"x\":21.665,\"y\":65,\"eligible\":false,\"red\":143,\"green\":29,\"blue\":29,\"siz\":2,\"blockingAssignmentArray\":[],\"defensiveMovement\":[],\"route\":[]},{\"name\":\"\",\"unit\":\"offense\",\"pos\":\"LG\",\"num\":\"G\",\"startX\":24.165,\"startY\":65,\"x\":24.165,\"y\":65,\"eligible\":false,\"red\":143,\"green\":29,\"blue\":29,\"siz\":2,\"blockingAssignmentArray\":[],\"defensiveMovement\":[],\"route\":[]},{\"name\":\"\",\"unit\":\"offense\",\"pos\":\"C\",\"num\":\"C\",\"startX\":26.665,\"startY\":65,\"x\":26.665,\"y\":65,\"eligible\":false,\"red\":143,\"green\":29,\"blue\":29,\"siz\":2,\"blockingAssignmentArray\":[],\"defensiveMovement\":[],\"route\":[]},{\"name\":\"\",\"unit\":\"offense\",\"pos\":\"RG\",\"num\":0,\"startX\":409.5,\"startY\":242.5,\"x\":409.5,\"y\":242.5,\"eligible\":false,\"red\":0,\"green\":0,\"blue\":0,\"siz\":2,\"blockingAssignmentArray\":[],\"defensiveMovement\":[],\"route\":[]},{\"name\":\"\",\"unit\":\"offense\",\"pos\":\"RT\",\"num\":0,\"startX\":409.5,\"startY\":242.5,\"x\":409.5,\"y\":242.5,\"eligible\":false,\"red\":0,\"green\":0,\"blue\":0,\"siz\":2,\"blockingAssignmentArray\":[],\"defensiveMovement\":[],\"route\":[]}],\"eligibleReceivers\":[{\"name\":\"\",\"unit\":\"offense\",\"pos\":\"QB\",\"num\":12,\"startX\":26.665,\"startY\":62.75,\"x\":26.665,\"y\":62.75,\"eligible\":true,\"red\":212,\"green\":130,\"blue\":130,\"siz\":2,\"blockingAssignmentArray\":[],\"defensiveMovement\":[],\"route\":[]},{\"name\":\"\",\"unit\":\"offense\",\"pos\":\"Y\",\"num\":\"Y\",\"startX\":34.10227992957746,\"startY\":65,\"x\":34.10227992957746,\"y\":65,\"eligible\":true,\"red\":255,\"green\":0,\"blue\":0,\"siz\":2,\"blockingAssignmentArray\":[],\"defensiveMovement\":[],\"route\":[]},{\"name\":\"\",\"unit\":\"offense\",\"pos\":\"X\",\"num\":\"X\",\"startX\":11.848758802816901,\"startY\":65,\"x\":11.848758802816901,\"y\":65,\"eligible\":true,\"red\":255,\"green\":0,\"blue\":0,\"siz\":2,\"blockingAssignmentArray\":[],\"defensiveMovement\":[],\"route\":[]},{\"name\":\"\",\"unit\":\"offense\",\"pos\":\"Z\",\"num\":\"Z\",\"startX\":41.56706866197183,\"startY\":63.274647887323944,\"x\":41.56706866197183,\"y\":63.274647887323944,\"eligible\":true,\"red\":255,\"green\":0,\"blue\":0,\"siz\":2,\"blockingAssignmentArray\":[],\"defensiveMovement\":[],\"route\":[]},{\"name\":\"\",\"unit\":\"offense\",\"pos\":\"H\",\"num\":\"H\",\"startX\":26.77833626760563,\"startY\":57.21830985915493,\"x\":26.77833626760563,\"y\":57.21830985915493,\"eligible\":true,\"red\":255,\"green\":0,\"blue\":0,\"siz\":2,\"blockingAssignmentArray\":[],\"defensiveMovement\":[],\"route\":[]},{\"name\":\"\",\"unit\":\"offense\",\"pos\":\"F\",\"num\":\"F\",\"startX\":26.707913732394367,\"startY\":59.61267605633803,\"x\":26.707913732394367,\"y\":59.61267605633803,\"eligible\":true,\"red\":255,\"green\":0,\"blue\":0,\"siz\":2,\"blockingAssignmentArray\":[],\"defensiveMovement\":[],\"route\":[]}]}", "created_at": "2016-09-09T06:52:19.511Z", "updated_at": "2016-09-09T06:52:19.511Z"}}, {"model": "quiz.play", "pk": 43, "fields": {"name": "Z Y Cross", "scoutName": "", "team": 1, "formation": 1, "scout": false, "playJson": "{\"name\":\"Z Y Cross\",\"scoutName\":\"\",\"team\":\"1\",\"unit\":\"offense\",\"formation\":\"Green RT West\",\"offensivePlayers\":[{\"name\":\"\",\"unit\":\"offense\",\"pos\":\"LT\",\"num\":\"T\",\"startX\":21.665,\"startY\":65,\"x\":21.665,\"y\":65,\"eligible\":false,\"red\":143,\"green\":29,\"blue\":29,\"siz\":2,\"blockingAssignmentArray\":[],\"defensiveMovement\":[],\"route\":[]},{\"name\":\"\",\"unit\":\"offense\",\"pos\":\"LG\",\"num\":\"G\",\"startX\":24.165,\"startY\":65,\"x\":24.165,\"y\":65,\"eligible\":false,\"red\":143,\"green\":29,\"blue\":29,\"siz\":2,\"blockingAssignmentArray\":[],\"defensiveMovement\":[],\"route\":[]},{\"name\":\"\",\"unit\":\"offense\",\"pos\":\"C\",\"num\":\"C\",\"startX\":26.665,\"startY\":65,\"x\":26.665,\"y\":65,\"eligible\":false,\"red\":143,\"green\":29,\"blue\":29,\"siz\":2,\"blockingAssignmentArray\":[],\"defensiveMovement\":[],\"route\":[]},{\"name\":\"\",\"unit\":\"offense\",\"pos\":\"RG\",\"num\":\"G\",\"startX\":29.165,\"startY\":65,\"x\":29.165,\"y\":65,\"eligible\":false,\"red\":143,\"green\":29,\"blue\":29,\"siz\":2,\"blockingAssignmentArray\":[],\"defensiveMovement\":[],\"route\":[]},{\"name\":\"\",\"unit\":\"offense\",\"pos\":\"RT\",\"num\":\"T\",\"startX\":31.665,\"startY\":65,\"x\":31.665,\"y\":65,\"eligible\":false,\"red\":143,\"green\":29,\"blue\":29,\"siz\":2,\"blockingAssignmentArray\":[],\"defensiveMovement\":[],\"route\":[]},{\"name\":\"\",\"unit\":\"offense\",\"pos\":\"QB\",\"num\":12,\"startX\":26.665,\"startY\":62.75,\"x\":26.665,\"y\":62.75,\"eligible\":true,\"red\":212,\"green\":130,\"blue\":130,\"siz\":2,\"blockingAssignmentArray\":[],\"defensiveMovement\":[],\"route\":[]},{\"name\":\"\",\"unit\":\"offense\",\"pos\":\"Y\",\"num\":\"Y\",\"startX\":34.10227992957746,\"startY\":65,\"x\":34.10227992957746,\"y\":65,\"eligible\":true,\"red\":255,\"green\":0,\"blue\":0,\"siz\":2,\"blockingAssignmentArray\":[],\"defensiveMovement\":[],\"route\":[[29.728627577319585,69.22164948453609],[13.058524484536083,70.15979381443299]]},{\"name\":\"\",\"unit\":\"offense\",\"pos\":\"X\",\"num\":\"X\",\"startX\":36.07411091549295,\"startY\":63.20422535211267,\"x\":36.07411091549295,\"y\":63.20422535211267,\"eligible\":true,\"red\":255,\"green\":0,\"blue\":0,\"siz\":2,\"blockingAssignmentArray\":[],\"defensiveMovement\":[],\"route\":[[35.718318298969066,74.6340206185567],[48.56367912371134,79.68556701030928]]},{\"name\":\"\",\"unit\":\"offense\",\"pos\":\"Z\",\"num\":\"Z\",\"startX\":11.00368838028169,\"startY\":65,\"x\":11.00368838028169,\"y\":65,\"eligible\":true,\"red\":255,\"green\":0,\"blue\":0,\"siz\":2,\"blockingAssignmentArray\":[],\"defensiveMovement\":[],\"route\":[[17.31625644329897,68.4278350515464],[34.92450386597938,70.08762886597938]]},{\"name\":\"\",\"unit\":\"offense\",\"pos\":\"H\",\"num\":\"H\",\"startX\":26.77833626760563,\"startY\":57.21830985915493,\"x\":26.77833626760563,\"y\":57.21830985915493,\"eligible\":true,\"red\":255,\"green\":0,\"blue\":0,\"siz\":2,\"blockingAssignmentArray\":[],\"defensiveMovement\":[],\"route\":[]},{\"name\":\"\",\"unit\":\"offense\",\"pos\":\"F\",\"num\":\"F\",\"startX\":26.707913732394367,\"startY\":59.61267605633803,\"x\":26.707913732394367,\"y\":59.61267605633803,\"eligible\":true,\"red\":255,\"green\":0,\"blue\":0,\"siz\":2,\"blockingAssignmentArray\":[],\"defensiveMovement\":[],\"route\":[]}],\"defensivePlayers\":[],\"quarterback\":[{\"name\":\"\",\"unit\":\"offense\",\"pos\":\"QB\",\"num\":12,\"startX\":26.665,\"startY\":62.75,\"x\":26.665,\"y\":62.75,\"eligible\":true,\"red\":212,\"green\":130,\"blue\":130,\"siz\":2,\"blockingAssignmentArray\":[],\"defensiveMovement\":[],\"route\":[]}],\"offensiveLinemen\":[{\"name\":\"\",\"unit\":\"offense\",\"pos\":\"LT\",\"num\":\"T\",\"startX\":21.665,\"startY\":65,\"x\":21.665,\"y\":65,\"eligible\":false,\"red\":143,\"green\":29,\"blue\":29,\"siz\":2,\"blockingAssignmentArray\":[],\"defensiveMovement\":[],\"route\":[]},{\"name\":\"\",\"unit\":\"offense\",\"pos\":\"LG\",\"num\":\"G\",\"startX\":24.165,\"startY\":65,\"x\":24.165,\"y\":65,\"eligible\":false,\"red\":143,\"green\":29,\"blue\":29,\"siz\":2,\"blockingAssignmentArray\":[],\"defensiveMovement\":[],\"route\":[]},{\"name\":\"\",\"unit\":\"offense\",\"pos\":\"C\",\"num\":\"C\",\"startX\":26.665,\"startY\":65,\"x\":26.665,\"y\":65,\"eligible\":false,\"red\":143,\"green\":29,\"blue\":29,\"siz\":2,\"blockingAssignmentArray\":[],\"defensiveMovement\":[],\"route\":[]},{\"name\":\"\",\"unit\":\"offense\",\"pos\":\"RG\",\"num\":0,\"startX\":409.5,\"startY\":242.5,\"x\":409.5,\"y\":242.5,\"eligible\":false,\"red\":0,\"green\":0,\"blue\":0,\"siz\":2,\"blockingAssignmentArray\":[],\"defensiveMovement\":[],\"route\":[]},{\"name\":\"\",\"unit\":\"offense\",\"pos\":\"RT\",\"num\":0,\"startX\":409.5,\"startY\":242.5,\"x\":409.5,\"y\":242.5,\"eligible\":false,\"red\":0,\"green\":0,\"blue\":0,\"siz\":2,\"blockingAssignmentArray\":[],\"defensiveMovement\":[],\"route\":[]}],\"eligibleReceivers\":[{\"name\":\"\",\"unit\":\"offense\",\"pos\":\"QB\",\"num\":12,\"startX\":26.665,\"startY\":62.75,\"x\":26.665,\"y\":62.75,\"eligible\":true,\"red\":212,\"green\":130,\"blue\":130,\"siz\":2,\"blockingAssignmentArray\":[],\"defensiveMovement\":[],\"route\":[]},{\"name\":\"\",\"unit\":\"offense\",\"pos\":\"Y\",\"num\":\"Y\",\"startX\":34.10227992957746,\"startY\":65,\"x\":34.10227992957746,\"y\":65,\"eligible\":true,\"red\":255,\"green\":0,\"blue\":0,\"siz\":2,\"blockingAssignmentArray\":[],\"defensiveMovement\":[],\"route\":[]},{\"name\":\"\",\"unit\":\"offense\",\"pos\":\"X\",\"num\":\"X\",\"startX\":36.07411091549295,\"startY\":63.20422535211267,\"x\":36.07411091549295,\"y\":63.20422535211267,\"eligible\":true,\"red\":255,\"green\":0,\"blue\":0,\"siz\":2,\"blockingAssignmentArray\":[],\"defensiveMovement\":[],\"route\":[]},{\"name\":\"\",\"unit\":\"offense\",\"pos\":\"Z\",\"num\":\"Z\",\"startX\":11.00368838028169,\"startY\":65,\"x\":11.00368838028169,\"y\":65,\"eligible\":true,\"red\":255,\"green\":0,\"blue\":0,\"siz\":2,\"blockingAssignmentArray\":[],\"defensiveMovement\":[],\"route\":[]},{\"name\":\"\",\"unit\":\"offense\",\"pos\":\"H\",\"num\":\"H\",\"startX\":26.77833626760563,\"startY\":57.21830985915493,\"x\":26.77833626760563,\"y\":57.21830985915493,\"eligible\":true,\"red\":255,\"green\":0,\"blue\":0,\"siz\":2,\"blockingAssignmentArray\":[],\"defensiveMovement\":[],\"route\":[]},{\"name\":\"\",\"unit\":\"offense\",\"pos\":\"F\",\"num\":\"F\",\"startX\":26.707913732394367,\"startY\":59.61267605633803,\"x\":26.707913732394367,\"y\":59.61267605633803,\"eligible\":true,\"red\":255,\"green\":0,\"blue\":0,\"siz\":2,\"blockingAssignmentArray\":[],\"defensiveMovement\":[],\"route\":[]}]}", "created_at": "2016-09-09T07:04:13.643Z", "updated_at": "2016-09-09T07:04:13.643Z"}}, {"model": "quiz.play", "pk": 44, "fields": {"name": "Z Y Cross", "scoutName": "Nickel", "team": 1, "formation": 1, "scout": false, "playJson": "{\"name\":\"Z Y Cross\",\"scoutName\":\"Nickel\",\"team\":\"1\",\"unit\":\"offense\",\"formation\":\"Green RT West\",\"offensivePlayers\":[{\"name\":\"\",\"unit\":\"offense\",\"pos\":\"LT\",\"num\":\"T\",\"startX\":21.665,\"startY\":65,\"x\":21.665,\"y\":65,\"eligible\":false,\"red\":143,\"green\":29,\"blue\":29,\"siz\":2,\"blockingAssignmentArray\":[{\"x\":21.790483247422678,\"y\":67.12886597938144,\"type\":1,\"player\":{\"name\":\"\",\"unit\":\"defense\",\"pos\":\"DL\",\"num\":\"DL\",\"startX\":21.769225852272726,\"startY\":67,\"x\":21.769225852272726,\"y\":67,\"eligible\":false,\"red\":0,\"green\":0,\"blue\":0,\"siz\":2,\"blockingAssignmentArray\":[],\"defensiveMovement\":[],\"route\":[]}}],\"defensiveMovement\":[],\"route\":[]},{\"name\":\"\",\"unit\":\"offense\",\"pos\":\"LG\",\"num\":\"G\",\"startX\":24.165,\"startY\":65,\"x\":24.165,\"y\":65,\"eligible\":false,\"red\":143,\"green\":29,\"blue\":29,\"siz\":2,\"blockingAssignmentArray\":[{\"x\":24.677081185567012,\"y\":66.47938144329896,\"type\":1,\"player\":{\"name\":\"\",\"unit\":\"defense\",\"pos\":\"DL\",\"num\":\"DL\",\"startX\":24.871498579545452,\"startY\":67,\"x\":24.871498579545452,\"y\":67,\"eligible\":false,\"red\":0,\"green\":0,\"blue\":0,\"siz\":2,\"blockingAssignmentArray\":[],\"defensiveMovement\":[],\"route\":[]}}],\"defensiveMovement\":[],\"route\":[]},{\"name\":\"\",\"unit\":\"offense\",\"pos\":\"C\",\"num\":\"C\",\"startX\":26.665,\"startY\":65,\"x\":26.665,\"y\":65,\"eligible\":false,\"red\":143,\"green\":29,\"blue\":29,\"siz\":2,\"blockingAssignmentArray\":[],\"defensiveMovement\":[],\"route\":[]},{\"name\":\"\",\"unit\":\"offense\",\"pos\":\"RG\",\"num\":\"G\",\"startX\":29.165,\"startY\":65,\"x\":29.165,\"y\":65,\"eligible\":false,\"red\":143,\"green\":29,\"blue\":29,\"siz\":2,\"blockingAssignmentArray\":[{\"x\":28.429658505154638,\"y\":66.62371134020619,\"type\":1,\"player\":{\"name\":\"\",\"unit\":\"defense\",\"pos\":\"DL\",\"num\":\"DL\",\"startX\":28.689680397727273,\"startY\":67,\"x\":28.689680397727273,\"y\":67,\"eligible\":false,\"red\":0,\"green\":0,\"blue\":0,\"siz\":2,\"blockingAssignmentArray\":[],\"defensiveMovement\":[],\"route\":[]}}],\"defensiveMovement\":[],\"route\":[]},{\"name\":\"\",\"unit\":\"offense\",\"pos\":\"RT\",\"num\":\"T\",\"startX\":31.665,\"startY\":65,\"x\":31.665,\"y\":65,\"eligible\":false,\"red\":143,\"green\":29,\"blue\":29,\"siz\":2,\"blockingAssignmentArray\":[{\"x\":31.67708118556701,\"y\":67.12886597938144,\"type\":1,\"player\":{\"name\":\"\",\"unit\":\"defense\",\"pos\":\"DL\",\"num\":\"DL\",\"startX\":31.791953125,\"startY\":67,\"x\":31.791953125,\"y\":67,\"eligible\":false,\"red\":0,\"green\":0,\"blue\":0,\"siz\":2,\"blockingAssignmentArray\":[],\"defensiveMovement\":[],\"route\":[]}}],\"defensiveMovement\":[],\"route\":[]},{\"name\":\"\",\"unit\":\"offense\",\"pos\":\"QB\",\"num\":12,\"startX\":26.665,\"startY\":62.75,\"x\":26.665,\"y\":62.75,\"eligible\":true,\"red\":212,\"green\":130,\"blue\":130,\"siz\":2,\"blockingAssignmentArray\":[],\"defensiveMovement\":[],\"route\":[]},{\"name\":\"\",\"unit\":\"offense\",\"pos\":\"Y\",\"num\":\"Y\",\"startX\":34.10227992957746,\"startY\":65,\"x\":34.10227992957746,\"y\":65,\"eligible\":true,\"red\":255,\"green\":0,\"blue\":0,\"siz\":2,\"blockingAssignmentArray\":[],\"defensiveMovement\":[],\"route\":[[29.728627577319585,69.22164948453609],[13.058524484536083,70.15979381443299]]},{\"name\":\"\",\"unit\":\"offense\",\"pos\":\"X\",\"num\":\"X\",\"startX\":36.07411091549295,\"startY\":63.20422535211267,\"x\":36.07411091549295,\"y\":63.20422535211267,\"eligible\":true,\"red\":255,\"green\":0,\"blue\":0,\"siz\":2,\"blockingAssignmentArray\":[],\"defensiveMovement\":[],\"route\":[[35.718318298969066,74.6340206185567],[48.56367912371134,79.68556701030928]]},{\"name\":\"\",\"unit\":\"offense\",\"pos\":\"Z\",\"num\":\"Z\",\"startX\":11.00368838028169,\"startY\":65,\"x\":11.00368838028169,\"y\":65,\"eligible\":true,\"red\":255,\"green\":0,\"blue\":0,\"siz\":2,\"blockingAssignmentArray\":[],\"defensiveMovement\":[],\"route\":[[17.31625644329897,68.4278350515464],[34.92450386597938,70.08762886597938]]},{\"name\":\"\",\"unit\":\"offense\",\"pos\":\"H\",\"num\":\"H\",\"startX\":26.77833626760563,\"startY\":57.21830985915493,\"x\":26.77833626760563,\"y\":57.21830985915493,\"eligible\":true,\"red\":255,\"green\":0,\"blue\":0,\"siz\":2,\"blockingAssignmentArray\":[],\"defensiveMovement\":[],\"route\":[]},{\"name\":\"\",\"unit\":\"offense\",\"pos\":\"F\",\"num\":\"F\",\"startX\":26.707913732394367,\"startY\":59.61267605633803,\"x\":26.707913732394367,\"y\":59.61267605633803,\"eligible\":true,\"red\":255,\"green\":0,\"blue\":0,\"siz\":2,\"blockingAssignmentArray\":[],\"defensiveMovement\":[],\"route\":[]}],\"defensivePlayers\":[{\"name\":\"\",\"unit\":\"defense\",\"pos\":\"DL\",\"num\":\"DL\",\"startX\":24.871498579545452,\"startY\":67,\"x\":24.871498579545452,\"y\":67,\"eligible\":false,\"red\":0,\"green\":0,\"blue\":0,\"siz\":2,\"blockingAssignmentArray\":[],\"defensiveMovement\":[],\"route\":[]},{\"name\":\"\",\"unit\":\"defense\",\"pos\":\"LB\",\"num\":\"LB\",\"startX\":23.041953125,\"startY\":71.20454545454545,\"x\":23.041953125,\"y\":71.20454545454545,\"eligible\":false,\"red\":0,\"green\":0,\"blue\":0,\"siz\":2,\"blockingAssignmentArray\":[],\"defensiveMovement\":[],\"route\":[]},{\"name\":\"\",\"unit\":\"defense\",\"pos\":\"DB\",\"num\":\"DB\",\"startX\":46.666953125,\"startY\":67.7840909090909,\"x\":46.666953125,\"y\":67.7840909090909,\"eligible\":false,\"red\":0,\"green\":0,\"blue\":0,\"siz\":2,\"blockingAssignmentArray\":[],\"defensiveMovement\":[],\"route\":[]},{\"name\":\"\",\"unit\":\"defense\",\"pos\":\"DB\",\"num\":\"DB\",\"startX\":10.712407670454544,\"startY\":68.42045454545455,\"x\":10.712407670454544,\"y\":68.42045454545455,\"eligible\":false,\"red\":0,\"green\":0,\"blue\":0,\"siz\":2,\"blockingAssignmentArray\":[],\"defensiveMovement\":[],\"route\":[]},{\"name\":\"\",\"unit\":\"defense\",\"pos\":\"DB\",\"num\":\"DB\",\"startX\":28.45104403409091,\"startY\":77.4090909090909,\"x\":28.45104403409091,\"y\":77.4090909090909,\"eligible\":false,\"red\":0,\"green\":0,\"blue\":0,\"siz\":2,\"blockingAssignmentArray\":[],\"defensiveMovement\":[],\"route\":[]},{\"name\":\"\",\"unit\":\"defense\",\"pos\":\"DB\",\"num\":\"DB\",\"startX\":19.86013494318182,\"startY\":75.3409090909091,\"x\":19.86013494318182,\"y\":75.3409090909091,\"eligible\":false,\"red\":0,\"green\":0,\"blue\":0,\"siz\":2,\"blockingAssignmentArray\":[],\"defensiveMovement\":[],\"route\":[]},{\"name\":\"\",\"unit\":\"defense\",\"pos\":\"DL\",\"num\":\"DL\",\"startX\":28.689680397727273,\"startY\":67,\"x\":28.689680397727273,\"y\":67,\"eligible\":false,\"red\":0,\"green\":0,\"blue\":0,\"siz\":2,\"blockingAssignmentArray\":[],\"defensiveMovement\":[],\"route\":[]},{\"name\":\"\",\"unit\":\"defense\",\"pos\":\"DL\",\"num\":\"DL\",\"startX\":31.791953125,\"startY\":67,\"x\":31.791953125,\"y\":67,\"eligible\":false,\"red\":0,\"green\":0,\"blue\":0,\"siz\":2,\"blockingAssignmentArray\":[],\"defensiveMovement\":[],\"route\":[]},{\"name\":\"\",\"unit\":\"defense\",\"pos\":\"LB\",\"num\":\"LB\",\"startX\":29.32604403409091,\"startY\":71.2840909090909,\"x\":29.32604403409091,\"y\":71.2840909090909,\"eligible\":false,\"red\":0,\"green\":0,\"blue\":0,\"siz\":2,\"blockingAssignmentArray\":[],\"defensiveMovement\":[],\"route\":[]},{\"name\":\"\",\"unit\":\"defense\",\"pos\":\"DL\",\"num\":\"DL\",\"startX\":21.769225852272726,\"startY\":67,\"x\":21.769225852272726,\"y\":67,\"eligible\":false,\"red\":0,\"green\":0,\"blue\":0,\"siz\":2,\"blockingAssignmentArray\":[],\"defensiveMovement\":[],\"route\":[]},{\"name\":\"\",\"unit\":\"defense\",\"pos\":\"DB\",\"num\":\"DB\",\"startX\":39.82604403409091,\"startY\":70.32954545454545,\"x\":39.82604403409091,\"y\":70.32954545454545,\"eligible\":false,\"red\":0,\"green\":0,\"blue\":0,\"siz\":2,\"blockingAssignmentArray\":[],\"defensiveMovement\":[],\"route\":[]}],\"quarterback\":[{\"name\":\"\",\"unit\":\"offense\",\"pos\":\"QB\",\"num\":12,\"startX\":26.665,\"startY\":62.75,\"x\":26.665,\"y\":62.75,\"eligible\":true,\"red\":212,\"green\":130,\"blue\":130,\"siz\":2,\"blockingAssignmentArray\":[],\"defensiveMovement\":[],\"route\":[]}],\"offensiveLinemen\":[{\"name\":\"\",\"unit\":\"offense\",\"pos\":\"LT\",\"num\":\"T\",\"startX\":21.665,\"startY\":65,\"x\":21.665,\"y\":65,\"eligible\":false,\"red\":143,\"green\":29,\"blue\":29,\"siz\":2,\"blockingAssignmentArray\":[],\"defensiveMovement\":[],\"route\":[]},{\"name\":\"\",\"unit\":\"offense\",\"pos\":\"LG\",\"num\":\"G\",\"startX\":24.165,\"startY\":65,\"x\":24.165,\"y\":65,\"eligible\":false,\"red\":143,\"green\":29,\"blue\":29,\"siz\":2,\"blockingAssignmentArray\":[],\"defensiveMovement\":[],\"route\":[]},{\"name\":\"\",\"unit\":\"offense\",\"pos\":\"C\",\"num\":\"C\",\"startX\":26.665,\"startY\":65,\"x\":26.665,\"y\":65,\"eligible\":false,\"red\":143,\"green\":29,\"blue\":29,\"siz\":2,\"blockingAssignmentArray\":[],\"defensiveMovement\":[],\"route\":[]},{\"name\":\"\",\"unit\":\"offense\",\"pos\":\"RG\",\"num\":\"G\",\"startX\":29.165,\"startY\":65,\"x\":29.165,\"y\":65,\"eligible\":false,\"red\":143,\"green\":29,\"blue\":29,\"siz\":2,\"blockingAssignmentArray\":[],\"defensiveMovement\":[],\"route\":[]},{\"name\":\"\",\"unit\":\"offense\",\"pos\":\"RT\",\"num\":\"T\",\"startX\":31.665,\"startY\":65,\"x\":31.665,\"y\":65,\"eligible\":false,\"red\":143,\"green\":29,\"blue\":29,\"siz\":2,\"blockingAssignmentArray\":[],\"defensiveMovement\":[],\"route\":[]}],\"eligibleReceivers\":[{\"name\":\"\",\"unit\":\"offense\",\"pos\":\"QB\",\"num\":12,\"startX\":26.665,\"startY\":62.75,\"x\":26.665,\"y\":62.75,\"eligible\":true,\"red\":212,\"green\":130,\"blue\":130,\"siz\":2,\"blockingAssignmentArray\":[],\"defensiveMovement\":[],\"route\":[]},{\"name\":\"\",\"unit\":\"offense\",\"pos\":\"Y\",\"num\":\"Y\",\"startX\":34.10227992957746,\"startY\":65,\"x\":34.10227992957746,\"y\":65,\"eligible\":true,\"red\":255,\"green\":0,\"blue\":0,\"siz\":2,\"blockingAssignmentArray\":[],\"defensiveMovement\":[],\"route\":[[29.728627577319585,69.22164948453609],[13.058524484536083,70.15979381443299]]},{\"name\":\"\",\"unit\":\"offense\",\"pos\":\"X\",\"num\":\"X\",\"startX\":36.07411091549295,\"startY\":63.20422535211267,\"x\":36.07411091549295,\"y\":63.20422535211267,\"eligible\":true,\"red\":255,\"green\":0,\"blue\":0,\"siz\":2,\"blockingAssignmentArray\":[],\"defensiveMovement\":[],\"route\":[[35.718318298969066,74.6340206185567],[48.56367912371134,79.68556701030928]]},{\"name\":\"\",\"unit\":\"offense\",\"pos\":\"Z\",\"num\":\"Z\",\"startX\":11.00368838028169,\"startY\":65,\"x\":11.00368838028169,\"y\":65,\"eligible\":true,\"red\":255,\"green\":0,\"blue\":0,\"siz\":2,\"blockingAssignmentArray\":[],\"defensiveMovement\":[],\"route\":[[17.31625644329897,68.4278350515464],[34.92450386597938,70.08762886597938]]},{\"name\":\"\",\"unit\":\"offense\",\"pos\":\"H\",\"num\":\"H\",\"startX\":26.77833626760563,\"startY\":57.21830985915493,\"x\":26.77833626760563,\"y\":57.21830985915493,\"eligible\":true,\"red\":255,\"green\":0,\"blue\":0,\"siz\":2,\"blockingAssignmentArray\":[],\"defensiveMovement\":[],\"route\":[]},{\"name\":\"\",\"unit\":\"offense\",\"pos\":\"F\",\"num\":\"F\",\"startX\":26.707913732394367,\"startY\":59.61267605633803,\"x\":26.707913732394367,\"y\":59.61267605633803,\"eligible\":true,\"red\":255,\"green\":0,\"blue\":0,\"siz\":2,\"blockingAssignmentArray\":[],\"defensiveMovement\":[],\"route\":[]}]}", "created_at": "2016-09-09T07:05:14.737Z", "updated_at": "2016-09-09T07:05:14.737Z"}}, {"model": "quiz.play", "pk": 45, "fields": {"name": "Z Y Cross", "scoutName": "3-4", "team": 1, "formation": 1, "scout": false, "playJson": "{\"name\":\"Z Y Cross\",\"scoutName\":\"3-4\",\"team\":\"1\",\"unit\":\"offense\",\"formation\":\"Green RT West\",\"offensivePlayers\":[{\"name\":\"\",\"unit\":\"offense\",\"pos\":\"LT\",\"num\":\"T\",\"startX\":21.665,\"startY\":65,\"x\":21.665,\"y\":65,\"eligible\":false,\"red\":143,\"green\":29,\"blue\":29,\"siz\":2,\"blockingAssignmentArray\":[],\"defensiveMovement\":[],\"route\":[]},{\"name\":\"\",\"unit\":\"offense\",\"pos\":\"LG\",\"num\":\"G\",\"startX\":24.165,\"startY\":65,\"x\":24.165,\"y\":65,\"eligible\":false,\"red\":143,\"green\":29,\"blue\":29,\"siz\":2,\"blockingAssignmentArray\":[{\"x\":24.460586340206184,\"y\":66.76804123711341,\"type\":1,\"player\":{\"name\":\"\",\"unit\":\"defense\",\"pos\":\"DL\",\"num\":\"DL\",\"startX\":24.314680397727273,\"startY\":67,\"x\":24.314680397727273,\"y\":67,\"eligible\":false,\"red\":0,\"green\":0,\"blue\":0,\"siz\":2,\"blockingAssignmentArray\":[],\"defensiveMovement\":[],\"route\":[]}}],\"defensiveMovement\":[],\"route\":[]},{\"name\":\"\",\"unit\":\"offense\",\"pos\":\"C\",\"num\":\"C\",\"startX\":26.665,\"startY\":65,\"x\":26.665,\"y\":65,\"eligible\":false,\"red\":143,\"green\":29,\"blue\":29,\"siz\":2,\"blockingAssignmentArray\":[],\"defensiveMovement\":[],\"route\":[]},{\"name\":\"\",\"unit\":\"offense\",\"pos\":\"RG\",\"num\":\"G\",\"startX\":29.165,\"startY\":65,\"x\":29.165,\"y\":65,\"eligible\":false,\"red\":143,\"green\":29,\"blue\":29,\"siz\":2,\"blockingAssignmentArray\":[{\"x\":27.708009020618555,\"y\":66.91237113402062,\"type\":1,\"player\":{\"name\":\"\",\"unit\":\"defense\",\"pos\":\"DL\",\"num\":\"DL\",\"startX\":27.973771306818183,\"startY\":67,\"x\":27.973771306818183,\"y\":67,\"eligible\":false,\"red\":0,\"green\":0,\"blue\":0,\"siz\":2,\"blockingAssignmentArray\":[],\"defensiveMovement\":[],\"route\":[]}}],\"defensiveMovement\":[],\"route\":[]},{\"name\":\"\",\"unit\":\"offense\",\"pos\":\"RT\",\"num\":\"T\",\"startX\":31.665,\"startY\":65,\"x\":31.665,\"y\":65,\"eligible\":false,\"red\":143,\"green\":29,\"blue\":29,\"siz\":2,\"blockingAssignmentArray\":[{\"x\":31.821411082474224,\"y\":66.76804123711341,\"type\":1,\"player\":{\"name\":\"\",\"unit\":\"defense\",\"pos\":\"DL\",\"num\":\"DL\",\"startX\":32.030589488636366,\"startY\":67,\"x\":32.030589488636366,\"y\":67,\"eligible\":false,\"red\":0,\"green\":0,\"blue\":0,\"siz\":2,\"blockingAssignmentArray\":[],\"defensiveMovement\":[],\"route\":[]}}],\"defensiveMovement\":[],\"route\":[]},{\"name\":\"\",\"unit\":\"offense\",\"pos\":\"QB\",\"num\":12,\"startX\":26.665,\"startY\":62.75,\"x\":26.665,\"y\":62.75,\"eligible\":true,\"red\":212,\"green\":130,\"blue\":130,\"siz\":2,\"blockingAssignmentArray\":[],\"defensiveMovement\":[],\"route\":[]},{\"name\":\"\",\"unit\":\"offense\",\"pos\":\"Y\",\"num\":\"Y\",\"startX\":34.10227992957746,\"startY\":65,\"x\":34.10227992957746,\"y\":65,\"eligible\":true,\"red\":255,\"green\":0,\"blue\":0,\"siz\":2,\"blockingAssignmentArray\":[],\"defensiveMovement\":[],\"route\":[[29.728627577319585,69.22164948453609],[13.058524484536083,70.15979381443299]]},{\"name\":\"\",\"unit\":\"offense\",\"pos\":\"X\",\"num\":\"X\",\"startX\":36.07411091549295,\"startY\":63.20422535211267,\"x\":36.07411091549295,\"y\":63.20422535211267,\"eligible\":true,\"red\":255,\"green\":0,\"blue\":0,\"siz\":2,\"blockingAssignmentArray\":[],\"defensiveMovement\":[],\"route\":[[35.718318298969066,74.6340206185567],[48.56367912371134,79.68556701030928]]},{\"name\":\"\",\"unit\":\"offense\",\"pos\":\"Z\",\"num\":\"Z\",\"startX\":11.00368838028169,\"startY\":65,\"x\":11.00368838028169,\"y\":65,\"eligible\":true,\"red\":255,\"green\":0,\"blue\":0,\"siz\":2,\"blockingAssignmentArray\":[],\"defensiveMovement\":[],\"route\":[[17.31625644329897,68.4278350515464],[34.92450386597938,70.08762886597938]]},{\"name\":\"\",\"unit\":\"offense\",\"pos\":\"H\",\"num\":\"H\",\"startX\":26.77833626760563,\"startY\":57.21830985915493,\"x\":26.77833626760563,\"y\":57.21830985915493,\"eligible\":true,\"red\":255,\"green\":0,\"blue\":0,\"siz\":2,\"blockingAssignmentArray\":[],\"defensiveMovement\":[],\"route\":[]},{\"name\":\"\",\"unit\":\"offense\",\"pos\":\"F\",\"num\":\"F\",\"startX\":26.707913732394367,\"startY\":59.61267605633803,\"x\":26.707913732394367,\"y\":59.61267605633803,\"eligible\":true,\"red\":255,\"green\":0,\"blue\":0,\"siz\":2,\"blockingAssignmentArray\":[],\"defensiveMovement\":[],\"route\":[]}],\"defensivePlayers\":[{\"name\":\"\",\"unit\":\"defense\",\"pos\":\"DL\",\"num\":\"DL\",\"startX\":24.314680397727273,\"startY\":67,\"x\":24.314680397727273,\"y\":67,\"eligible\":false,\"red\":0,\"green\":0,\"blue\":0,\"siz\":2,\"blockingAssignmentArray\":[],\"defensiveMovement\":[],\"route\":[]},{\"name\":\"\",\"unit\":\"defense\",\"pos\":\"LB\",\"num\":\"LB\",\"startX\":23.916953125,\"startY\":71.20454545454545,\"x\":23.916953125,\"y\":71.20454545454545,\"eligible\":false,\"red\":0,\"green\":0,\"blue\":0,\"siz\":2,\"blockingAssignmentArray\":[],\"defensiveMovement\":[],\"route\":[]},{\"name\":\"\",\"unit\":\"defense\",\"pos\":\"LB\",\"num\":\"LB\",\"startX\":19.22377130681818,\"startY\":69.69318181818181,\"x\":19.22377130681818,\"y\":69.69318181818181,\"eligible\":false,\"red\":0,\"green\":0,\"blue\":0,\"siz\":2,\"blockingAssignmentArray\":[],\"defensiveMovement\":[],\"route\":[]},{\"name\":\"\",\"unit\":\"defense\",\"pos\":\"LB\",\"num\":\"LB\",\"startX\":28.689680397727273,\"startY\":71.20454545454545,\"x\":28.689680397727273,\"y\":71.20454545454545,\"eligible\":false,\"red\":0,\"green\":0,\"blue\":0,\"siz\":2,\"blockingAssignmentArray\":[],\"defensiveMovement\":[],\"route\":[]},{\"name\":\"\",\"unit\":\"defense\",\"pos\":\"DB\",\"num\":\"DB\",\"startX\":41.49649857954545,\"startY\":68.81818181818181,\"x\":41.49649857954545,\"y\":68.81818181818181,\"eligible\":false,\"red\":0,\"green\":0,\"blue\":0,\"siz\":2,\"blockingAssignmentArray\":[],\"defensiveMovement\":[],\"route\":[]},{\"name\":\"\",\"unit\":\"defense\",\"pos\":\"DB\",\"num\":\"DB\",\"startX\":11.507862215909089,\"startY\":68.57954545454545,\"x\":11.507862215909089,\"y\":68.57954545454545,\"eligible\":false,\"red\":0,\"green\":0,\"blue\":0,\"siz\":2,\"blockingAssignmentArray\":[],\"defensiveMovement\":[],\"route\":[]},{\"name\":\"\",\"unit\":\"defense\",\"pos\":\"DB\",\"num\":\"DB\",\"startX\":30.598771306818183,\"startY\":75.3409090909091,\"x\":30.598771306818183,\"y\":75.3409090909091,\"eligible\":false,\"red\":0,\"green\":0,\"blue\":0,\"siz\":2,\"blockingAssignmentArray\":[],\"defensiveMovement\":[],\"route\":[]},{\"name\":\"\",\"unit\":\"defense\",\"pos\":\"DB\",\"num\":\"DB\",\"startX\":23.757862215909093,\"startY\":77.17045454545455,\"x\":23.757862215909093,\"y\":77.17045454545455,\"eligible\":false,\"red\":0,\"green\":0,\"blue\":0,\"siz\":2,\"blockingAssignmentArray\":[],\"defensiveMovement\":[],\"route\":[]},{\"name\":\"\",\"unit\":\"defense\",\"pos\":\"DL\",\"num\":\"DL\",\"startX\":27.973771306818183,\"startY\":67,\"x\":27.973771306818183,\"y\":67,\"eligible\":false,\"red\":0,\"green\":0,\"blue\":0,\"siz\":2,\"blockingAssignmentArray\":[],\"defensiveMovement\":[],\"route\":[]},{\"name\":\"\",\"unit\":\"defense\",\"pos\":\"DL\",\"num\":\"DL\",\"startX\":32.030589488636366,\"startY\":67,\"x\":32.030589488636366,\"y\":67,\"eligible\":false,\"red\":0,\"green\":0,\"blue\":0,\"siz\":2,\"blockingAssignmentArray\":[],\"defensiveMovement\":[],\"route\":[]},{\"name\":\"\",\"unit\":\"defense\",\"pos\":\"LB\",\"num\":\"LB\",\"startX\":32.98513494318182,\"startY\":71.125,\"x\":32.98513494318182,\"y\":71.125,\"eligible\":false,\"red\":0,\"green\":0,\"blue\":0,\"siz\":2,\"blockingAssignmentArray\":[],\"defensiveMovement\":[],\"route\":[]}],\"quarterback\":[{\"name\":\"\",\"unit\":\"offense\",\"pos\":\"QB\",\"num\":12,\"startX\":26.665,\"startY\":62.75,\"x\":26.665,\"y\":62.75,\"eligible\":true,\"red\":212,\"green\":130,\"blue\":130,\"siz\":2,\"blockingAssignmentArray\":[],\"defensiveMovement\":[],\"route\":[]}],\"offensiveLinemen\":[{\"name\":\"\",\"unit\":\"offense\",\"pos\":\"LT\",\"num\":\"T\",\"startX\":21.665,\"startY\":65,\"x\":21.665,\"y\":65,\"eligible\":false,\"red\":143,\"green\":29,\"blue\":29,\"siz\":2,\"blockingAssignmentArray\":[],\"defensiveMovement\":[],\"route\":[]},{\"name\":\"\",\"unit\":\"offense\",\"pos\":\"LG\",\"num\":\"G\",\"startX\":24.165,\"startY\":65,\"x\":24.165,\"y\":65,\"eligible\":false,\"red\":143,\"green\":29,\"blue\":29,\"siz\":2,\"blockingAssignmentArray\":[],\"defensiveMovement\":[],\"route\":[]},{\"name\":\"\",\"unit\":\"offense\",\"pos\":\"C\",\"num\":\"C\",\"startX\":26.665,\"startY\":65,\"x\":26.665,\"y\":65,\"eligible\":false,\"red\":143,\"green\":29,\"blue\":29,\"siz\":2,\"blockingAssignmentArray\":[],\"defensiveMovement\":[],\"route\":[]},{\"name\":\"\",\"unit\":\"offense\",\"pos\":\"RG\",\"num\":\"G\",\"startX\":29.165,\"startY\":65,\"x\":29.165,\"y\":65,\"eligible\":false,\"red\":143,\"green\":29,\"blue\":29,\"siz\":2,\"blockingAssignmentArray\":[],\"defensiveMovement\":[],\"route\":[]},{\"name\":\"\",\"unit\":\"offense\",\"pos\":\"RT\",\"num\":\"T\",\"startX\":31.665,\"startY\":65,\"x\":31.665,\"y\":65,\"eligible\":false,\"red\":143,\"green\":29,\"blue\":29,\"siz\":2,\"blockingAssignmentArray\":[],\"defensiveMovement\":[],\"route\":[]}],\"eligibleReceivers\":[{\"name\":\"\",\"unit\":\"offense\",\"pos\":\"QB\",\"num\":12,\"startX\":26.665,\"startY\":62.75,\"x\":26.665,\"y\":62.75,\"eligible\":true,\"red\":212,\"green\":130,\"blue\":130,\"siz\":2,\"blockingAssignmentArray\":[],\"defensiveMovement\":[],\"route\":[]},{\"name\":\"\",\"unit\":\"offense\",\"pos\":\"Y\",\"num\":\"Y\",\"startX\":34.10227992957746,\"startY\":65,\"x\":34.10227992957746,\"y\":65,\"eligible\":true,\"red\":255,\"green\":0,\"blue\":0,\"siz\":2,\"blockingAssignmentArray\":[],\"defensiveMovement\":[],\"route\":[[29.728627577319585,69.22164948453609],[13.058524484536083,70.15979381443299]]},{\"name\":\"\",\"unit\":\"offense\",\"pos\":\"X\",\"num\":\"X\",\"startX\":36.07411091549295,\"startY\":63.20422535211267,\"x\":36.07411091549295,\"y\":63.20422535211267,\"eligible\":true,\"red\":255,\"green\":0,\"blue\":0,\"siz\":2,\"blockingAssignmentArray\":[],\"defensiveMovement\":[],\"route\":[[35.718318298969066,74.6340206185567],[48.56367912371134,79.68556701030928]]},{\"name\":\"\",\"unit\":\"offense\",\"pos\":\"Z\",\"num\":\"Z\",\"startX\":11.00368838028169,\"startY\":65,\"x\":11.00368838028169,\"y\":65,\"eligible\":true,\"red\":255,\"green\":0,\"blue\":0,\"siz\":2,\"blockingAssignmentArray\":[],\"defensiveMovement\":[],\"route\":[[17.31625644329897,68.4278350515464],[34.92450386597938,70.08762886597938]]},{\"name\":\"\",\"unit\":\"offense\",\"pos\":\"H\",\"num\":\"H\",\"startX\":26.77833626760563,\"startY\":57.21830985915493,\"x\":26.77833626760563,\"y\":57.21830985915493,\"eligible\":true,\"red\":255,\"green\":0,\"blue\":0,\"siz\":2,\"blockingAssignmentArray\":[],\"defensiveMovement\":[],\"route\":[]},{\"name\":\"\",\"unit\":\"offense\",\"pos\":\"F\",\"num\":\"F\",\"startX\":26.707913732394367,\"startY\":59.61267605633803,\"x\":26.707913732394367,\"y\":59.61267605633803,\"eligible\":true,\"red\":255,\"green\":0,\"blue\":0,\"siz\":2,\"blockingAssignmentArray\":[],\"defensiveMovement\":[],\"route\":[]}]}", "created_at": "2016-09-09T07:05:28.137Z", "updated_at": "2016-09-09T07:05:28.137Z"}}, {"model": "dashboard.coach", "pk": 1, "fields": {"user": 2, "title": null, "created_at": "2016-07-08T03:43:09.462Z", "updated_at": "2016-07-08T03:43:09.462Z", "team": 1}}, {"model": "dashboard.myuser", "pk": 1, "fields": {"user": 2, "is_a_player": false, "avatar_image": "profile/MikeBloomgren.jpg"}}, {"model": "dashboard.myuser", "pk": 2, "fields": {"user": 3, "is_a_player": true, "avatar_image": "profile/RyanBurns.jpg"}}, {"model": "dashboard.myuser", "pk": 3, "fields": {"user": 4, "is_a_player": true, "avatar_image": "profile/KellerChryst.JPG"}}, {"model": "dashboard.myuser", "pk": 4, "fields": {"user": 5, "is_a_player": true, "avatar_image": "profile/KJCostello.JPG"}}, {"model": "dashboard.myuser", "pk": 5, "fields": {"user": 6, "is_a_player": true, "avatar_image": "profile/TrentonIrwin.jpg"}}, {"model": "dashboard.myuser", "pk": 6, "fields": {"user": 7, "is_a_player": true, "avatar_image": "profile/MichaelRector.jpg"}}, {"model": "dashboard.myuser", "pk": 7, "fields": {"user": 8, "is_a_player": true, "avatar_image": "profile/JayTyler.jpg"}}, {"model": "dashboard.myuser", "pk": 8, "fields": {"user": 9, "is_a_player": true, "avatar_image": "profile/FrancisOwusu.jpg"}}, {"model": "dashboard.myuser", "pk": 9, "fields": {"user": 10, "is_a_player": true, "avatar_image": "profile/DonaldStewart.jpg"}}, {"model": "dashboard.myuser", "pk": 10, "fields": {"user": 11, "is_a_player": true, "avatar_image": "profile/TaijuanThomas.jpg"}}, {"model": "dashboard.myuser", "pk": 11, "fields": {"user": 12, "is_a_player": true, "avatar_image": "profile/PaxonSegina.jpg"}}, {"model": "dashboard.myuser", "pk": 12, "fields": {"user": 13, "is_a_player": true, "avatar_image": "profile/JJArcegaWhiteside.jpg"}}, {"model": "dashboard.myuser", "pk": 13, "fields": {"user": 14, "is_a_player": true, "avatar_image": "profile/IsaiahBrandtSims.jpg"}}, {"model": "dashboard.myuser", "pk": 14, "fields": {"user": 15, "is_a_player": true, "avatar_image": "profile/SidhartKrishnamurthi.jpg"}}, {"model": "dashboard.myuser", "pk": 15, "fields": {"user": 16, "is_a_player": true, "avatar_image": "profile/TreyvionFoster.jpg"}}, {"model": "dashboard.playergroup", "pk": 1, "fields": {"name": "Quarterbacks", "team": 1, "position_group": false, "position_type": "Skill Position", "abbreviation": null, "players": [1, 3, 4]}}, {"model": "dashboard.playergroup", "pk": 2, "fields": {"name": "All", "team": 1, "position_group": false, "position_type": "Skill Position", "abbreviation": null, "players": [1, 3, 4, 5, 6, 7, 8, 9, 10, 11, 12, 13, 14, 15]}}, {"model": "dashboard.playergroup", "pk": 3, "fields": {"name": "Wide Receivers", "team": 1, "position_group": false, "position_type": "Skill Position", "abbreviation": null, "players": [5, 6, 7, 8, 9, 10, 11, 12, 13, 14, 15]}}, {"model": "dashboard.playergroup", "pk": 4, "fields": {"name": "Freshmen", "team": 1, "position_group": false, "position_type": "Skill Position", "abbreviation": null, "players": [9, 11, 4]}}, {"model": "dashboard.playergroup", "pk": 5, "fields": {"name": "Sophomores", "team": 1, "position_group": false, "position_type": "Skill Position", "abbreviation": null, "players": [5, 7, 12, 14]}}, {"model": "dashboard.playergroup", "pk": 6, "fields": {"name": "Juniors", "team": 1, "position_group": false, "position_type": "Skill Position", "abbreviation": null, "players": [3, 13]}}, {"model": "dashboard.playergroup", "pk": 7, "fields": {"name": "Seniors", "team": 1, "position_group": false, "position_type": "Skill Position", "abbreviation": null, "players": [1, 6, 8, 10, 15]}}, {"model": "dashboard.playergroup", "pk": 8, "fields": {"name": "X Receivers", "team": 1, "position_group": true, "position_type": "Skill Position", "abbreviation": "X", "players": [5, 6, 7, 8, 9, 10, 11, 12, 13, 14, 15]}}, {"model": "dashboard.playergroup", "pk": 9, "fields": {"name": "Z Receivers", "team": 1, "position_group": true, "position_type": "Skill Position", "abbreviation": "Z", "players": [5, 6, 7, 8, 9, 10, 11, 12, 13, 14, 15]}}, {"model": "dashboard.playergroup", "pk": 10, "fields": {"name": "Y Receivers", "team": 1, "position_group": true, "position_type": "Skill Position", "abbreviation": "Y", "players": [5, 6, 7, 8, 9, 10, 11, 12, 13, 14, 15]}}, {"model": "dashboard.concept", "pk": 9, "fields": {"name": "Swoop", "team": 1, "unit": "offense", "scout": false, "conceptJson": "{\"name\":\"Swoop\",\"team\":\"1\",\"unit\":\"offense\",\"offensivePlayers\":[{\"name\":\"\",\"unit\":\"offense\",\"pos\":\"F\",\"num\":\"F\",\"startX\":19.22377130681818,\"startY\":65,\"x\":19.22377130681818,\"y\":65,\"eligible\":true,\"red\":255,\"green\":0,\"blue\":0,\"siz\":2,\"blockingAssignmentArray\":[{\"x\":20.637984869191275,\"y\":66.41421356237309,\"type\":3,\"player\":null}],\"defensiveMovement\":[]},{\"name\":\"\",\"unit\":\"offense\",\"pos\":\"T\",\"num\":\"T\",\"startX\":21.689680397727273,\"startY\":65,\"x\":21.689680397727273,\"y\":65,\"eligible\":false,\"red\":143,\"green\":29,\"blue\":29,\"siz\":2,\"blockingAssignmentArray\":[{\"x\":23.10389396010037,\"y\":66.41421356237309,\"type\":3,\"player\":null}],\"defensiveMovement\":[]},{\"name\":\"\",\"unit\":\"offense\",\"pos\":\"G\",\"num\":\"G\",\"startX\":24.155589488636362,\"startY\":65,\"x\":24.155589488636362,\"y\":65,\"eligible\":false,\"red\":143,\"green\":29,\"blue\":29,\"siz\":2,\"blockingAssignmentArray\":[{\"x\":25.56980305100946,\"y\":66.41421356237309,\"type\":3,\"player\":null},{\"x\":25.56980305100946,\"y\":69.41421356237309,\"type\":5,\"player\":null}],\"defensiveMovement\":[]},{\"name\":\"\",\"unit\":\"offense\",\"pos\":\"C\",\"num\":\"C\",\"startX\":26.665,\"startY\":65,\"x\":26.665,\"y\":65,\"eligible\":false,\"red\":143,\"green\":29,\"blue\":29,\"siz\":2,\"blockingAssignmentArray\":[],\"defensiveMovement\":[]}],\"defensivePlayers\":[{\"name\":\"\",\"unit\":\"defense\",\"pos\":\"E\",\"num\":\"E\",\"startX\":19.22377130681818,\"startY\":67,\"x\":19.22377130681818,\"y\":67,\"eligible\":false,\"red\":0,\"green\":0,\"blue\":0,\"siz\":2,\"blockingAssignmentArray\":[],\"defensiveMovement\":[]},{\"name\":\"\",\"unit\":\"defense\",\"pos\":\"T\",\"num\":\"T\",\"startX\":23.439680397727273,\"startY\":67,\"x\":23.439680397727273,\"y\":67,\"eligible\":false,\"red\":0,\"green\":0,\"blue\":0,\"siz\":2,\"blockingAssignmentArray\":[],\"defensiveMovement\":[]},{\"name\":\"\",\"unit\":\"defense\",\"pos\":\"W\",\"num\":\"W\",\"startX\":20.97377130681818,\"startY\":70.17045454545455,\"x\":20.97377130681818,\"y\":70.17045454545455,\"eligible\":false,\"red\":0,\"green\":0,\"blue\":0,\"siz\":2,\"blockingAssignmentArray\":[],\"defensiveMovement\":[]}],\"quarterback\":[],\"offensiveLinemen\":[],\"eligibleReceivers\":[]}", "created_at": "2016-09-20T19:42:20.190Z", "updated_at": "2016-09-20T19:42:27.363Z"}}, {"model": "dashboard.quiz", "pk": 1, "fields": {"name": "Week 1", "team": 1, "author": 2, "unit": "offense", "created_at": "2016-09-14T17:36:43.179Z", "updated_at": "2016-09-20T02:56:33.035Z", "players": [1, 3, 4, 5, 6, 7, 8, 9, 10, 11, 12, 13, 14, 15], "submissions": [1, 3], "formations": [5, 3, 2, 1], "plays": [45, 44, 43, 42, 41, 40, 39, 38], "concepts": [9]}}, {"model": "dashboard.questionattempted", "pk": 1, "fields": {"player": 1, "team": 1, "time": "2016-09-20T02:36:12.504Z", "quiz": 1, "formation": null, "play": 45, "concept": null, "score": 1}}, {"model": "dashboard.questionattempted", "pk": 2, "fields": {"player": 1, "team": 1, "time": "2016-09-20T02:36:16.252Z", "quiz": 1, "formation": 5, "play": null, "concept": null, "score": 1}}, {"model": "dashboard.questionattempted", "pk": 3, "fields": {"player": 1, "team": 1, "time": "2016-09-20T02:36:18.722Z", "quiz": 1, "formation": 1, "play": null, "concept": null, "score": 0}}, {"model": "dashboard.questionattempted", "pk": 4, "fields": {"player": 1, "team": 1, "time": "2016-09-20T02:36:22.108Z", "quiz": 1, "formation": null, "play": 42, "concept": null, "score": 1}}, {"model": "dashboard.questionattempted", "pk": 5, "fields": {"player": 1, "team": 1, "time": "2016-09-20T02:36:26.079Z", "quiz": 1, "formation": null, "play": null, "concept": 9, "score": 0}}, {"model": "dashboard.questionattempted", "pk": 6, "fields": {"player": 1, "team": 1, "time": "2016-09-20T02:36:30.367Z", "quiz": 1, "formation": null, "play": 40, "concept": null, "score": 1}}, {"model": "dashboard.questionattempted", "pk": 7, "fields": {"player": 1, "team": 1, "time": "2016-09-20T02:36:34.070Z", "quiz": 1, "formation": null, "play": 41, "concept": null, "score": 1}}, {"model": "dashboard.questionattempted", "pk": 8, "fields": {"player": 1, "team": 1, "time": "2016-09-20T02:36:38.286Z", "quiz": 1, "formation": null, "play": 38, "concept": null, "score": 1}}, {"model": "dashboard.questionattempted", "pk": 9, "fields": {"player": 1, "team": 1, "time": "2016-09-20T02:36:42.737Z", "quiz": 1, "formation": null, "play": 44, "concept": null, "score": 0}}, {"model": "dashboard.questionattempted", "pk": 10, "fields": {"player": 1, "team": 1, "time": "2016-09-20T02:36:48.252Z", "quiz": 1, "formation": null, "play": 43, "concept": null, "score": 1}}, {"model": "dashboard.questionattempted", "pk": 11, "fields": {"player": 1, "team": 1, "time": "2016-09-20T02:36:52.937Z", "quiz": 1, "formation": 3, "play": null, "concept": null, "score": 1}}, {"model": "dashboard.questionattempted", "pk": 12, "fields": {"player": 1, "team": 1, "time": "2016-09-20T02:36:56.671Z", "quiz": 1, "formation": null, "play": 39, "concept": null, "score": 1}}, {"model": "dashboard.questionattempted", "pk": 13, "fields": {"player": 1, "team": 1, "time": "2016-09-20T02:37:01.104Z", "quiz": 1, "formation": 2, "play": null, "concept": null, "score": 1}}, {"model": "dashboard.questionattempted", "pk": 14, "fields": {"player": 1, "team": 1, "time": "2016-09-20T02:39:09.566Z", "quiz": 1, "formation": null, "play": null, "concept": 9, "score": null}}, {"model": "dashboard.questionattempted", "pk": 15, "fields": {"player": 1, "team": 1, "time": "2016-09-20T02:39:09.748Z", "quiz": 1, "formation": null, "play": 43, "concept": null, "score": null}}, {"model": "dashboard.questionattempted", "pk": 16, "fields": {"player": 1, "team": 1, "time": "2016-09-20T02:39:09.890Z", "quiz": 1, "formation": null, "play": 42, "concept": null, "score": null}}, {"model": "dashboard.questionattempted", "pk": 17, "fields": {"player": 1, "team": 1, "time": "2016-09-20T02:39:10.056Z", "quiz": 1, "formation": 3, "play": null, "concept": null, "score": null}}, {"model": "dashboard.questionattempted", "pk": 18, "fields": {"player": 1, "team": 1, "time": "2016-09-20T02:39:10.223Z", "quiz": 1, "formation": null, "play": 38, "concept": null, "score": null}}, {"model": "dashboard.questionattempted", "pk": 19, "fields": {"player": 1, "team": 1, "time": "2016-09-20T02:39:10.373Z", "quiz": 1, "formation": 1, "play": null, "concept": null, "score": null}}, {"model": "dashboard.questionattempted", "pk": 20, "fields": {"player": 3, "team": 1, "time": "2016-09-20T02:41:47.329Z", "quiz": 1, "formation": null, "play": null, "concept": 9, "score": 0}}, {"model": "dashboard.questionattempted", "pk": 21, "fields": {"player": 3, "team": 1, "time": "2016-09-20T02:41:51.510Z", "quiz": 1, "formation": null, "play": 41, "concept": null, "score": 1}}, {"model": "dashboard.questionattempted", "pk": 22, "fields": {"player": 3, "team": 1, "time": "2016-09-20T02:41:54.993Z", "quiz": 1, "formation": null, "play": 40, "concept": null, "score": 1}}, {"model": "dashboard.questionattempted", "pk": 23, "fields": {"player": 3, "team": 1, "time": "2016-09-20T02:42:00.038Z", "quiz": 1, "formation": null, "play": 45, "concept": null, "score": 1}}, {"model": "dashboard.questionattempted", "pk": 24, "fields": {"player": 3, "team": 1, "time": "2016-09-20T02:42:04.813Z", "quiz": 1, "formation": 2, "play": null, "concept": null, "score": 1}}, {"model": "dashboard.questionattempted", "pk": 25, "fields": {"player": 3, "team": 1, "time": "2016-09-20T02:42:07.811Z", "quiz": 1, "formation": null, "play": 39, "concept": null, "score": 1}}, {"model": "dashboard.questionattempted", "pk": 26, "fields": {"player": 3, "team": 1, "time": "2016-09-20T02:42:11.599Z", "quiz": 1, "formation": null, "play": 38, "concept": null, "score": 1}}, {"model": "dashboard.questionattempted", "pk": 27, "fields": {"player": 3, "team": 1, "time": "2016-09-20T02:42:15.280Z", "quiz": 1, "formation": null, "play": 42, "concept": null, "score": 1}}, {"model": "dashboard.questionattempted", "pk": 28, "fields": {"player": 3, "team": 1, "time": "2016-09-20T02:42:18.745Z", "quiz": 1, "formation": 3, "play": null, "concept": null, "score": 1}}, {"model": "dashboard.questionattempted", "pk": 29, "fields": {"player": 3, "team": 1, "time": "2016-09-20T02:42:21.875Z", "quiz": 1, "formation": 5, "play": null, "concept": null, "score": 1}}, {"model": "dashboard.questionattempted", "pk": 30, "fields": {"player": 3, "team": 1, "time": "2016-09-20T02:42:27.197Z", "quiz": 1, "formation": 1, "play": null, "concept": null, "score": 1}}, {"model": "dashboard.questionattempted", "pk": 31, "fields": {"player": 3, "team": 1, "time": "2016-09-20T02:42:31.298Z", "quiz": 1, "formation": null, "play": 43, "concept": null, "score": 1}}, {"model": "dashboard.questionattempted", "pk": 32, "fields": {"player": 3, "team": 1, "time": "2016-09-20T02:42:35.312Z", "quiz": 1, "formation": null, "play": 44, "concept": null, "score": 1}}, {"model": "dashboard.questionattempted", "pk": 33, "fields": {"player": 1, "team": 1, "time": "2016-09-21T17:58:33.240Z", "quiz": 1, "formation": null, "play": 43, "concept": null, "score": null}}, {"model": "dashboard.questionattempted", "pk": 34, "fields": {"player": 1, "team": 1, "time": "2016-09-21T17:58:33.525Z", "quiz": 1, "formation": null, "play": 45, "concept": null, "score": null}}, {"model": "dashboard.questionattempted", "pk": 35, "fields": {"player": 1, "team": 1, "time": "2016-09-21T17:58:33.880Z", "quiz": 1, "formation": null, "play": 40, "concept": null, "score": null}}, {"model": "dashboard.questionattempted", "pk": 36, "fields": {"player": 1, "team": 1, "time": "2016-09-21T17:58:34.189Z", "quiz": 1, "formation": null, "play": 38, "concept": null, "score": null}}, {"model": "dashboard.questionattempted", "pk": 37, "fields": {"player": 1, "team": 1, "time": "2016-09-21T17:58:34.645Z", "quiz": 1, "formation": 1, "play": null, "concept": null, "score": null}}, {"model": "dashboard.questionattempted", "pk": 38, "fields": {"player": 1, "team": 1, "time": "2016-09-21T17:58:35.180Z", "quiz": 1, "formation": 5, "play": null, "concept": null, "score": null}}, {"model": "dashboard.questionattempted", "pk": 39, "fields": {"player": 1, "team": 1, "time": "2016-09-21T17:58:35.724Z", "quiz": 1, "formation": 2, "play": null, "concept": null, "score": null}}, {"model": "dashboard.questionattempted", "pk": 40, "fields": {"player": 1, "team": 1, "time": "2016-09-21T18:04:14.770Z", "quiz": 1, "formation": null, "play": 43, "concept": null, "score": null}}, {"model": "dashboard.questionattempted", "pk": 41, "fields": {"player": 1, "team": 1, "time": "2016-09-21T18:04:17.101Z", "quiz": 1, "formation": null, "play": 41, "concept": null, "score": null}}, {"model": "dashboard.questionattempted", "pk": 42, "fields": {"player": 1, "team": 1, "time": "2016-09-21T18:04:19.471Z", "quiz": 1, "formation": 5, "play": null, "concept": null, "score": null}}, {"model": "dashboard.questionattempted", "pk": 43, "fields": {"player": 1, "team": 1, "time": "2016-09-21T18:04:20.285Z", "quiz": 1, "formation": null, "play": 39, "concept": null, "score": null}}, {"model": "dashboard.questionattempted", "pk": 44, "fields": {"player": 1, "team": 1, "time": "2016-09-21T18:07:10.582Z", "quiz": 1, "formation": null, "play": 43, "concept": null, "score": null}}, {"model": "dashboard.questionattempted", "pk": 45, "fields": {"player": 1, "team": 1, "time": "2016-09-21T18:07:11.496Z", "quiz": 1, "formation": null, "play": 39, "concept": null, "score": null}}, {"model": "dashboard.questionattempted", "pk": 46, "fields": {"player": 1, "team": 1, "time": "2016-09-21T18:07:12.015Z", "quiz": 1, "formation": null, "play": 41, "concept": null, "score": null}}, {"model": "dashboard.questionattempted", "pk": 47, "fields": {"player": 1, "team": 1, "time": "2016-09-21T18:07:12.546Z", "quiz": 1, "formation": 1, "play": null, "concept": null, "score": null}}, {"model": "dashboard.questionattempted", "pk": 48, "fields": {"player": 1, "team": 1, "time": "2016-09-21T18:07:13.652Z", "quiz": 1, "formation": 2, "play": null, "concept": null, "score": null}}, {"model": "dashboard.questionattempted", "pk": 49, "fields": {"player": 1, "team": 1, "time": "2016-09-21T18:10:47.527Z", "quiz": 1, "formation": 2, "play": null, "concept": null, "score": null}}, {"model": "dashboard.questionattempted", "pk": 50, "fields": {"player": 1, "team": 1, "time": "2016-09-21T18:10:47.873Z", "quiz": 1, "formation": 5, "play": null, "concept": null, "score": null}}, {"model": "dashboard.questionattempted", "pk": 51, "fields": {"player": 1, "team": 1, "time": "2016-09-21T18:10:48.043Z", "quiz": 1, "formation": null, "play": null, "concept": 9, "score": null}}, {"model": "dashboard.questionattempted", "pk": 52, "fields": {"player": 1, "team": 1, "time": "2016-09-21T18:10:48.211Z", "quiz": 1, "formation": null, "play": 45, "concept": null, "score": null}}, {"model": "dashboard.questionattempted", "pk": 53, "fields": {"player": 1, "team": 1, "time": "2016-09-21T18:10:48.757Z", "quiz": 1, "formation": 1, "play": null, "concept": null, "score": null}}, {"model": "dashboard.questionattempted", "pk": 54, "fields": {"player": 1, "team": 1, "time": "2016-09-21T18:10:48.953Z", "quiz": 1, "formation": null, "play": 42, "concept": null, "score": null}}, {"model": "dashboard.questionattempted", "pk": 55, "fields": {"player": 1, "team": 1, "time": "2016-09-21T18:10:49.220Z", "quiz": 1, "formation": 3, "play": null, "concept": null, "score": null}}, {"model": "dashboard.questionattempted", "pk": 56, "fields": {"player": 1, "team": 1, "time": "2016-09-21T18:10:49.791Z", "quiz": 1, "formation": null, "play": 39, "concept": null, "score": null}}, {"model": "admin.logentry", "pk": 1, "fields": {"action_time": "2016-07-08T03:27:31.449Z", "user": 1, "content_type": 8, "object_id": "1", "object_repr": "Stanford University", "action_flag": 1, "change_message": "Added."}}, {"model": "admin.logentry", "pk": 2, "fields": {"action_time": "2016-07-08T03:27:57.337Z", "user": 1, "content_type": 8, "object_id": "2", "object_repr": "University of Oregon", "action_flag": 1, "change_message": "Added."}}, {"model": "admin.logentry", "pk": 3, "fields": {"action_time": "2016-07-08T03:28:13.928Z", "user": 1, "content_type": 8, "object_id": "3", "object_repr": "University of Southern California", "action_flag": 1, "change_message": "Added."}}, {"model": "admin.logentry", "pk": 4, "fields": {"action_time": "2016-07-08T03:45:10.028Z", "user": 1, "content_type": 4, "object_id": "1", "object_repr": "dylan", "action_flag": 2, "change_message": "Changed first_name and last_name."}}, {"model": "admin.logentry", "pk": 5, "fields": {"action_time": "2016-07-08T03:46:33.585Z", "user": 1, "content_type": 4, "object_id": "2", "object_repr": "MikeBloomgren", "action_flag": 2, "change_message": "No fields changed."}}, {"model": "admin.logentry", "pk": 6, "fields": {"action_time": "2016-07-09T06:10:16.064Z", "user": 1, "content_type": 4, "object_id": "3", "object_repr": "RyanBurns", "action_flag": 2, "change_message": "Changed number, image_url and starter for player \"Ryan Burns\"."}}, {"model": "admin.logentry", "pk": 7, "fields": {"action_time": "2016-07-09T06:11:38.476Z", "user": 1, "content_type": 4, "object_id": "3", "object_repr": "RyanBurns", "action_flag": 2, "change_message": "Changed is_being_tested for player \"Ryan Burns\"."}}, {"model": "admin.logentry", "pk": 8, "fields": {"action_time": "2016-07-09T06:11:48.565Z", "user": 1, "content_type": 4, "object_id": "2", "object_repr": "MikeBloomgren", "action_flag": 2, "change_message": "Added player \"Mike Bloomgren\"."}}, {"model": "admin.logentry", "pk": 9, "fields": {"action_time": "2016-07-09T06:13:47.559Z", "user": 1, "content_type": 3, "object_id": "1", "object_repr": "Quarterbacks", "action_flag": 1, "change_message": "Added."}}, {"model": "admin.logentry", "pk": 10, "fields": {"action_time": "2016-07-09T06:13:53.389Z", "user": 1, "content_type": 3, "object_id": "1", "object_repr": "Quarterbacks", "action_flag": 2, "change_message": "No fields changed."}}, {"model": "admin.logentry", "pk": 11, "fields": {"action_time": "2016-07-09T06:14:01.253Z", "user": 1, "content_type": 3, "object_id": "2", "object_repr": "All", "action_flag": 1, "change_message": "Added."}}, {"model": "admin.logentry", "pk": 12, "fields": {"action_time": "2016-07-09T06:14:17.803Z", "user": 1, "content_type": 4, "object_id": "3", "object_repr": "RyanBurns", "action_flag": 2, "change_message": "Changed groups."}}, {"model": "admin.logentry", "pk": 13, "fields": {"action_time": "2016-07-09T06:15:14.356Z", "user": 1, "content_type": 4, "object_id": "2", "object_repr": "MikeBloomgren", "action_flag": 2, "change_message": "Changed groups."}}, {"model": "admin.logentry", "pk": 14, "fields": {"action_time": "2016-07-09T06:15:21.851Z", "user": 1, "content_type": 4, "object_id": "3", "object_repr": "RyanBurns", "action_flag": 2, "change_message": "No fields changed."}}, {"model": "admin.logentry", "pk": 15, "fields": {"action_time": "2016-07-09T06:16:09.917Z", "user": 1, "content_type": 4, "object_id": "2", "object_repr": "MikeBloomgren", "action_flag": 2, "change_message": "Changed user_permissions."}}, {"model": "admin.logentry", "pk": 16, "fields": {"action_time": "2016-07-09T06:27:41.172Z", "user": 1, "content_type": 14, "object_id": "1", "object_repr": "", "action_flag": 3, "change_message": ""}}, {"model": "admin.logentry", "pk": 17, "fields": {"action_time": "2016-07-10T06:57:52.283Z", "user": 1, "content_type": 4, "object_id": "5", "object_repr": "KJCostello", "action_flag": 2, "change_message": "Changed number, is_being_tested and image_url for player \"KJ Costello\"."}}, {"model": "admin.logentry", "pk": 18, "fields": {"action_time": "2016-07-10T06:58:10.642Z", "user": 1, "content_type": 4, "object_id": "4", "object_repr": "KellerChryst", "action_flag": 2, "change_message": "Changed number, is_being_tested and image_url for player \"Keller Chryst\"."}}, {"model": "admin.logentry", "pk": 19, "fields": {"action_time": "2016-07-10T19:11:33.786Z", "user": 1, "content_type": 4, "object_id": "5", "object_repr": "KJCostello", "action_flag": 2, "change_message": "Changed groups."}}, {"model": "admin.logentry", "pk": 20, "fields": {"action_time": "2016-07-10T19:11:43.628Z", "user": 1, "content_type": 4, "object_id": "4", "object_repr": "KellerChryst", "action_flag": 2, "change_message": "Changed groups."}}, {"model": "admin.logentry", "pk": 21, "fields": {"action_time": "2016-07-10T19:11:59.103Z", "user": 1, "content_type": 4, "object_id": "3", "object_repr": "RyanBurns", "action_flag": 2, "change_message": "No fields changed."}}, {"model": "admin.logentry", "pk": 22, "fields": {"action_time": "2016-07-10T22:10:02.675Z", "user": 1, "content_type": 3, "object_id": "3", "object_repr": "Wide Receivers", "action_flag": 1, "change_message": "Added."}}, {"model": "admin.logentry", "pk": 23, "fields": {"action_time": "2016-07-10T22:10:10.644Z", "user": 1, "content_type": 3, "object_id": "4", "object_repr": "Offensive Lineman", "action_flag": 1, "change_message": "Added."}}, {"model": "admin.logentry", "pk": 24, "fields": {"action_time": "2016-07-10T22:10:25.558Z", "user": 1, "content_type": 3, "object_id": "5", "object_repr": "Tight Ends", "action_flag": 1, "change_message": "Added."}}, {"model": "admin.logentry", "pk": 25, "fields": {"action_time": "2016-07-11T15:41:31.764Z", "user": 1, "content_type": 19, "object_id": "3", "object_repr": "hi", "action_flag": 3, "change_message": ""}}, {"model": "admin.logentry", "pk": 26, "fields": {"action_time": "2016-07-11T15:41:55.101Z", "user": 1, "content_type": 19, "object_id": "1", "object_repr": "Quarterbacks", "action_flag": 2, "change_message": "Changed players."}}, {"model": "admin.logentry", "pk": 27, "fields": {"action_time": "2016-07-11T15:50:23.476Z", "user": 1, "content_type": 4, "object_id": "2", "object_repr": "MikeBloomgren", "action_flag": 2, "change_message": "Changed groups."}}, {"model": "admin.logentry", "pk": 28, "fields": {"action_time": "2016-07-11T15:50:31.085Z", "user": 1, "content_type": 4, "object_id": "5", "object_repr": "KJCostello", "action_flag": 2, "change_message": "Changed groups."}}, {"model": "admin.logentry", "pk": 29, "fields": {"action_time": "2016-07-11T15:50:37.071Z", "user": 1, "content_type": 4, "object_id": "4", "object_repr": "KellerChryst", "action_flag": 2, "change_message": "Changed groups."}}, {"model": "admin.logentry", "pk": 30, "fields": {"action_time": "2016-07-11T15:50:43.105Z", "user": 1, "content_type": 4, "object_id": "3", "object_repr": "RyanBurns", "action_flag": 2, "change_message": "Changed groups."}}, {"model": "admin.logentry", "pk": 31, "fields": {"action_time": "2016-07-11T15:50:56.130Z", "user": 1, "content_type": 4, "object_id": "1", "object_repr": "dylan", "action_flag": 2, "change_message": "No fields changed."}}, {"model": "admin.logentry", "pk": 32, "fields": {"action_time": "2016-07-11T16:19:03.165Z", "user": 1, "content_type": 19, "object_id": "2", "object_repr": "All", "action_flag": 3, "change_message": ""}}, {"model": "admin.logentry", "pk": 33, "fields": {"action_time": "2016-07-11T16:19:03.168Z", "user": 1, "content_type": 19, "object_id": "1", "object_repr": "Quarterbacks", "action_flag": 3, "change_message": ""}}, {"model": "admin.logentry", "pk": 34, "fields": {"action_time": "2016-07-12T01:55:36.525Z", "user": 1, "content_type": 9, "object_id": "4", "object_repr": "KJ Costello", "action_flag": 2, "change_message": "Changed year."}}, {"model": "admin.logentry", "pk": 35, "fields": {"action_time": "2016-07-12T01:55:47.264Z", "user": 1, "content_type": 9, "object_id": "3", "object_repr": "Keller Chryst", "action_flag": 2, "change_message": "Changed year."}}, {"model": "admin.logentry", "pk": 36, "fields": {"action_time": "2016-07-12T01:55:54.993Z", "user": 1, "content_type": 9, "object_id": "1", "object_repr": "Ryan Burns", "action_flag": 2, "change_message": "Changed year."}}, {"model": "admin.logentry", "pk": 37, "fields": {"action_time": "2016-07-12T18:08:40.461Z", "user": 1, "content_type": 9, "object_id": "15", "object_repr": "Treyvion Foster", "action_flag": 2, "change_message": "Changed year, number and image_url."}}, {"model": "admin.logentry", "pk": 38, "fields": {"action_time": "2016-07-12T18:09:03.926Z", "user": 1, "content_type": 9, "object_id": "14", "object_repr": "Sidhart Krishnamurthi", "action_flag": 2, "change_message": "Changed year, number, is_being_tested and image_url."}}, {"model": "admin.logentry", "pk": 39, "fields": {"action_time": "2016-07-12T18:09:09.563Z", "user": 1, "content_type": 9, "object_id": "15", "object_repr": "Treyvion Foster", "action_flag": 2, "change_message": "Changed is_being_tested."}}, {"model": "admin.logentry", "pk": 40, "fields": {"action_time": "2016-07-12T18:09:18.137Z", "user": 1, "content_type": 9, "object_id": "1", "object_repr": "Ryan Burns", "action_flag": 2, "change_message": "Changed starter."}}, {"model": "admin.logentry", "pk": 41, "fields": {"action_time": "2016-07-12T18:09:33.604Z", "user": 1, "content_type": 9, "object_id": "13", "object_repr": "Isaiah Brandt-Sims", "action_flag": 2, "change_message": "Changed year, number, is_being_tested and image_url."}}, {"model": "admin.logentry", "pk": 42, "fields": {"action_time": "2016-07-12T18:09:54.127Z", "user": 1, "content_type": 9, "object_id": "12", "object_repr": "JJ Arcega-Whiteside", "action_flag": 2, "change_message": "Changed year, number, is_being_tested and image_url."}}, {"model": "admin.logentry", "pk": 43, "fields": {"action_time": "2016-07-12T18:10:44.157Z", "user": 1, "content_type": 9, "object_id": "11", "object_repr": "Paxton Segina", "action_flag": 2, "change_message": "Changed year, number, is_being_tested and image_url."}}, {"model": "admin.logentry", "pk": 44, "fields": {"action_time": "2016-07-12T18:11:08.645Z", "user": 1, "content_type": 9, "object_id": "10", "object_repr": "Taijuan Thomas", "action_flag": 2, "change_message": "Changed year, number, is_being_tested and image_url."}}, {"model": "admin.logentry", "pk": 45, "fields": {"action_time": "2016-07-12T18:11:25.647Z", "user": 1, "content_type": 9, "object_id": "9", "object_repr": "Donald Stewart", "action_flag": 2, "change_message": "Changed year, number, is_being_tested and image_url."}}, {"model": "admin.logentry", "pk": 46, "fields": {"action_time": "2016-07-12T18:11:50.060Z", "user": 1, "content_type": 9, "object_id": "8", "object_repr": "Francis Owusu", "action_flag": 2, "change_message": "Changed year, number, is_being_tested and image_url."}}, {"model": "admin.logentry", "pk": 47, "fields": {"action_time": "2016-07-12T18:12:13.729Z", "user": 1, "content_type": 9, "object_id": "7", "object_repr": "Jay Tyler", "action_flag": 2, "change_message": "Changed year, number, is_being_tested and image_url."}}, {"model": "admin.logentry", "pk": 48, "fields": {"action_time": "2016-07-12T18:12:46.156Z", "user": 1, "content_type": 9, "object_id": "6", "object_repr": "Michael Rector", "action_flag": 2, "change_message": "Changed year, number, is_being_tested and image_url."}}, {"model": "admin.logentry", "pk": 49, "fields": {"action_time": "2016-07-12T18:13:11.589Z", "user": 1, "content_type": 9, "object_id": "5", "object_repr": "Trenton Irwin", "action_flag": 2, "change_message": "Changed year, is_being_tested and image_url."}}, {"model": "admin.logentry", "pk": 50, "fields": {"action_time": "2016-07-12T18:19:09.004Z", "user": 1, "content_type": 19, "object_id": "4", "object_repr": "Freshmen", "action_flag": 2, "change_message": "Changed name."}}, {"model": "admin.logentry", "pk": 51, "fields": {"action_time": "2016-08-25T01:49:23.188Z", "user": 1, "content_type": 20, "object_id": "10", "object_repr": "Toe", "action_flag": 3, "change_message": ""}}, {"model": "admin.logentry", "pk": 52, "fields": {"action_time": "2016-08-25T19:49:34.625Z", "user": 1, "content_type": 20, "object_id": "11", "object_repr": "Tac", "action_flag": 3, "change_message": ""}}, {"model": "admin.logentry", "pk": 53, "fields": {"action_time": "2016-08-25T19:49:34.628Z", "user": 1, "content_type": 20, "object_id": "10", "object_repr": "Toe", "action_flag": 3, "change_message": ""}}, {"model": "admin.logentry", "pk": 54, "fields": {"action_time": "2016-08-28T22:43:11.429Z", "user": 1, "content_type": 20, "object_id": "18", "object_repr": "Club", "action_flag": 2, "change_message": "No fields changed."}}, {"model": "admin.logentry", "pk": 55, "fields": {"action_time": "2016-08-29T02:40:03.861Z", "user": 1, "content_type": 20, "object_id": "6", "object_repr": "Wedge", "action_flag": 2, "change_message": "No fields changed."}}, {"model": "admin.logentry", "pk": 56, "fields": {"action_time": "2016-08-29T20:31:17.231Z", "user": 1, "content_type": 11, "object_id": "3", "object_repr": "Shotgun Left", "action_flag": 3, "change_message": ""}}, {"model": "admin.logentry", "pk": 57, "fields": {"action_time": "2016-08-29T20:31:17.233Z", "user": 1, "content_type": 11, "object_id": "2", "object_repr": "Base", "action_flag": 3, "change_message": ""}}, {"model": "admin.logentry", "pk": 58, "fields": {"action_time": "2016-08-29T20:31:17.235Z", "user": 1, "content_type": 11, "object_id": "1", "object_repr": "Power Left", "action_flag": 3, "change_message": ""}}, {"model": "admin.logentry", "pk": 59, "fields": {"action_time": "2016-09-01T17:42:44.301Z", "user": 1, "content_type": 11, "object_id": "6", "object_repr": "4 3", "action_flag": 2, "change_message": "No fields changed."}}, {"model": "admin.logentry", "pk": 60, "fields": {"action_time": "2016-09-01T17:42:48.967Z", "user": 1, "content_type": 11, "object_id": "7", "object_repr": "4-3", "action_flag": 2, "change_message": "No fields changed."}}, {"model": "admin.logentry", "pk": 61, "fields": {"action_time": "2016-09-01T17:42:52.008Z", "user": 1, "content_type": 11, "object_id": "8", "object_repr": "3-4", "action_flag": 2, "change_message": "No fields changed."}}, {"model": "admin.logentry", "pk": 62, "fields": {"action_time": "2016-09-01T17:42:54.837Z", "user": 1, "content_type": 11, "object_id": "8", "object_repr": "3-4", "action_flag": 2, "change_message": "No fields changed."}}, {"model": "admin.logentry", "pk": 63, "fields": {"action_time": "2016-09-01T17:44:07.247Z", "user": 1, "content_type": 11, "object_id": "10", "object_repr": "Dime", "action_flag": 2, "change_message": "No fields changed."}}, {"model": "admin.logentry", "pk": 64, "fields": {"action_time": "2016-09-01T17:44:10.663Z", "user": 1, "content_type": 11, "object_id": "1", "object_repr": "Green RT West", "action_flag": 2, "change_message": "No fields changed."}}, {"model": "admin.logentry", "pk": 65, "fields": {"action_time": "2016-09-08T20:41:59.489Z", "user": 1, "content_type": 14, "object_id": "18", "object_repr": "Fullback Flats from Green RT West vs 3-4", "action_flag": 2, "change_message": "No fields changed."}}, {"model": "admin.logentry", "pk": 66, "fields": {"action_time": "2016-09-09T03:07:53.004Z", "user": 1, "content_type": 20, "object_id": "6", "object_repr": "Wedge", "action_flag": 3, "change_message": ""}}, {"model": "admin.logentry", "pk": 67, "fields": {"action_time": "2016-09-09T03:07:53.007Z", "user": 1, "content_type": 20, "object_id": "5", "object_repr": "Shovel", "action_flag": 3, "change_message": ""}}, {"model": "admin.logentry", "pk": 68, "fields": {"action_time": "2016-09-09T03:07:53.008Z", "user": 1, "content_type": 20, "object_id": "4", "object_repr": "Tac", "action_flag": 3, "change_message": ""}}, {"model": "admin.logentry", "pk": 69, "fields": {"action_time": "2016-09-09T03:07:53.009Z", "user": 1, "content_type": 20, "object_id": "3", "object_repr": "Toe", "action_flag": 3, "change_message": ""}}, {"model": "admin.logentry", "pk": 70, "fields": {"action_time": "2016-09-09T03:07:53.011Z", "user": 1, "content_type": 20, "object_id": "2", "object_repr": "Combo", "action_flag": 3, "change_message": ""}}, {"model": "admin.logentry", "pk": 71, "fields": {"action_time": "2016-09-09T03:07:53.012Z", "user": 1, "content_type": 20, "object_id": "1", "object_repr": "Swoop", "action_flag": 3, "change_message": ""}}, {"model": "admin.logentry", "pk": 72, "fields": {"action_time": "2016-09-09T03:08:20.444Z", "user": 1, "content_type": 14, "object_id": "30", "object_repr": "Slants", "action_flag": 3, "change_message": ""}}, {"model": "admin.logentry", "pk": 73, "fields": {"action_time": "2016-09-09T03:08:20.447Z", "user": 1, "content_type": 14, "object_id": "29", "object_repr": "Slants", "action_flag": 3, "change_message": ""}}, {"model": "admin.logentry", "pk": 74, "fields": {"action_time": "2016-09-09T03:08:20.449Z", "user": 1, "content_type": 14, "object_id": "28", "object_repr": "Slants", "action_flag": 3, "change_message": ""}}, {"model": "admin.logentry", "pk": 75, "fields": {"action_time": "2016-09-09T03:08:20.450Z", "user": 1, "content_type": 14, "object_id": "26", "object_repr": "Slants", "action_flag": 3, "change_message": ""}}, {"model": "admin.logentry", "pk": 76, "fields": {"action_time": "2016-09-09T03:08:20.452Z", "user": 1, "content_type": 14, "object_id": "25", "object_repr": "Y Z Cross", "action_flag": 3, "change_message": ""}}, {"model": "admin.logentry", "pk": 77, "fields": {"action_time": "2016-09-09T03:08:20.453Z", "user": 1, "content_type": 14, "object_id": "24", "object_repr": "Fullback Screen", "action_flag": 3, "change_message": ""}}, {"model": "admin.logentry", "pk": 78, "fields": {"action_time": "2016-09-09T03:08:20.454Z", "user": 1, "content_type": 14, "object_id": "23", "object_repr": "Y Z Cross", "action_flag": 3, "change_message": ""}}, {"model": "admin.logentry", "pk": 79, "fields": {"action_time": "2016-09-09T03:08:20.455Z", "user": 1, "content_type": 14, "object_id": "16", "object_repr": "Y Flats", "action_flag": 3, "change_message": ""}}, {"model": "admin.logentry", "pk": 80, "fields": {"action_time": "2016-09-09T03:08:20.457Z", "user": 1, "content_type": 14, "object_id": "15", "object_repr": "Flood", "action_flag": 3, "change_message": ""}}, {"model": "admin.logentry", "pk": 81, "fields": {"action_time": "2016-09-09T03:08:20.458Z", "user": 1, "content_type": 14, "object_id": "14", "object_repr": "Y Z Cross", "action_flag": 3, "change_message": ""}}, {"model": "admin.logentry", "pk": 82, "fields": {"action_time": "2016-09-09T03:08:20.459Z", "user": 1, "content_type": 14, "object_id": "13", "object_repr": " 3 Verticals", "action_flag": 3, "change_message": ""}}, {"model": "admin.logentry", "pk": 83, "fields": {"action_time": "2016-09-09T03:08:20.460Z", "user": 1, "content_type": 14, "object_id": "12", "object_repr": "Slants", "action_flag": 3, "change_message": ""}}, {"model": "admin.logentry", "pk": 84, "fields": {"action_time": "2016-09-09T03:08:20.461Z", "user": 1, "content_type": 14, "object_id": "11", "object_repr": "Y Z Cross", "action_flag": 3, "change_message": ""}}, {"model": "admin.logentry", "pk": 85, "fields": {"action_time": "2016-09-09T03:08:20.462Z", "user": 1, "content_type": 14, "object_id": "10", "object_repr": "Halfback Screen", "action_flag": 3, "change_message": ""}}, {"model": "admin.logentry", "pk": 86, "fields": {"action_time": "2016-09-09T03:08:20.463Z", "user": 1, "content_type": 14, "object_id": "9", "object_repr": "Fullback Screen", "action_flag": 3, "change_message": ""}}, {"model": "admin.logentry", "pk": 87, "fields": {"action_time": "2016-09-09T03:08:20.464Z", "user": 1, "content_type": 14, "object_id": "8", "object_repr": "Fullback Flats", "action_flag": 3, "change_message": ""}}, {"model": "admin.logentry", "pk": 88, "fields": {"action_time": "2016-09-10T02:29:56.187Z", "user": 1, "content_type": 8, "object_id": "3", "object_repr": "University of Southern California", "action_flag": 3, "change_message": ""}}, {"model": "admin.logentry", "pk": 89, "fields": {"action_time": "2016-09-10T02:29:56.190Z", "user": 1, "content_type": 8, "object_id": "2", "object_repr": "University of Oregon", "action_flag": 3, "change_message": ""}}, {"model": "admin.logentry", "pk": 90, "fields": {"action_time": "2016-09-13T03:12:12.011Z", "user": 1, "content_type": 21, "object_id": "3", "object_repr": "Week 1", "action_flag": 2, "change_message": "Changed formations, plays and concepts."}}]