[{"model": "auth.group", "pk": 1, "fields": {"name": "Quarterbacks", "permissions": []}}, {"model": "auth.group", "pk": 2, "fields": {"name": "All", "permissions": []}}, {"model": "auth.group", "pk": 3, "fields": {"name": "Wide Receivers", "permissions": []}}, {"model": "auth.group", "pk": 4, "fields": {"name": "Offensive Lineman", "permissions": []}}, {"model": "auth.group", "pk": 5, "fields": {"name": "Tight Ends", "permissions": []}}, {"model": "auth.user", "pk": 1, "fields": {"password": "pbkdf2_sha256$24000$X6ntJsETycRf$oT0Gfj7T16AyTlVFQioRFRwN1/Q5gnO3bhmudfEbczM=", "last_login": "2016-08-25T01:49:03.901Z", "is_superuser": true, "username": "dylan", "first_name": "Dylan", "last_name": "Westerhold", "email": "dylan@rightcallconsulting.com", "is_staff": true, "is_active": true, "date_joined": "2016-07-08T03:26:02Z", "groups": [], "user_permissions": []}}, {"model": "auth.user", "pk": 2, "fields": {"password": "pbkdf2_sha256$24000$Z2PtV6Ujbd15$k07NqbU1FNcjc6HNm4d/5tvR12BZnnHrVLa2IpPySt8=", "last_login": "2016-08-25T17:41:55.473Z", "is_superuser": false, "username": "MikeBloomgren", "first_name": "Mike", "last_name": "Bloomgren", "email": "mike.bloomgren@rightcallconsulting.com", "is_staff": false, "is_active": true, "date_joined": "2016-07-08T03:43:09Z", "groups": [1, 2], "user_permissions": [1, 2, 3, 7, 8, 9, 4, 5, 6, 10, 58, 11, 59, 12, 60, 13, 14, 15, 49, 50, 51, 61, 62, 63, 52, 53, 54, 55, 56, 57, 19, 20, 21, 31, 32, 33, 28, 29, 30, 40, 41, 42, 25, 26, 27, 34, 35, 36, 22, 23, 24, 37, 38, 39, 43, 44, 45, 46, 47, 48, 16, 17, 18]}}, {"model": "auth.user", "pk": 3, "fields": {"password": "pbkdf2_sha256$24000$fSMGB413KEu1$IT7y+wcO3hzqTMCDtDq/MPOLwQdiI1tpRhAK4PtzLjM=", "last_login": "2016-07-10T06:50:29Z", "is_superuser": false, "username": "RyanBurns", "first_name": "Ryan", "last_name": "Burns", "email": "ryan.burns@rightcallconsulting.com", "is_staff": false, "is_active": true, "date_joined": "2016-07-09T05:50:41Z", "groups": [1, 2], "user_permissions": []}}, {"model": "auth.user", "pk": 4, "fields": {"password": "pbkdf2_sha256$24000$U04VseyaKOOR$jUf5EYAbxP0zSTTVmqoKbLhFD6NMNEWVO5FOsdS5G5Y=", "last_login": "2016-07-10T06:53:40Z", "is_superuser": false, "username": "KellerChryst", "first_name": "Keller", "last_name": "Chryst", "email": "keller.chryst@rightcallconsulting.com", "is_staff": false, "is_active": true, "date_joined": "2016-07-10T06:53:40Z", "groups": [1, 2], "user_permissions": []}}, {"model": "auth.user", "pk": 5, "fields": {"password": "pbkdf2_sha256$24000$eSWgAC2P3mZH$3R5+eZyPXDbr9aRdQY0PFwGjv141OgfRT0XC5VBejko=", "last_login": "2016-07-10T06:59:32Z", "is_superuser": false, "username": "KJCostello", "first_name": "KJ", "last_name": "Costello", "email": "kj.costello@rightcallconsulting.com", "is_staff": false, "is_active": true, "date_joined": "2016-07-10T06:55:15Z", "groups": [1, 2], "user_permissions": []}}, {"model": "auth.user", "pk": 6, "fields": {"password": "pbkdf2_sha256$24000$iKc7bBkAv2eK$v2GEgKflzhsuoT4UkCRpNrScupQ9Oco1g8aV8D/tqUs=", "last_login": "2016-07-12T17:52:37.470Z", "is_superuser": false, "username": "TrentonIrwin", "first_name": "Trenton", "last_name": "Irwin", "email": "trenton.irwin@rightcallconsulting.com", "is_staff": false, "is_active": true, "date_joined": "2016-07-12T17:52:37.402Z", "groups": [], "user_permissions": []}}, {"model": "auth.user", "pk": 7, "fields": {"password": "pbkdf2_sha256$24000$aq6PD6jSBo4Q$iv2dvAHbo9Khao39rM3r1g5in8B0yXmg3aCTEYSASJo=", "last_login": "2016-07-12T17:53:55.918Z", "is_superuser": false, "username": "MichaelRector", "first_name": "Michael", "last_name": "Rector", "email": "michael.rector@rightcallconsulting.com", "is_staff": false, "is_active": true, "date_joined": "2016-07-12T17:53:55.854Z", "groups": [], "user_permissions": []}}, {"model": "auth.user", "pk": 8, "fields": {"password": "pbkdf2_sha256$24000$KpZ3rQvhjkgg$9Oy5dV2G2n69NoxJVVEhxwEAZcpqJTQnEXM0mSwxwzI=", "last_login": "2016-07-12T17:54:53.449Z", "is_superuser": false, "username": "JayTyler", "first_name": "Jay", "last_name": "Tyler", "email": "jay.tyler@rightcallconsulting.com", "is_staff": false, "is_active": true, "date_joined": "2016-07-12T17:54:53.383Z", "groups": [], "user_permissions": []}}, {"model": "auth.user", "pk": 9, "fields": {"password": "pbkdf2_sha256$24000$6YAaWq9e3uLY$CxXeOV+B6RJbdWWvHaEsq0tRzT2yrbU/ruDUw+vyumk=", "last_login": "2016-07-12T17:55:54.240Z", "is_superuser": false, "username": "FrancisOwusu", "first_name": "Francis", "last_name": "Owusu", "email": "francis.owusu@rightcallconsulting.com", "is_staff": false, "is_active": true, "date_joined": "2016-07-12T17:55:54.172Z", "groups": [], "user_permissions": []}}, {"model": "auth.user", "pk": 10, "fields": {"password": "pbkdf2_sha256$24000$BmmpfhEJDBHJ$a/nFO1RdIjj37v8rZ1ysJwHR9fRBXrKZK5dBYqeKoR0=", "last_login": "2016-07-12T17:57:00.931Z", "is_superuser": false, "username": "DonaldStewart", "first_name": "Donald", "last_name": "Stewart", "email": "donald.stewart@rightcallconsulting.com", "is_staff": false, "is_active": true, "date_joined": "2016-07-12T17:57:00.862Z", "groups": [], "user_permissions": []}}, {"model": "auth.user", "pk": 11, "fields": {"password": "pbkdf2_sha256$24000$msv9pKJ1wcWp$7N6ZyUbm4l8YCE6YfeSkWxhhpXTlWM+atBlHriUZr9I=", "last_login": "2016-07-12T18:00:54.951Z", "is_superuser": false, "username": "TaijuanThomas", "first_name": "Taijuan", "last_name": "Thomas", "email": "taijuan.thomas@rightcallconsulting.com", "is_staff": false, "is_active": true, "date_joined": "2016-07-12T18:00:54.883Z", "groups": [], "user_permissions": []}}, {"model": "auth.user", "pk": 12, "fields": {"password": "pbkdf2_sha256$24000$IGZa0D1HjyLl$e80QqR5pkm1the72eo8qrYtFfB3K+rBT/ZHxNX3YpcA=", "last_login": "2016-07-12T18:01:42.892Z", "is_superuser": false, "username": "PaxtonSegina", "first_name": "Paxton", "last_name": "Segina", "email": "paxton.segina@rightcallconsulting.com", "is_staff": false, "is_active": true, "date_joined": "2016-07-12T18:01:42.825Z", "groups": [], "user_permissions": []}}, {"model": "auth.user", "pk": 13, "fields": {"password": "pbkdf2_sha256$24000$2MeZreBXTxet$pXHFTIiokNmYyAKSwERtY74nSqKBrFf3Axfam0p9XCk=", "last_login": "2016-07-12T18:03:11.970Z", "is_superuser": false, "username": "JJArcegaWhiteside", "first_name": "JJ", "last_name": "Arcega-Whiteside", "email": "jj.arcega.whiteside@rightcallconsulting.com", "is_staff": false, "is_active": true, "date_joined": "2016-07-12T18:03:11.907Z", "groups": [], "user_permissions": []}}, {"model": "auth.user", "pk": 14, "fields": {"password": "pbkdf2_sha256$24000$98bA8mcDygni$ELy6J8l48ZREBcuagrZrKti4AQmmUDfP6Dl8K+aKizk=", "last_login": "2016-07-12T18:04:39.126Z", "is_superuser": false, "username": "IsaiahBrandtSims", "first_name": "Isaiah", "last_name": "Brandt-Sims", "email": "isaiah.brandt.sims@rightcallconsulting.com", "is_staff": false, "is_active": true, "date_joined": "2016-07-12T18:04:39.060Z", "groups": [], "user_permissions": []}}, {"model": "auth.user", "pk": 15, "fields": {"password": "pbkdf2_sha256$24000$St1EmCkOpdHz$/PQ+5yRVTuPP86RM08pIKAxSYlgzjPbmmimCIx3pl24=", "last_login": "2016-07-12T18:06:35.093Z", "is_superuser": false, "username": "SidhartKrishnamurthi", "first_name": "Sidhart", "last_name": "Krishnamurthi", "email": "sidhart.krishnamurthi@rightcallconsulting.com", "is_staff": false, "is_active": true, "date_joined": "2016-07-12T18:06:35.027Z", "groups": [], "user_permissions": []}}, {"model": "auth.user", "pk": 16, "fields": {"password": "pbkdf2_sha256$24000$h0mtbxGjFO8f$ZsIhaZjMFx3HUI0Mahu2GnLupaevwQGhZXu6wzd6Hrs=", "last_login": "2016-07-12T18:07:57.816Z", "is_superuser": false, "username": "TreyvionFoster", "first_name": "Treyvion", "last_name": "Foster", "email": "treyvion.foster@rightcallconsulting.com", "is_staff": false, "is_active": true, "date_joined": "2016-07-12T18:07:57.747Z", "groups": [], "user_permissions": []}}, {"model": "sessions.session", "pk": "0wlwkgiz9kttlpxfxdaaaqwbh6lil9c2", "fields": {"session_data": "ZDc1NTJiNzAyODY1NjAwOWY5NzZhMTgxOWU5NjlmNWNkNDM2NjU1Yjp7Il9hdXRoX3VzZXJfaGFzaCI6IjZkM2E2MzkyYzI2NWJiNDY5ZTVjMmIxMThmN2Q1MWRiM2M3Njg0YjUiLCJfYXV0aF91c2VyX2JhY2tlbmQiOiJkamFuZ28uY29udHJpYi5hdXRoLmJhY2tlbmRzLk1vZGVsQmFja2VuZCIsIl9hdXRoX3VzZXJfaWQiOiIyIn0=", "expire_date": "2016-09-07T06:00:37.560Z"}}, {"model": "sessions.session", "pk": "4ygtvkcz160ib1btlz4zz89dsfmazj4u", "fields": {"session_data": "NTQzYTA5MWU2MDA3MmViYjA5ZmRmZjhhNDM4OGQ1NjI5YTY5MzdmMDp7Il9hdXRoX3VzZXJfaGFzaCI6IjJjOWM4MzBjYzI0YmYxNWFmYzk1N2YzMTg1ODljMDI0OTY5ZTUyZTQiLCJfYXV0aF91c2VyX2JhY2tlbmQiOiJkamFuZ28uY29udHJpYi5hdXRoLmJhY2tlbmRzLk1vZGVsQmFja2VuZCIsIl9hdXRoX3VzZXJfaWQiOiIxIn0=", "expire_date": "2016-07-25T16:18:49.465Z"}}, {"model": "sessions.session", "pk": "7tfo4wkhfephm8uq7vka8s98i3stpnfh", "fields": {"session_data": "ZDc1NTJiNzAyODY1NjAwOWY5NzZhMTgxOWU5NjlmNWNkNDM2NjU1Yjp7Il9hdXRoX3VzZXJfaGFzaCI6IjZkM2E2MzkyYzI2NWJiNDY5ZTVjMmIxMThmN2Q1MWRiM2M3Njg0YjUiLCJfYXV0aF91c2VyX2JhY2tlbmQiOiJkamFuZ28uY29udHJpYi5hdXRoLmJhY2tlbmRzLk1vZGVsQmFja2VuZCIsIl9hdXRoX3VzZXJfaWQiOiIyIn0=", "expire_date": "2016-08-10T12:37:24.713Z"}}, {"model": "sessions.session", "pk": "ewlst896hr7apoq35v88zo89ru9tm89u", "fields": {"session_data": "ZDc1NTJiNzAyODY1NjAwOWY5NzZhMTgxOWU5NjlmNWNkNDM2NjU1Yjp7Il9hdXRoX3VzZXJfaGFzaCI6IjZkM2E2MzkyYzI2NWJiNDY5ZTVjMmIxMThmN2Q1MWRiM2M3Njg0YjUiLCJfYXV0aF91c2VyX2JhY2tlbmQiOiJkamFuZ28uY29udHJpYi5hdXRoLmJhY2tlbmRzLk1vZGVsQmFja2VuZCIsIl9hdXRoX3VzZXJfaWQiOiIyIn0=", "expire_date": "2016-09-07T20:36:35.347Z"}}, {"model": "sessions.session", "pk": "ha1s63krc3i4xeerdsn0b8g057mk3ucs", "fields": {"session_data": "ZDc1NTJiNzAyODY1NjAwOWY5NzZhMTgxOWU5NjlmNWNkNDM2NjU1Yjp7Il9hdXRoX3VzZXJfaGFzaCI6IjZkM2E2MzkyYzI2NWJiNDY5ZTVjMmIxMThmN2Q1MWRiM2M3Njg0YjUiLCJfYXV0aF91c2VyX2JhY2tlbmQiOiJkamFuZ28uY29udHJpYi5hdXRoLmJhY2tlbmRzLk1vZGVsQmFja2VuZCIsIl9hdXRoX3VzZXJfaWQiOiIyIn0=", "expire_date": "2016-09-08T17:41:55.475Z"}}, {"model": "sessions.session", "pk": "i8y9w7s0yv8f5r38ugci53dzhe3w3e1l", "fields": {"session_data": "ZDc1NTJiNzAyODY1NjAwOWY5NzZhMTgxOWU5NjlmNWNkNDM2NjU1Yjp7Il9hdXRoX3VzZXJfaGFzaCI6IjZkM2E2MzkyYzI2NWJiNDY5ZTVjMmIxMThmN2Q1MWRiM2M3Njg0YjUiLCJfYXV0aF91c2VyX2JhY2tlbmQiOiJkamFuZ28uY29udHJpYi5hdXRoLmJhY2tlbmRzLk1vZGVsQmFja2VuZCIsIl9hdXRoX3VzZXJfaWQiOiIyIn0=", "expire_date": "2016-08-10T12:37:06.262Z"}}, {"model": "sessions.session", "pk": "is6x7djsqk81dntkkfui1a3bty6e9svt", "fields": {"session_data": "NTQzYTA5MWU2MDA3MmViYjA5ZmRmZjhhNDM4OGQ1NjI5YTY5MzdmMDp7Il9hdXRoX3VzZXJfaGFzaCI6IjJjOWM4MzBjYzI0YmYxNWFmYzk1N2YzMTg1ODljMDI0OTY5ZTUyZTQiLCJfYXV0aF91c2VyX2JhY2tlbmQiOiJkamFuZ28uY29udHJpYi5hdXRoLmJhY2tlbmRzLk1vZGVsQmFja2VuZCIsIl9hdXRoX3VzZXJfaWQiOiIxIn0=", "expire_date": "2016-07-23T06:27:28.558Z"}}, {"model": "sessions.session", "pk": "mbkaej7dn53w64ftk7z3xdqck22gh9fs", "fields": {"session_data": "YmI4OTNmYzlkMGJiZjllNjA2NTRmNmNhMTk4NDMwNDQwZDY4M2ZhMDp7Il9hdXRoX3VzZXJfaGFzaCI6IjU4YmE5YmRmOWJhYWEyYzNjMzQ2NTA0ODRkM2Q2ZWJiYTI3NDk0NGIiLCJfYXV0aF91c2VyX2JhY2tlbmQiOiJkamFuZ28uY29udHJpYi5hdXRoLmJhY2tlbmRzLk1vZGVsQmFja2VuZCIsIl9hdXRoX3VzZXJfaWQiOiI1In0=", "expire_date": "2016-07-24T06:59:32.677Z"}}, {"model": "sessions.session", "pk": "pluppezku3kx4upzjc1vqz3ar0spyk6j", "fields": {"session_data": "ZDc1NTJiNzAyODY1NjAwOWY5NzZhMTgxOWU5NjlmNWNkNDM2NjU1Yjp7Il9hdXRoX3VzZXJfaGFzaCI6IjZkM2E2MzkyYzI2NWJiNDY5ZTVjMmIxMThmN2Q1MWRiM2M3Njg0YjUiLCJfYXV0aF91c2VyX2JhY2tlbmQiOiJkamFuZ28uY29udHJpYi5hdXRoLmJhY2tlbmRzLk1vZGVsQmFja2VuZCIsIl9hdXRoX3VzZXJfaWQiOiIyIn0=", "expire_date": "2016-07-26T01:56:37.969Z"}}, {"model": "sessions.session", "pk": "q85q8tqjjxhm58sot9f64dgb8g0wap3n", "fields": {"session_data": "ZDc1NTJiNzAyODY1NjAwOWY5NzZhMTgxOWU5NjlmNWNkNDM2NjU1Yjp7Il9hdXRoX3VzZXJfaGFzaCI6IjZkM2E2MzkyYzI2NWJiNDY5ZTVjMmIxMThmN2Q1MWRiM2M3Njg0YjUiLCJfYXV0aF91c2VyX2JhY2tlbmQiOiJkamFuZ28uY29udHJpYi5hdXRoLmJhY2tlbmRzLk1vZGVsQmFja2VuZCIsIl9hdXRoX3VzZXJfaWQiOiIyIn0=", "expire_date": "2016-09-05T21:03:48.564Z"}}, {"model": "sessions.session", "pk": "sjwv2iwvqfsl2qsuqhez4a6xerkiagod", "fields": {"session_data": "ZDc1NTJiNzAyODY1NjAwOWY5NzZhMTgxOWU5NjlmNWNkNDM2NjU1Yjp7Il9hdXRoX3VzZXJfaGFzaCI6IjZkM2E2MzkyYzI2NWJiNDY5ZTVjMmIxMThmN2Q1MWRiM2M3Njg0YjUiLCJfYXV0aF91c2VyX2JhY2tlbmQiOiJkamFuZ28uY29udHJpYi5hdXRoLmJhY2tlbmRzLk1vZGVsQmFja2VuZCIsIl9hdXRoX3VzZXJfaWQiOiIyIn0=", "expire_date": "2016-07-24T19:03:56.348Z"}}, {"model": "sessions.session", "pk": "x7h93axwjglggqpo2s423ayj2d71xkqn", "fields": {"session_data": "ZDc1NTJiNzAyODY1NjAwOWY5NzZhMTgxOWU5NjlmNWNkNDM2NjU1Yjp7Il9hdXRoX3VzZXJfaGFzaCI6IjZkM2E2MzkyYzI2NWJiNDY5ZTVjMmIxMThmN2Q1MWRiM2M3Njg0YjUiLCJfYXV0aF91c2VyX2JhY2tlbmQiOiJkamFuZ28uY29udHJpYi5hdXRoLmJhY2tlbmRzLk1vZGVsQmFja2VuZCIsIl9hdXRoX3VzZXJfaWQiOiIyIn0=", "expire_date": "2016-07-24T19:12:21.832Z"}}, {"model": "quiz.team", "pk": 1, "fields": {"name": "Stanford University", "created_at": "2016-07-08T03:27:31.447Z", "updated_at": "2016-07-08T03:27:31.447Z"}}, {"model": "quiz.team", "pk": 2, "fields": {"name": "University of Oregon", "created_at": "2016-07-08T03:27:57.336Z", "updated_at": "2016-07-08T03:27:57.336Z"}}, {"model": "quiz.team", "pk": 3, "fields": {"name": "University of Southern California", "created_at": "2016-07-08T03:28:13.927Z", "updated_at": "2016-07-08T03:28:13.927Z"}}, {"model": "quiz.player", "pk": 1, "fields": {"user": 3, "first_name": "Ryan", "last_name": "Burns", "position": "QB", "year": "SR", "unit": "", "number": 17, "team": 1, "is_being_tested": true, "image_url": "./RyanBurns.jpg", "starter": false, "created_at": "2016-07-09T05:50:41.961Z", "updated_at": "2016-07-12T18:09:18.135Z"}}, {"model": "quiz.player", "pk": 2, "fields": {"user": 2, "first_name": "", "last_name": "", "position": "", "year": null, "unit": "", "number": null, "team": null, "is_being_tested": false, "image_url": "./MikeBloomgren.jpg", "starter": false, "created_at": "2016-07-09T06:11:48.562Z", "updated_at": "2016-07-09T06:11:48.562Z"}}, {"model": "quiz.player", "pk": 3, "fields": {"user": 4, "first_name": "Keller", "last_name": "Chryst", "position": "QB", "year": "JR", "unit": "", "number": 10, "team": 1, "is_being_tested": true, "image_url": "./KellerChryst.JPG", "starter": false, "created_at": "2016-07-10T06:53:40.224Z", "updated_at": "2016-07-12T01:55:47.263Z"}}, {"model": "quiz.player", "pk": 4, "fields": {"user": 5, "first_name": "KJ", "last_name": "Costello", "position": "QB", "year": "FR", "unit": "", "number": 19, "team": 1, "is_being_tested": true, "image_url": "./KJCostello.JPG", "starter": false, "created_at": "2016-07-10T06:55:15.871Z", "updated_at": "2016-07-12T01:55:36.523Z"}}, {"model": "quiz.player", "pk": 5, "fields": {"user": 6, "first_name": "Trenton", "last_name": "Irwin", "position": "WR", "year": "SO", "unit": "", "number": 2, "team": 1, "is_being_tested": true, "image_url": "./TrentonIrwin.jpg", "starter": false, "created_at": "2016-07-12T17:52:37.436Z", "updated_at": "2016-07-12T18:13:11.587Z"}}, {"model": "quiz.player", "pk": 6, "fields": {"user": 7, "first_name": "Michael", "last_name": "Rector", "position": "WR", "year": "RS SR", "unit": "", "number": 3, "team": 1, "is_being_tested": true, "image_url": "./MichaelRector.jpg", "starter": false, "created_at": "2016-07-12T17:53:55.888Z", "updated_at": "2016-07-12T18:12:46.154Z"}}, {"model": "quiz.player", "pk": 7, "fields": {"user": 8, "first_name": "Jay", "last_name": "Tyler", "position": "WR", "year": "SO", "unit": "", "number": 4, "team": 1, "is_being_tested": true, "image_url": "./JayTyler.jpg", "starter": false, "created_at": "2016-07-12T17:54:53.416Z", "updated_at": "2016-07-12T18:12:13.728Z"}}, {"model": "quiz.player", "pk": 8, "fields": {"user": 9, "first_name": "Francis", "last_name": "Owusu", "position": "WR", "year": "SR", "unit": "", "number": 6, "team": 1, "is_being_tested": true, "image_url": "./FrancisOwusu.jpg", "starter": false, "created_at": "2016-07-12T17:55:54.206Z", "updated_at": "2016-07-12T18:11:50.058Z"}}, {"model": "quiz.player", "pk": 9, "fields": {"user": 10, "first_name": "Donald", "last_name": "Stewart", "position": "WR", "year": "FR", "unit": "", "number": 8, "team": 1, "is_being_tested": true, "image_url": "./DonaldStewart.jpg", "starter": false, "created_at": "2016-07-12T17:57:00.898Z", "updated_at": "2016-07-12T18:11:25.645Z"}}, {"model": "quiz.player", "pk": 10, "fields": {"user": 11, "first_name": "Taijuan", "last_name": "Thomas", "position": "WR", "year": "SR", "unit": "", "number": 13, "team": 1, "is_being_tested": true, "image_url": "./TaijuanThomas.jpg", "starter": false, "created_at": "2016-07-12T18:00:54.918Z", "updated_at": "2016-07-12T18:11:08.643Z"}}, {"model": "quiz.player", "pk": 11, "fields": {"user": 12, "first_name": "Paxton", "last_name": "Segina", "position": "WR", "year": "FR", "unit": "", "number": 14, "team": 1, "is_being_tested": true, "image_url": "./PaxonSegina.jpg", "starter": false, "created_at": "2016-07-12T18:01:42.858Z", "updated_at": "2016-07-12T18:10:44.156Z"}}, {"model": "quiz.player", "pk": 12, "fields": {"user": 13, "first_name": "JJ", "last_name": "Arcega-Whiteside", "position": "WR", "year": "SO", "unit": "", "number": 19, "team": 1, "is_being_tested": true, "image_url": "./JJArcegaWhiteside.jpg", "starter": false, "created_at": "2016-07-12T18:03:11.938Z", "updated_at": "2016-07-12T18:09:54.125Z"}}, {"model": "quiz.player", "pk": 13, "fields": {"user": 14, "first_name": "Isaiah", "last_name": "Brandt-Sims", "position": "WR", "year": "JR", "unit": "", "number": 21, "team": 1, "is_being_tested": true, "image_url": "./IsaiahBrandtSims.jpg", "starter": false, "created_at": "2016-07-12T18:04:39.093Z", "updated_at": "2016-07-12T18:09:33.602Z"}}, {"model": "quiz.player", "pk": 14, "fields": {"user": 15, "first_name": "Sidhart", "last_name": "Krishnamurthi", "position": "WR", "year": "SO", "unit": "", "number": 46, "team": 1, "is_being_tested": true, "image_url": "./SidhartKrishnamurthi.jpg", "starter": false, "created_at": "2016-07-12T18:06:35.059Z", "updated_at": "2016-07-12T18:09:03.924Z"}}, {"model": "quiz.player", "pk": 15, "fields": {"user": 16, "first_name": "Treyvion", "last_name": "Foster", "position": "WR", "year": "SR", "unit": "", "number": 85, "team": 1, "is_being_tested": true, "image_url": "./TreyvionFoster.jpg", "starter": false, "created_at": "2016-07-12T18:07:57.781Z", "updated_at": "2016-07-12T18:09:09.561Z"}}, {"model": "quiz.formation", "pk": 1, "fields": {"name": "Power Left", "playName": "", "offensiveFormationID": null, "unit": "offense", "team": 1, "created_at": "2016-07-09T06:21:36.821Z", "updated_at": "2016-07-09T06:21:36.821Z", "offensivePlayers": []}}, {"model": "quiz.formation", "pk": 2, "fields": {"name": "Base", "playName": "", "offensiveFormationID": null, "unit": "offense", "team": 1, "created_at": "2016-07-09T06:22:38.414Z", "updated_at": "2016-07-09T06:22:38.414Z", "offensivePlayers": []}}, {"model": "quiz.formation", "pk": 3, "fields": {"name": "Shotgun Left", "playName": "", "offensiveFormationID": null, "unit": "offense", "team": 1, "created_at": "2016-07-09T06:24:57.128Z", "updated_at": "2016-07-09T06:24:57.128Z", "offensivePlayers": []}}, {"model": "quiz.position", "pk": 1, "fields": {"startX": 21.665, "startY": 73.0, "name": "LT", "formation": 1, "routeCoordinates": null, "runCoordinates": null, "progressionRank": null, "playerIndex": -2, "routeNum": null, "blocker": null, "runner": null, "CBAssignmentPlayerID": null, "CBAssignmentPlayerIndex": null, "CBAssignmentPlayerPosition": null, "zoneYardX": null, "zoneYardY": null, "zoneHeight": null, "zoneWidth": null, "gapYardX": null, "gapYardY": null, "blockingAssignmentPlayerIndex": null, "blockingAssignmentUnitIndex": null, "blockingAssignmentObject": null, "runAssignment": null}}, {"model": "quiz.position", "pk": 2, "fields": {"startX": 24.165, "startY": 73.0, "name": "LG", "formation": 1, "routeCoordinates": null, "runCoordinates": null, "progressionRank": null, "playerIndex": -1, "routeNum": null, "blocker": null, "runner": null, "CBAssignmentPlayerID": null, "CBAssignmentPlayerIndex": null, "CBAssignmentPlayerPosition": null, "zoneYardX": null, "zoneYardY": null, "zoneHeight": null, "zoneWidth": null, "gapYardX": null, "gapYardY": null, "blockingAssignmentPlayerIndex": null, "blockingAssignmentUnitIndex": null, "blockingAssignmentObject": null, "runAssignment": null}}, {"model": "quiz.position", "pk": 3, "fields": {"startX": 26.665, "startY": 73.5, "name": "C", "formation": 1, "routeCoordinates": null, "runCoordinates": null, "progressionRank": null, "playerIndex": 0, "routeNum": null, "blocker": null, "runner": null, "CBAssignmentPlayerID": null, "CBAssignmentPlayerIndex": null, "CBAssignmentPlayerPosition": null, "zoneYardX": null, "zoneYardY": null, "zoneHeight": null, "zoneWidth": null, "gapYardX": null, "gapYardY": null, "blockingAssignmentPlayerIndex": null, "blockingAssignmentUnitIndex": null, "blockingAssignmentObject": null, "runAssignment": null}}, {"model": "quiz.position", "pk": 4, "fields": {"startX": 29.165, "startY": 73.0, "name": "RG", "formation": 1, "routeCoordinates": null, "runCoordinates": null, "progressionRank": null, "playerIndex": 1, "routeNum": null, "blocker": null, "runner": null, "CBAssignmentPlayerID": null, "CBAssignmentPlayerIndex": null, "CBAssignmentPlayerPosition": null, "zoneYardX": null, "zoneYardY": null, "zoneHeight": null, "zoneWidth": null, "gapYardX": null, "gapYardY": null, "blockingAssignmentPlayerIndex": null, "blockingAssignmentUnitIndex": null, "blockingAssignmentObject": null, "runAssignment": null}}, {"model": "quiz.position", "pk": 5, "fields": {"startX": 31.665, "startY": 73.0, "name": "RT", "formation": 1, "routeCoordinates": null, "runCoordinates": null, "progressionRank": null, "playerIndex": 2, "routeNum": null, "blocker": null, "runner": null, "CBAssignmentPlayerID": null, "CBAssignmentPlayerIndex": null, "CBAssignmentPlayerPosition": null, "zoneYardX": null, "zoneYardY": null, "zoneHeight": null, "zoneWidth": null, "gapYardX": null, "gapYardY": null, "blockingAssignmentPlayerIndex": null, "blockingAssignmentUnitIndex": null, "blockingAssignmentObject": null, "runAssignment": null}}, {"model": "quiz.position", "pk": 6, "fields": {"startX": 26.6254779411765, "startY": 71.1176470588235, "name": "QB", "formation": 1, "routeCoordinates": null, "runCoordinates": null, "progressionRank": null, "playerIndex": 0, "routeNum": null, "blocker": null, "runner": null, "CBAssignmentPlayerID": null, "CBAssignmentPlayerIndex": null, "CBAssignmentPlayerPosition": null, "zoneYardX": null, "zoneYardY": null, "zoneHeight": null, "zoneWidth": null, "gapYardX": null, "gapYardY": null, "blockingAssignmentPlayerIndex": null, "blockingAssignmentUnitIndex": null, "blockingAssignmentObject": null, "runAssignment": null}}, {"model": "quiz.position", "pk": 7, "fields": {"startX": 26.6254779411765, "startY": 68.4117647058823, "name": "F", "formation": 1, "routeCoordinates": null, "runCoordinates": null, "progressionRank": null, "playerIndex": 0, "routeNum": null, "blocker": null, "runner": null, "CBAssignmentPlayerID": null, "CBAssignmentPlayerIndex": null, "CBAssignmentPlayerPosition": null, "zoneYardX": null, "zoneYardY": null, "zoneHeight": null, "zoneWidth": null, "gapYardX": null, "gapYardY": null, "blockingAssignmentPlayerIndex": null, "blockingAssignmentUnitIndex": null, "blockingAssignmentObject": null, "runAssignment": null}}, {"model": "quiz.position", "pk": 8, "fields": {"startX": 26.6254779411765, "startY": 65.4705882352941, "name": "H", "formation": 1, "routeCoordinates": null, "runCoordinates": null, "progressionRank": null, "playerIndex": 0, "routeNum": null, "blocker": null, "runner": null, "CBAssignmentPlayerID": null, "CBAssignmentPlayerIndex": null, "CBAssignmentPlayerPosition": null, "zoneYardX": null, "zoneYardY": null, "zoneHeight": null, "zoneWidth": null, "gapYardX": null, "gapYardY": null, "blockingAssignmentPlayerIndex": null, "blockingAssignmentUnitIndex": null, "blockingAssignmentObject": null, "runAssignment": null}}, {"model": "quiz.position", "pk": 9, "fields": {"startX": 34.0960661764706, "startY": 72.9411764705882, "name": "A", "formation": 1, "routeCoordinates": null, "runCoordinates": null, "progressionRank": null, "playerIndex": 0, "routeNum": null, "blocker": null, "runner": null, "CBAssignmentPlayerID": null, "CBAssignmentPlayerIndex": null, "CBAssignmentPlayerPosition": null, "zoneYardX": null, "zoneYardY": null, "zoneHeight": null, "zoneWidth": null, "gapYardX": null, "gapYardY": null, "blockingAssignmentPlayerIndex": null, "blockingAssignmentUnitIndex": null, "blockingAssignmentObject": null, "runAssignment": null}}, {"model": "quiz.position", "pk": 10, "fields": {"startX": 19.3901838235294, "startY": 72.8823529411765, "name": "A", "formation": 1, "routeCoordinates": null, "runCoordinates": null, "progressionRank": null, "playerIndex": 0, "routeNum": null, "blocker": null, "runner": null, "CBAssignmentPlayerID": null, "CBAssignmentPlayerIndex": null, "CBAssignmentPlayerPosition": null, "zoneYardX": null, "zoneYardY": null, "zoneHeight": null, "zoneWidth": null, "gapYardX": null, "gapYardY": null, "blockingAssignmentPlayerIndex": null, "blockingAssignmentUnitIndex": null, "blockingAssignmentObject": null, "runAssignment": null}}, {"model": "quiz.position", "pk": 11, "fields": {"startX": 17.5078308823529, "startY": 70.9411764705882, "name": "A", "formation": 1, "routeCoordinates": null, "runCoordinates": null, "progressionRank": null, "playerIndex": 0, "routeNum": null, "blocker": null, "runner": null, "CBAssignmentPlayerID": null, "CBAssignmentPlayerIndex": null, "CBAssignmentPlayerPosition": null, "zoneYardX": null, "zoneYardY": null, "zoneHeight": null, "zoneWidth": null, "gapYardX": null, "gapYardY": null, "blockingAssignmentPlayerIndex": null, "blockingAssignmentUnitIndex": null, "blockingAssignmentObject": null, "runAssignment": null}}, {"model": "quiz.position", "pk": 12, "fields": {"startX": 21.665, "startY": 73.0, "name": "LT", "formation": 2, "routeCoordinates": null, "runCoordinates": null, "progressionRank": null, "playerIndex": -2, "routeNum": null, "blocker": null, "runner": null, "CBAssignmentPlayerID": null, "CBAssignmentPlayerIndex": null, "CBAssignmentPlayerPosition": null, "zoneYardX": null, "zoneYardY": null, "zoneHeight": null, "zoneWidth": null, "gapYardX": null, "gapYardY": null, "blockingAssignmentPlayerIndex": null, "blockingAssignmentUnitIndex": null, "blockingAssignmentObject": null, "runAssignment": null}}, {"model": "quiz.position", "pk": 13, "fields": {"startX": 24.165, "startY": 73.0, "name": "LG", "formation": 2, "routeCoordinates": null, "runCoordinates": null, "progressionRank": null, "playerIndex": -1, "routeNum": null, "blocker": null, "runner": null, "CBAssignmentPlayerID": null, "CBAssignmentPlayerIndex": null, "CBAssignmentPlayerPosition": null, "zoneYardX": null, "zoneYardY": null, "zoneHeight": null, "zoneWidth": null, "gapYardX": null, "gapYardY": null, "blockingAssignmentPlayerIndex": null, "blockingAssignmentUnitIndex": null, "blockingAssignmentObject": null, "runAssignment": null}}, {"model": "quiz.position", "pk": 14, "fields": {"startX": 26.665, "startY": 73.5, "name": "C", "formation": 2, "routeCoordinates": null, "runCoordinates": null, "progressionRank": null, "playerIndex": 0, "routeNum": null, "blocker": null, "runner": null, "CBAssignmentPlayerID": null, "CBAssignmentPlayerIndex": null, "CBAssignmentPlayerPosition": null, "zoneYardX": null, "zoneYardY": null, "zoneHeight": null, "zoneWidth": null, "gapYardX": null, "gapYardY": null, "blockingAssignmentPlayerIndex": null, "blockingAssignmentUnitIndex": null, "blockingAssignmentObject": null, "runAssignment": null}}, {"model": "quiz.position", "pk": 15, "fields": {"startX": 29.165, "startY": 73.0, "name": "RG", "formation": 2, "routeCoordinates": null, "runCoordinates": null, "progressionRank": null, "playerIndex": 1, "routeNum": null, "blocker": null, "runner": null, "CBAssignmentPlayerID": null, "CBAssignmentPlayerIndex": null, "CBAssignmentPlayerPosition": null, "zoneYardX": null, "zoneYardY": null, "zoneHeight": null, "zoneWidth": null, "gapYardX": null, "gapYardY": null, "blockingAssignmentPlayerIndex": null, "blockingAssignmentUnitIndex": null, "blockingAssignmentObject": null, "runAssignment": null}}, {"model": "quiz.position", "pk": 16, "fields": {"startX": 31.665, "startY": 73.0, "name": "RT", "formation": 2, "routeCoordinates": null, "runCoordinates": null, "progressionRank": null, "playerIndex": 2, "routeNum": null, "blocker": null, "runner": null, "CBAssignmentPlayerID": null, "CBAssignmentPlayerIndex": null, "CBAssignmentPlayerPosition": null, "zoneYardX": null, "zoneYardY": null, "zoneHeight": null, "zoneWidth": null, "gapYardX": null, "gapYardY": null, "blockingAssignmentPlayerIndex": null, "blockingAssignmentUnitIndex": null, "blockingAssignmentObject": null, "runAssignment": null}}, {"model": "quiz.position", "pk": 17, "fields": {"startX": 26.665, "startY": 70.0, "name": "QB", "formation": 2, "routeCoordinates": null, "runCoordinates": null, "progressionRank": null, "playerIndex": 0, "routeNum": null, "blocker": null, "runner": null, "CBAssignmentPlayerID": null, "CBAssignmentPlayerIndex": null, "CBAssignmentPlayerPosition": null, "zoneYardX": null, "zoneYardY": null, "zoneHeight": null, "zoneWidth": null, "gapYardX": null, "gapYardY": null, "blockingAssignmentPlayerIndex": null, "blockingAssignmentUnitIndex": null, "blockingAssignmentObject": null, "runAssignment": null}}, {"model": "quiz.position", "pk": 18, "fields": {"startX": 26.6254779411765, "startY": 66.1176470588235, "name": "H", "formation": 2, "routeCoordinates": null, "runCoordinates": null, "progressionRank": null, "playerIndex": 0, "routeNum": null, "blocker": null, "runner": null, "CBAssignmentPlayerID": null, "CBAssignmentPlayerIndex": null, "CBAssignmentPlayerPosition": null, "zoneYardX": null, "zoneYardY": null, "zoneHeight": null, "zoneWidth": null, "gapYardX": null, "gapYardY": null, "blockingAssignmentPlayerIndex": null, "blockingAssignmentUnitIndex": null, "blockingAssignmentObject": null, "runAssignment": null}}, {"model": "quiz.position", "pk": 19, "fields": {"startX": 33.9784191176471, "startY": 72.9411764705882, "name": "A", "formation": 2, "routeCoordinates": null, "runCoordinates": null, "progressionRank": null, "playerIndex": 0, "routeNum": null, "blocker": null, "runner": null, "CBAssignmentPlayerID": null, "CBAssignmentPlayerIndex": null, "CBAssignmentPlayerPosition": null, "zoneYardX": null, "zoneYardY": null, "zoneHeight": null, "zoneWidth": null, "gapYardX": null, "gapYardY": null, "blockingAssignmentPlayerIndex": null, "blockingAssignmentUnitIndex": null, "blockingAssignmentObject": null, "runAssignment": null}}, {"model": "quiz.position", "pk": 20, "fields": {"startX": 19.3901838235294, "startY": 72.9411764705882, "name": "A", "formation": 2, "routeCoordinates": null, "runCoordinates": null, "progressionRank": null, "playerIndex": 0, "routeNum": null, "blocker": null, "runner": null, "CBAssignmentPlayerID": null, "CBAssignmentPlayerIndex": null, "CBAssignmentPlayerPosition": null, "zoneYardX": null, "zoneYardY": null, "zoneHeight": null, "zoneWidth": null, "gapYardX": null, "gapYardY": null, "blockingAssignmentPlayerIndex": null, "blockingAssignmentUnitIndex": null, "blockingAssignmentObject": null, "runAssignment": null}}, {"model": "quiz.position", "pk": 21, "fields": {"startX": 42.6843014705882, "startY": 71.2352941176471, "name": "X", "formation": 2, "routeCoordinates": null, "runCoordinates": null, "progressionRank": null, "playerIndex": 0, "routeNum": null, "blocker": null, "runner": null, "CBAssignmentPlayerID": null, "CBAssignmentPlayerIndex": null, "CBAssignmentPlayerPosition": null, "zoneYardX": null, "zoneYardY": null, "zoneHeight": null, "zoneWidth": null, "gapYardX": null, "gapYardY": null, "blockingAssignmentPlayerIndex": null, "blockingAssignmentUnitIndex": null, "blockingAssignmentObject": null, "runAssignment": null}}, {"model": "quiz.position", "pk": 22, "fields": {"startX": 11.1548897058824, "startY": 70.9411764705882, "name": "Y", "formation": 2, "routeCoordinates": null, "runCoordinates": null, "progressionRank": null, "playerIndex": 0, "routeNum": null, "blocker": null, "runner": null, "CBAssignmentPlayerID": null, "CBAssignmentPlayerIndex": null, "CBAssignmentPlayerPosition": null, "zoneYardX": null, "zoneYardY": null, "zoneHeight": null, "zoneWidth": null, "gapYardX": null, "gapYardY": null, "blockingAssignmentPlayerIndex": null, "blockingAssignmentUnitIndex": null, "blockingAssignmentObject": null, "runAssignment": null}}, {"model": "quiz.position", "pk": 23, "fields": {"startX": 21.6254779411765, "startY": 73.0, "name": "LT", "formation": 3, "routeCoordinates": null, "runCoordinates": null, "progressionRank": null, "playerIndex": -2, "routeNum": null, "blocker": null, "runner": null, "CBAssignmentPlayerID": null, "CBAssignmentPlayerIndex": null, "CBAssignmentPlayerPosition": null, "zoneYardX": null, "zoneYardY": null, "zoneHeight": null, "zoneWidth": null, "gapYardX": null, "gapYardY": null, "blockingAssignmentPlayerIndex": null, "blockingAssignmentUnitIndex": null, "blockingAssignmentObject": null, "runAssignment": null}}, {"model": "quiz.position", "pk": 24, "fields": {"startX": 24.1254779411765, "startY": 73.0, "name": "LG", "formation": 3, "routeCoordinates": null, "runCoordinates": null, "progressionRank": null, "playerIndex": -1, "routeNum": null, "blocker": null, "runner": null, "CBAssignmentPlayerID": null, "CBAssignmentPlayerIndex": null, "CBAssignmentPlayerPosition": null, "zoneYardX": null, "zoneYardY": null, "zoneHeight": null, "zoneWidth": null, "gapYardX": null, "gapYardY": null, "blockingAssignmentPlayerIndex": null, "blockingAssignmentUnitIndex": null, "blockingAssignmentObject": null, "runAssignment": null}}, {"model": "quiz.position", "pk": 25, "fields": {"startX": 26.6254779411765, "startY": 73.5, "name": "C", "formation": 3, "routeCoordinates": null, "runCoordinates": null, "progressionRank": null, "playerIndex": 0, "routeNum": null, "blocker": null, "runner": null, "CBAssignmentPlayerID": null, "CBAssignmentPlayerIndex": null, "CBAssignmentPlayerPosition": null, "zoneYardX": null, "zoneYardY": null, "zoneHeight": null, "zoneWidth": null, "gapYardX": null, "gapYardY": null, "blockingAssignmentPlayerIndex": null, "blockingAssignmentUnitIndex": null, "blockingAssignmentObject": null, "runAssignment": null}}, {"model": "quiz.position", "pk": 26, "fields": {"startX": 29.1254779411765, "startY": 73.0, "name": "RG", "formation": 3, "routeCoordinates": null, "runCoordinates": null, "progressionRank": null, "playerIndex": 1, "routeNum": null, "blocker": null, "runner": null, "CBAssignmentPlayerID": null, "CBAssignmentPlayerIndex": null, "CBAssignmentPlayerPosition": null, "zoneYardX": null, "zoneYardY": null, "zoneHeight": null, "zoneWidth": null, "gapYardX": null, "gapYardY": null, "blockingAssignmentPlayerIndex": null, "blockingAssignmentUnitIndex": null, "blockingAssignmentObject": null, "runAssignment": null}}, {"model": "quiz.position", "pk": 27, "fields": {"startX": 31.6254779411765, "startY": 73.0, "name": "RT", "formation": 3, "routeCoordinates": null, "runCoordinates": null, "progressionRank": null, "playerIndex": 2, "routeNum": null, "blocker": null, "runner": null, "CBAssignmentPlayerID": null, "CBAssignmentPlayerIndex": null, "CBAssignmentPlayerPosition": null, "zoneYardX": null, "zoneYardY": null, "zoneHeight": null, "zoneWidth": null, "gapYardX": null, "gapYardY": null, "blockingAssignmentPlayerIndex": null, "blockingAssignmentUnitIndex": null, "blockingAssignmentObject": null, "runAssignment": null}}, {"model": "quiz.position", "pk": 28, "fields": {"startX": 26.6843014705882, "startY": 67.2941176470588, "name": "QB", "formation": 3, "routeCoordinates": null, "runCoordinates": null, "progressionRank": null, "playerIndex": 0, "routeNum": null, "blocker": null, "runner": null, "CBAssignmentPlayerID": null, "CBAssignmentPlayerIndex": null, "CBAssignmentPlayerPosition": null, "zoneYardX": null, "zoneYardY": null, "zoneHeight": null, "zoneWidth": null, "gapYardX": null, "gapYardY": null, "blockingAssignmentPlayerIndex": null, "blockingAssignmentUnitIndex": null, "blockingAssignmentObject": null, "runAssignment": null}}, {"model": "quiz.position", "pk": 29, "fields": {"startX": 29.4490073529412, "startY": 67.7058823529412, "name": "H", "formation": 3, "routeCoordinates": null, "runCoordinates": null, "progressionRank": null, "playerIndex": 0, "routeNum": null, "blocker": null, "runner": null, "CBAssignmentPlayerID": null, "CBAssignmentPlayerIndex": null, "CBAssignmentPlayerPosition": null, "zoneYardX": null, "zoneYardY": null, "zoneHeight": null, "zoneWidth": null, "gapYardX": null, "gapYardY": null, "blockingAssignmentPlayerIndex": null, "blockingAssignmentUnitIndex": null, "blockingAssignmentObject": null, "runAssignment": null}}, {"model": "quiz.position", "pk": 30, "fields": {"startX": 34.0372426470588, "startY": 72.9411764705882, "name": "A", "formation": 3, "routeCoordinates": null, "runCoordinates": null, "progressionRank": null, "playerIndex": 0, "routeNum": null, "blocker": null, "runner": null, "CBAssignmentPlayerID": null, "CBAssignmentPlayerIndex": null, "CBAssignmentPlayerPosition": null, "zoneYardX": null, "zoneYardY": null, "zoneHeight": null, "zoneWidth": null, "gapYardX": null, "gapYardY": null, "blockingAssignmentPlayerIndex": null, "blockingAssignmentUnitIndex": null, "blockingAssignmentObject": null, "runAssignment": null}}, {"model": "quiz.position", "pk": 31, "fields": {"startX": 42.2725367647059, "startY": 71.0588235294118, "name": "Y", "formation": 3, "routeCoordinates": null, "runCoordinates": null, "progressionRank": null, "playerIndex": 0, "routeNum": null, "blocker": null, "runner": null, "CBAssignmentPlayerID": null, "CBAssignmentPlayerIndex": null, "CBAssignmentPlayerPosition": null, "zoneYardX": null, "zoneYardY": null, "zoneHeight": null, "zoneWidth": null, "gapYardX": null, "gapYardY": null, "blockingAssignmentPlayerIndex": null, "blockingAssignmentUnitIndex": null, "blockingAssignmentObject": null, "runAssignment": null}}, {"model": "quiz.position", "pk": 32, "fields": {"startX": 10.8607720588235, "startY": 70.9411764705882, "name": "X", "formation": 3, "routeCoordinates": null, "runCoordinates": null, "progressionRank": null, "playerIndex": 0, "routeNum": null, "blocker": null, "runner": null, "CBAssignmentPlayerID": null, "CBAssignmentPlayerIndex": null, "CBAssignmentPlayerPosition": null, "zoneYardX": null, "zoneYardY": null, "zoneHeight": null, "zoneWidth": null, "gapYardX": null, "gapYardY": null, "blockingAssignmentPlayerIndex": null, "blockingAssignmentUnitIndex": null, "blockingAssignmentObject": null, "runAssignment": null}}, {"model": "quiz.position", "pk": 33, "fields": {"startX": 14.4490073529412, "startY": 72.9411764705882, "name": "Z", "formation": 3, "routeCoordinates": null, "runCoordinates": null, "progressionRank": null, "playerIndex": 0, "routeNum": null, "blocker": null, "runner": null, "CBAssignmentPlayerID": null, "CBAssignmentPlayerIndex": null, "CBAssignmentPlayerPosition": null, "zoneYardX": null, "zoneYardY": null, "zoneHeight": null, "zoneWidth": null, "gapYardX": null, "gapYardY": null, "blockingAssignmentPlayerIndex": null, "blockingAssignmentUnitIndex": null, "blockingAssignmentObject": null, "runAssignment": null}}, {"model": "quiz.position", "pk": 34, "fields": {"startX": 14.4490073529412, "startY": 72.9411764705882, "name": "Z", "formation": null, "routeCoordinates": "[[14.4490073529412, 72.9411764705882]]", "runCoordinates": null, "progressionRank": 0, "playerIndex": null, "routeNum": null, "blocker": false, "runner": false, "CBAssignmentPlayerID": null, "CBAssignmentPlayerIndex": null, "CBAssignmentPlayerPosition": null, "zoneYardX": null, "zoneYardY": null, "zoneHeight": null, "zoneWidth": null, "gapYardX": null, "gapYardY": null, "blockingAssignmentPlayerIndex": null, "blockingAssignmentUnitIndex": null, "blockingAssignmentObject": null, "runAssignment": ""}}, {"model": "quiz.position", "pk": 35, "fields": {"startX": 10.8607720588235, "startY": 70.9411764705882, "name": "X", "formation": null, "routeCoordinates": "[[10.8607720588235, 70.9411764705882]]", "runCoordinates": null, "progressionRank": 0, "playerIndex": null, "routeNum": null, "blocker": false, "runner": false, "CBAssignmentPlayerID": null, "CBAssignmentPlayerIndex": null, "CBAssignmentPlayerPosition": null, "zoneYardX": null, "zoneYardY": null, "zoneHeight": null, "zoneWidth": null, "gapYardX": null, "gapYardY": null, "blockingAssignmentPlayerIndex": null, "blockingAssignmentUnitIndex": null, "blockingAssignmentObject": null, "runAssignment": ""}}, {"model": "quiz.position", "pk": 36, "fields": {"startX": 42.2725367647059, "startY": 71.0588235294118, "name": "Y", "formation": null, "routeCoordinates": "[[42.2725367647059, 71.0588235294118]]", "runCoordinates": null, "progressionRank": 0, "playerIndex": null, "routeNum": null, "blocker": false, "runner": false, "CBAssignmentPlayerID": null, "CBAssignmentPlayerIndex": null, "CBAssignmentPlayerPosition": null, "zoneYardX": null, "zoneYardY": null, "zoneHeight": null, "zoneWidth": null, "gapYardX": null, "gapYardY": null, "blockingAssignmentPlayerIndex": null, "blockingAssignmentUnitIndex": null, "blockingAssignmentObject": null, "runAssignment": ""}}, {"model": "quiz.position", "pk": 37, "fields": {"startX": 34.0372426470588, "startY": 72.9411764705882, "name": "A", "formation": null, "routeCoordinates": "[[34.0372426470588, 72.9411764705882]]", "runCoordinates": null, "progressionRank": 0, "playerIndex": null, "routeNum": null, "blocker": false, "runner": false, "CBAssignmentPlayerID": null, "CBAssignmentPlayerIndex": null, "CBAssignmentPlayerPosition": null, "zoneYardX": null, "zoneYardY": null, "zoneHeight": null, "zoneWidth": null, "gapYardX": null, "gapYardY": null, "blockingAssignmentPlayerIndex": null, "blockingAssignmentUnitIndex": null, "blockingAssignmentObject": null, "runAssignment": ""}}, {"model": "quiz.position", "pk": 38, "fields": {"startX": 29.4490073529412, "startY": 67.7058823529412, "name": "H", "formation": null, "routeCoordinates": "[[29.4490073529412, 67.7058823529412]]", "runCoordinates": null, "progressionRank": 0, "playerIndex": null, "routeNum": null, "blocker": false, "runner": false, "CBAssignmentPlayerID": null, "CBAssignmentPlayerIndex": null, "CBAssignmentPlayerPosition": null, "zoneYardX": null, "zoneYardY": null, "zoneHeight": null, "zoneWidth": null, "gapYardX": null, "gapYardY": null, "blockingAssignmentPlayerIndex": null, "blockingAssignmentUnitIndex": null, "blockingAssignmentObject": null, "runAssignment": ""}}, {"model": "quiz.position", "pk": 39, "fields": {"startX": 26.6843014705882, "startY": 67.2941176470588, "name": "QB", "formation": null, "routeCoordinates": "[[26.6843014705882, 67.2941176470588]]", "runCoordinates": null, "progressionRank": 0, "playerIndex": null, "routeNum": null, "blocker": false, "runner": false, "CBAssignmentPlayerID": null, "CBAssignmentPlayerIndex": null, "CBAssignmentPlayerPosition": null, "zoneYardX": null, "zoneYardY": null, "zoneHeight": null, "zoneWidth": null, "gapYardX": null, "gapYardY": null, "blockingAssignmentPlayerIndex": null, "blockingAssignmentUnitIndex": null, "blockingAssignmentObject": null, "runAssignment": ""}}, {"model": "quiz.position", "pk": 40, "fields": {"startX": 31.6254779411765, "startY": 73.0, "name": "RT", "formation": null, "routeCoordinates": "[[31.6254779411765, 73]]", "runCoordinates": null, "progressionRank": 0, "playerIndex": null, "routeNum": null, "blocker": false, "runner": false, "CBAssignmentPlayerID": null, "CBAssignmentPlayerIndex": null, "CBAssignmentPlayerPosition": null, "zoneYardX": null, "zoneYardY": null, "zoneHeight": null, "zoneWidth": null, "gapYardX": null, "gapYardY": null, "blockingAssignmentPlayerIndex": null, "blockingAssignmentUnitIndex": null, "blockingAssignmentObject": null, "runAssignment": ""}}, {"model": "quiz.position", "pk": 41, "fields": {"startX": 29.1254779411765, "startY": 73.0, "name": "RG", "formation": null, "routeCoordinates": "[[29.1254779411765, 73]]", "runCoordinates": null, "progressionRank": 0, "playerIndex": null, "routeNum": null, "blocker": false, "runner": false, "CBAssignmentPlayerID": null, "CBAssignmentPlayerIndex": null, "CBAssignmentPlayerPosition": null, "zoneYardX": null, "zoneYardY": null, "zoneHeight": null, "zoneWidth": null, "gapYardX": null, "gapYardY": null, "blockingAssignmentPlayerIndex": null, "blockingAssignmentUnitIndex": null, "blockingAssignmentObject": null, "runAssignment": ""}}, {"model": "quiz.position", "pk": 42, "fields": {"startX": 26.6254779411765, "startY": 73.5, "name": "C", "formation": null, "routeCoordinates": "[[26.6254779411765, 73.5]]", "runCoordinates": null, "progressionRank": 0, "playerIndex": null, "routeNum": null, "blocker": false, "runner": false, "CBAssignmentPlayerID": null, "CBAssignmentPlayerIndex": null, "CBAssignmentPlayerPosition": null, "zoneYardX": null, "zoneYardY": null, "zoneHeight": null, "zoneWidth": null, "gapYardX": null, "gapYardY": null, "blockingAssignmentPlayerIndex": null, "blockingAssignmentUnitIndex": null, "blockingAssignmentObject": null, "runAssignment": ""}}, {"model": "quiz.position", "pk": 43, "fields": {"startX": 24.1254779411765, "startY": 73.0, "name": "LG", "formation": null, "routeCoordinates": "[[24.1254779411765, 73]]", "runCoordinates": null, "progressionRank": 0, "playerIndex": null, "routeNum": null, "blocker": false, "runner": false, "CBAssignmentPlayerID": null, "CBAssignmentPlayerIndex": null, "CBAssignmentPlayerPosition": null, "zoneYardX": null, "zoneYardY": null, "zoneHeight": null, "zoneWidth": null, "gapYardX": null, "gapYardY": null, "blockingAssignmentPlayerIndex": null, "blockingAssignmentUnitIndex": null, "blockingAssignmentObject": null, "runAssignment": ""}}, {"model": "quiz.position", "pk": 44, "fields": {"startX": 21.6254779411765, "startY": 73.0, "name": "LT", "formation": null, "routeCoordinates": "[[21.6254779411765, 73]]", "runCoordinates": null, "progressionRank": 0, "playerIndex": null, "routeNum": null, "blocker": false, "runner": false, "CBAssignmentPlayerID": null, "CBAssignmentPlayerIndex": null, "CBAssignmentPlayerPosition": null, "zoneYardX": null, "zoneYardY": null, "zoneHeight": null, "zoneWidth": null, "gapYardX": null, "gapYardY": null, "blockingAssignmentPlayerIndex": null, "blockingAssignmentUnitIndex": null, "blockingAssignmentObject": null, "runAssignment": ""}}, {"model": "quiz.position", "pk": 45, "fields": {"startX": 17.5078308823529, "startY": 70.9411764705882, "name": "A", "formation": null, "routeCoordinates": "[[17.5078308823529, 70.9411764705882], [12.524068029067095, 71.96078491210938], [11.229950382008271, 86.13725550034466]]", "runCoordinates": null, "progressionRank": 0, "playerIndex": null, "routeNum": null, "blocker": false, "runner": false, "CBAssignmentPlayerID": null, "CBAssignmentPlayerIndex": null, "CBAssignmentPlayerPosition": null, "zoneYardX": null, "zoneYardY": null, "zoneHeight": null, "zoneWidth": null, "gapYardX": null, "gapYardY": null, "blockingAssignmentPlayerIndex": null, "blockingAssignmentUnitIndex": null, "blockingAssignmentObject": null, "runAssignment": ""}}, {"model": "quiz.position", "pk": 46, "fields": {"startX": 19.3901838235294, "startY": 72.8823529411765, "name": "A", "formation": null, "routeCoordinates": "[[19.3901838235294, 72.8823529411765], [22.877009205537682, 76.9019613826976], [44.87700920553768, 80.43137314740349]]", "runCoordinates": null, "progressionRank": 2, "playerIndex": null, "routeNum": null, "blocker": false, "runner": false, "CBAssignmentPlayerID": null, "CBAssignmentPlayerIndex": null, "CBAssignmentPlayerPosition": null, "zoneYardX": null, "zoneYardY": null, "zoneHeight": null, "zoneWidth": null, "gapYardX": null, "gapYardY": null, "blockingAssignmentPlayerIndex": null, "blockingAssignmentUnitIndex": null, "blockingAssignmentObject": null, "runAssignment": ""}}, {"model": "quiz.position", "pk": 47, "fields": {"startX": 34.0960661764706, "startY": 72.9411764705882, "name": "A", "formation": null, "routeCoordinates": "[[34.0960661764706, 72.9411764705882], [34.17112685259651, 82.31372608857997], [44.87700920553768, 88.19607902975643]]", "runCoordinates": null, "progressionRank": 3, "playerIndex": null, "routeNum": null, "blocker": false, "runner": false, "CBAssignmentPlayerID": null, "CBAssignmentPlayerIndex": null, "CBAssignmentPlayerPosition": null, "zoneYardX": null, "zoneYardY": null, "zoneHeight": null, "zoneWidth": null, "gapYardX": null, "gapYardY": null, "blockingAssignmentPlayerIndex": null, "blockingAssignmentUnitIndex": null, "blockingAssignmentObject": null, "runAssignment": ""}}, {"model": "quiz.position", "pk": 48, "fields": {"startX": 26.6254779411765, "startY": 65.4705882352941, "name": "H", "formation": null, "routeCoordinates": "[[26.6254779411765, 65.4705882352941]]", "runCoordinates": null, "progressionRank": 0, "playerIndex": null, "routeNum": null, "blocker": false, "runner": false, "CBAssignmentPlayerID": null, "CBAssignmentPlayerIndex": null, "CBAssignmentPlayerPosition": null, "zoneYardX": null, "zoneYardY": null, "zoneHeight": null, "zoneWidth": null, "gapYardX": null, "gapYardY": null, "blockingAssignmentPlayerIndex": null, "blockingAssignmentUnitIndex": null, "blockingAssignmentObject": null, "runAssignment": ""}}, {"model": "quiz.position", "pk": 49, "fields": {"startX": 26.6254779411765, "startY": 68.4117647058823, "name": "F", "formation": null, "routeCoordinates": "[[26.6254779411765, 68.4117647058823], [29.406420970243566, 70.2549025591682], [45.641715087890624, 75.01960844152114]]", "runCoordinates": null, "progressionRank": 1, "playerIndex": null, "routeNum": null, "blocker": false, "runner": false, "CBAssignmentPlayerID": null, "CBAssignmentPlayerIndex": null, "CBAssignmentPlayerPosition": null, "zoneYardX": null, "zoneYardY": null, "zoneHeight": null, "zoneWidth": null, "gapYardX": null, "gapYardY": null, "blockingAssignmentPlayerIndex": null, "blockingAssignmentUnitIndex": null, "blockingAssignmentObject": null, "runAssignment": ""}}, {"model": "quiz.position", "pk": 50, "fields": {"startX": 26.6254779411765, "startY": 71.1176470588235, "name": "QB", "formation": null, "routeCoordinates": "[[26.6254779411765, 71.1176470588235]]", "runCoordinates": null, "progressionRank": 0, "playerIndex": null, "routeNum": null, "blocker": false, "runner": false, "CBAssignmentPlayerID": null, "CBAssignmentPlayerIndex": null, "CBAssignmentPlayerPosition": null, "zoneYardX": null, "zoneYardY": null, "zoneHeight": null, "zoneWidth": null, "gapYardX": null, "gapYardY": null, "blockingAssignmentPlayerIndex": null, "blockingAssignmentUnitIndex": null, "blockingAssignmentObject": null, "runAssignment": ""}}, {"model": "quiz.position", "pk": 51, "fields": {"startX": 31.665, "startY": 73.0, "name": "RT", "formation": null, "routeCoordinates": "[[31.665, 73]]", "runCoordinates": null, "progressionRank": 0, "playerIndex": null, "routeNum": null, "blocker": false, "runner": false, "CBAssignmentPlayerID": null, "CBAssignmentPlayerIndex": null, "CBAssignmentPlayerPosition": null, "zoneYardX": null, "zoneYardY": null, "zoneHeight": null, "zoneWidth": null, "gapYardX": null, "gapYardY": null, "blockingAssignmentPlayerIndex": null, "blockingAssignmentUnitIndex": null, "blockingAssignmentObject": null, "runAssignment": ""}}, {"model": "quiz.position", "pk": 52, "fields": {"startX": 29.165, "startY": 73.0, "name": "RG", "formation": null, "routeCoordinates": "[[29.165, 73]]", "runCoordinates": null, "progressionRank": 0, "playerIndex": null, "routeNum": null, "blocker": false, "runner": false, "CBAssignmentPlayerID": null, "CBAssignmentPlayerIndex": null, "CBAssignmentPlayerPosition": null, "zoneYardX": null, "zoneYardY": null, "zoneHeight": null, "zoneWidth": null, "gapYardX": null, "gapYardY": null, "blockingAssignmentPlayerIndex": null, "blockingAssignmentUnitIndex": null, "blockingAssignmentObject": null, "runAssignment": ""}}, {"model": "quiz.position", "pk": 53, "fields": {"startX": 26.665, "startY": 73.5, "name": "C", "formation": null, "routeCoordinates": "[[26.665, 73.5]]", "runCoordinates": null, "progressionRank": 0, "playerIndex": null, "routeNum": null, "blocker": false, "runner": false, "CBAssignmentPlayerID": null, "CBAssignmentPlayerIndex": null, "CBAssignmentPlayerPosition": null, "zoneYardX": null, "zoneYardY": null, "zoneHeight": null, "zoneWidth": null, "gapYardX": null, "gapYardY": null, "blockingAssignmentPlayerIndex": null, "blockingAssignmentUnitIndex": null, "blockingAssignmentObject": null, "runAssignment": ""}}, {"model": "quiz.position", "pk": 54, "fields": {"startX": 24.165, "startY": 73.0, "name": "LG", "formation": null, "routeCoordinates": "[[24.165, 73]]", "runCoordinates": null, "progressionRank": 0, "playerIndex": null, "routeNum": null, "blocker": false, "runner": false, "CBAssignmentPlayerID": null, "CBAssignmentPlayerIndex": null, "CBAssignmentPlayerPosition": null, "zoneYardX": null, "zoneYardY": null, "zoneHeight": null, "zoneWidth": null, "gapYardX": null, "gapYardY": null, "blockingAssignmentPlayerIndex": null, "blockingAssignmentUnitIndex": null, "blockingAssignmentObject": null, "runAssignment": ""}}, {"model": "quiz.position", "pk": 55, "fields": {"startX": 21.665, "startY": 73.0, "name": "LT", "formation": null, "routeCoordinates": "[[21.665, 73]]", "runCoordinates": null, "progressionRank": 0, "playerIndex": null, "routeNum": null, "blocker": false, "runner": false, "CBAssignmentPlayerID": null, "CBAssignmentPlayerIndex": null, "CBAssignmentPlayerPosition": null, "zoneYardX": null, "zoneYardY": null, "zoneHeight": null, "zoneWidth": null, "gapYardX": null, "gapYardY": null, "blockingAssignmentPlayerIndex": null, "blockingAssignmentUnitIndex": null, "blockingAssignmentObject": null, "runAssignment": ""}}, {"model": "quiz.position", "pk": 56, "fields": {"startX": 11.1548897058824, "startY": 70.9411764705882, "name": "Y", "formation": null, "routeCoordinates": "[[11.1548897058824, 70.9411764705882], [11.053479793772977, 76.01960844152114], [25.171126852596508, 80.13725550034466]]", "runCoordinates": null, "progressionRank": 2, "playerIndex": null, "routeNum": null, "blocker": false, "runner": false, "CBAssignmentPlayerID": null, "CBAssignmentPlayerIndex": null, "CBAssignmentPlayerPosition": null, "zoneYardX": null, "zoneYardY": null, "zoneHeight": null, "zoneWidth": null, "gapYardX": null, "gapYardY": null, "blockingAssignmentPlayerIndex": null, "blockingAssignmentUnitIndex": null, "blockingAssignmentObject": null, "runAssignment": ""}}, {"model": "quiz.position", "pk": 57, "fields": {"startX": 42.6843014705882, "startY": 71.2352941176471, "name": "X", "formation": null, "routeCoordinates": "[[42.6843014705882, 71.2352941176471], [42.524068029067095, 74.72549079446232], [27.22995038200827, 78.01960844152114]]", "runCoordinates": null, "progressionRank": 1, "playerIndex": null, "routeNum": null, "blocker": false, "runner": false, "CBAssignmentPlayerID": null, "CBAssignmentPlayerIndex": null, "CBAssignmentPlayerPosition": null, "zoneYardX": null, "zoneYardY": null, "zoneHeight": null, "zoneWidth": null, "gapYardX": null, "gapYardY": null, "blockingAssignmentPlayerIndex": null, "blockingAssignmentUnitIndex": null, "blockingAssignmentObject": null, "runAssignment": ""}}, {"model": "quiz.position", "pk": 58, "fields": {"startX": 19.3901838235294, "startY": 72.9411764705882, "name": "A", "formation": null, "routeCoordinates": "[[19.3901838235294, 72.9411764705882], [4.877009205537683, 76.84313785328584]]", "runCoordinates": null, "progressionRank": 3, "playerIndex": null, "routeNum": null, "blocker": false, "runner": false, "CBAssignmentPlayerID": null, "CBAssignmentPlayerIndex": null, "CBAssignmentPlayerPosition": null, "zoneYardX": null, "zoneYardY": null, "zoneHeight": null, "zoneWidth": null, "gapYardX": null, "gapYardY": null, "blockingAssignmentPlayerIndex": null, "blockingAssignmentUnitIndex": null, "blockingAssignmentObject": null, "runAssignment": ""}}, {"model": "quiz.position", "pk": 59, "fields": {"startX": 33.9784191176471, "startY": 72.9411764705882, "name": "A", "formation": null, "routeCoordinates": "[[33.9784191176471, 72.9411764705882], [48.28877391142004, 74.78431432387409]]", "runCoordinates": null, "progressionRank": 4, "playerIndex": null, "routeNum": null, "blocker": false, "runner": false, "CBAssignmentPlayerID": null, "CBAssignmentPlayerIndex": null, "CBAssignmentPlayerPosition": null, "zoneYardX": null, "zoneYardY": null, "zoneHeight": null, "zoneWidth": null, "gapYardX": null, "gapYardY": null, "blockingAssignmentPlayerIndex": null, "blockingAssignmentUnitIndex": null, "blockingAssignmentObject": null, "runAssignment": ""}}, {"model": "quiz.position", "pk": 60, "fields": {"startX": 26.6254779411765, "startY": 66.1176470588235, "name": "H", "formation": null, "routeCoordinates": "[[26.6254779411765, 66.1176470588235]]", "runCoordinates": null, "progressionRank": 0, "playerIndex": null, "routeNum": null, "blocker": false, "runner": false, "CBAssignmentPlayerID": null, "CBAssignmentPlayerIndex": null, "CBAssignmentPlayerPosition": null, "zoneYardX": null, "zoneYardY": null, "zoneHeight": null, "zoneWidth": null, "gapYardX": null, "gapYardY": null, "blockingAssignmentPlayerIndex": null, "blockingAssignmentUnitIndex": null, "blockingAssignmentObject": null, "runAssignment": ""}}, {"model": "quiz.position", "pk": 61, "fields": {"startX": 26.665, "startY": 70.0, "name": "QB", "formation": null, "routeCoordinates": "[[26.665, 70]]", "runCoordinates": null, "progressionRank": 0, "playerIndex": null, "routeNum": null, "blocker": false, "runner": false, "CBAssignmentPlayerID": null, "CBAssignmentPlayerIndex": null, "CBAssignmentPlayerPosition": null, "zoneYardX": null, "zoneYardY": null, "zoneHeight": null, "zoneWidth": null, "gapYardX": null, "gapYardY": null, "blockingAssignmentPlayerIndex": null, "blockingAssignmentUnitIndex": null, "blockingAssignmentObject": null, "runAssignment": ""}}, {"model": "quiz.position", "pk": 62, "fields": {"startX": 31.665, "startY": 73.0, "name": "RT", "formation": null, "routeCoordinates": "[[31.665, 73]]", "runCoordinates": null, "progressionRank": 0, "playerIndex": null, "routeNum": null, "blocker": false, "runner": false, "CBAssignmentPlayerID": null, "CBAssignmentPlayerIndex": null, "CBAssignmentPlayerPosition": null, "zoneYardX": null, "zoneYardY": null, "zoneHeight": null, "zoneWidth": null, "gapYardX": null, "gapYardY": null, "blockingAssignmentPlayerIndex": null, "blockingAssignmentUnitIndex": null, "blockingAssignmentObject": null, "runAssignment": ""}}, {"model": "quiz.position", "pk": 63, "fields": {"startX": 29.165, "startY": 73.0, "name": "RG", "formation": null, "routeCoordinates": "[[29.165, 73]]", "runCoordinates": null, "progressionRank": 0, "playerIndex": null, "routeNum": null, "blocker": false, "runner": false, "CBAssignmentPlayerID": null, "CBAssignmentPlayerIndex": null, "CBAssignmentPlayerPosition": null, "zoneYardX": null, "zoneYardY": null, "zoneHeight": null, "zoneWidth": null, "gapYardX": null, "gapYardY": null, "blockingAssignmentPlayerIndex": null, "blockingAssignmentUnitIndex": null, "blockingAssignmentObject": null, "runAssignment": ""}}, {"model": "quiz.position", "pk": 64, "fields": {"startX": 26.665, "startY": 73.5, "name": "C", "formation": null, "routeCoordinates": "[[26.665, 73.5]]", "runCoordinates": null, "progressionRank": 0, "playerIndex": null, "routeNum": null, "blocker": false, "runner": false, "CBAssignmentPlayerID": null, "CBAssignmentPlayerIndex": null, "CBAssignmentPlayerPosition": null, "zoneYardX": null, "zoneYardY": null, "zoneHeight": null, "zoneWidth": null, "gapYardX": null, "gapYardY": null, "blockingAssignmentPlayerIndex": null, "blockingAssignmentUnitIndex": null, "blockingAssignmentObject": null, "runAssignment": ""}}, {"model": "quiz.position", "pk": 65, "fields": {"startX": 24.165, "startY": 73.0, "name": "LG", "formation": null, "routeCoordinates": "[[24.165, 73]]", "runCoordinates": null, "progressionRank": 0, "playerIndex": null, "routeNum": null, "blocker": false, "runner": false, "CBAssignmentPlayerID": null, "CBAssignmentPlayerIndex": null, "CBAssignmentPlayerPosition": null, "zoneYardX": null, "zoneYardY": null, "zoneHeight": null, "zoneWidth": null, "gapYardX": null, "gapYardY": null, "blockingAssignmentPlayerIndex": null, "blockingAssignmentUnitIndex": null, "blockingAssignmentObject": null, "runAssignment": ""}}, {"model": "quiz.position", "pk": 66, "fields": {"startX": 21.665, "startY": 73.0, "name": "LT", "formation": null, "routeCoordinates": "[[21.665, 73]]", "runCoordinates": null, "progressionRank": 0, "playerIndex": null, "routeNum": null, "blocker": false, "runner": false, "CBAssignmentPlayerID": null, "CBAssignmentPlayerIndex": null, "CBAssignmentPlayerPosition": null, "zoneYardX": null, "zoneYardY": null, "zoneHeight": null, "zoneWidth": null, "gapYardX": null, "gapYardY": null, "blockingAssignmentPlayerIndex": null, "blockingAssignmentUnitIndex": null, "blockingAssignmentObject": null, "runAssignment": ""}}, {"model": "quiz.position", "pk": 67, "fields": {"startX": 14.4490073529412, "startY": 72.9411764705882, "name": "Z", "formation": null, "routeCoordinates": "[[14.4490073529412, 72.9411764705882], [19.05347979377298, 75.54902020622703], [19.11230332318474, 88.43137314740349]]", "runCoordinates": null, "progressionRank": 4, "playerIndex": null, "routeNum": null, "blocker": false, "runner": false, "CBAssignmentPlayerID": null, "CBAssignmentPlayerIndex": null, "CBAssignmentPlayerPosition": null, "zoneYardX": null, "zoneYardY": null, "zoneHeight": null, "zoneWidth": null, "gapYardX": null, "gapYardY": null, "blockingAssignmentPlayerIndex": null, "blockingAssignmentUnitIndex": null, "blockingAssignmentObject": null, "runAssignment": ""}}, {"model": "quiz.position", "pk": 68, "fields": {"startX": 10.8607720588235, "startY": 70.9411764705882, "name": "X", "formation": null, "routeCoordinates": "[[10.8607720588235, 70.9411764705882], [7.347597440831801, 72.72549079446232], [7.053479793772977, 88.13725550034466]]", "runCoordinates": null, "progressionRank": 2, "playerIndex": null, "routeNum": null, "blocker": false, "runner": false, "CBAssignmentPlayerID": null, "CBAssignmentPlayerIndex": null, "CBAssignmentPlayerPosition": null, "zoneYardX": null, "zoneYardY": null, "zoneHeight": null, "zoneWidth": null, "gapYardX": null, "gapYardY": null, "blockingAssignmentPlayerIndex": null, "blockingAssignmentUnitIndex": null, "blockingAssignmentObject": null, "runAssignment": ""}}, {"model": "quiz.position", "pk": 69, "fields": {"startX": 42.2725367647059, "startY": 71.0588235294118, "name": "Y", "formation": null, "routeCoordinates": "[[42.2725367647059, 71.0588235294118], [46.11230332318474, 73.78431432387409], [46.11230332318474, 88.49019667681526]]", "runCoordinates": null, "progressionRank": 3, "playerIndex": null, "routeNum": null, "blocker": false, "runner": false, "CBAssignmentPlayerID": null, "CBAssignmentPlayerIndex": null, "CBAssignmentPlayerPosition": null, "zoneYardX": null, "zoneYardY": null, "zoneHeight": null, "zoneWidth": null, "gapYardX": null, "gapYardY": null, "blockingAssignmentPlayerIndex": null, "blockingAssignmentUnitIndex": null, "blockingAssignmentObject": null, "runAssignment": ""}}, {"model": "quiz.position", "pk": 70, "fields": {"startX": 34.0372426470588, "startY": 72.9411764705882, "name": "A", "formation": null, "routeCoordinates": "[[34.0372426470588, 72.9411764705882], [34.05347979377298, 88.66666726505055]]", "runCoordinates": null, "progressionRank": 1, "playerIndex": null, "routeNum": null, "blocker": false, "runner": false, "CBAssignmentPlayerID": null, "CBAssignmentPlayerIndex": null, "CBAssignmentPlayerPosition": null, "zoneYardX": null, "zoneYardY": null, "zoneHeight": null, "zoneWidth": null, "gapYardX": null, "gapYardY": null, "blockingAssignmentPlayerIndex": null, "blockingAssignmentUnitIndex": null, "blockingAssignmentObject": null, "runAssignment": ""}}, {"model": "quiz.position", "pk": 71, "fields": {"startX": 29.4490073529412, "startY": 67.7058823529412, "name": "H", "formation": null, "routeCoordinates": "[[29.4490073529412, 67.7058823529412], [29.11230332318474, 78.60784373563878], [27.05347979377298, 77.66666726505055]]", "runCoordinates": null, "progressionRank": 5, "playerIndex": null, "routeNum": null, "blocker": false, "runner": false, "CBAssignmentPlayerID": null, "CBAssignmentPlayerIndex": null, "CBAssignmentPlayerPosition": null, "zoneYardX": null, "zoneYardY": null, "zoneHeight": null, "zoneWidth": null, "gapYardX": null, "gapYardY": null, "blockingAssignmentPlayerIndex": null, "blockingAssignmentUnitIndex": null, "blockingAssignmentObject": null, "runAssignment": ""}}, {"model": "quiz.position", "pk": 72, "fields": {"startX": 26.6843014705882, "startY": 67.2941176470588, "name": "QB", "formation": null, "routeCoordinates": "[[26.6843014705882, 67.2941176470588]]", "runCoordinates": null, "progressionRank": 0, "playerIndex": null, "routeNum": null, "blocker": false, "runner": false, "CBAssignmentPlayerID": null, "CBAssignmentPlayerIndex": null, "CBAssignmentPlayerPosition": null, "zoneYardX": null, "zoneYardY": null, "zoneHeight": null, "zoneWidth": null, "gapYardX": null, "gapYardY": null, "blockingAssignmentPlayerIndex": null, "blockingAssignmentUnitIndex": null, "blockingAssignmentObject": null, "runAssignment": ""}}, {"model": "quiz.position", "pk": 73, "fields": {"startX": 31.6254779411765, "startY": 73.0, "name": "RT", "formation": null, "routeCoordinates": "[[31.6254779411765, 73]]", "runCoordinates": null, "progressionRank": 0, "playerIndex": null, "routeNum": null, "blocker": false, "runner": false, "CBAssignmentPlayerID": null, "CBAssignmentPlayerIndex": null, "CBAssignmentPlayerPosition": null, "zoneYardX": null, "zoneYardY": null, "zoneHeight": null, "zoneWidth": null, "gapYardX": null, "gapYardY": null, "blockingAssignmentPlayerIndex": null, "blockingAssignmentUnitIndex": null, "blockingAssignmentObject": null, "runAssignment": ""}}, {"model": "quiz.position", "pk": 74, "fields": {"startX": 29.1254779411765, "startY": 73.0, "name": "RG", "formation": null, "routeCoordinates": "[[29.1254779411765, 73]]", "runCoordinates": null, "progressionRank": 0, "playerIndex": null, "routeNum": null, "blocker": false, "runner": false, "CBAssignmentPlayerID": null, "CBAssignmentPlayerIndex": null, "CBAssignmentPlayerPosition": null, "zoneYardX": null, "zoneYardY": null, "zoneHeight": null, "zoneWidth": null, "gapYardX": null, "gapYardY": null, "blockingAssignmentPlayerIndex": null, "blockingAssignmentUnitIndex": null, "blockingAssignmentObject": null, "runAssignment": ""}}, {"model": "quiz.position", "pk": 75, "fields": {"startX": 26.6254779411765, "startY": 73.5, "name": "C", "formation": null, "routeCoordinates": "[[26.6254779411765, 73.5]]", "runCoordinates": null, "progressionRank": 0, "playerIndex": null, "routeNum": null, "blocker": false, "runner": false, "CBAssignmentPlayerID": null, "CBAssignmentPlayerIndex": null, "CBAssignmentPlayerPosition": null, "zoneYardX": null, "zoneYardY": null, "zoneHeight": null, "zoneWidth": null, "gapYardX": null, "gapYardY": null, "blockingAssignmentPlayerIndex": null, "blockingAssignmentUnitIndex": null, "blockingAssignmentObject": null, "runAssignment": ""}}, {"model": "quiz.position", "pk": 76, "fields": {"startX": 24.1254779411765, "startY": 73.0, "name": "LG", "formation": null, "routeCoordinates": "[[24.1254779411765, 73]]", "runCoordinates": null, "progressionRank": 0, "playerIndex": null, "routeNum": null, "blocker": false, "runner": false, "CBAssignmentPlayerID": null, "CBAssignmentPlayerIndex": null, "CBAssignmentPlayerPosition": null, "zoneYardX": null, "zoneYardY": null, "zoneHeight": null, "zoneWidth": null, "gapYardX": null, "gapYardY": null, "blockingAssignmentPlayerIndex": null, "blockingAssignmentUnitIndex": null, "blockingAssignmentObject": null, "runAssignment": ""}}, {"model": "quiz.position", "pk": 77, "fields": {"startX": 21.6254779411765, "startY": 73.0, "name": "LT", "formation": null, "routeCoordinates": "[[21.6254779411765, 73]]", "runCoordinates": null, "progressionRank": 0, "playerIndex": null, "routeNum": null, "blocker": false, "runner": false, "CBAssignmentPlayerID": null, "CBAssignmentPlayerIndex": null, "CBAssignmentPlayerPosition": null, "zoneYardX": null, "zoneYardY": null, "zoneHeight": null, "zoneWidth": null, "gapYardX": null, "gapYardY": null, "blockingAssignmentPlayerIndex": null, "blockingAssignmentUnitIndex": null, "blockingAssignmentObject": null, "runAssignment": ""}}, {"model": "quiz.position", "pk": 78, "fields": {"startX": 14.4490073529412, "startY": 72.9411764705882, "name": "Z", "formation": null, "routeCoordinates": "[[14.4490073529412, 72.9411764705882], [4.641715087890624, 75.78431432387409]]", "runCoordinates": null, "progressionRank": 3, "playerIndex": null, "routeNum": null, "blocker": false, "runner": false, "CBAssignmentPlayerID": null, "CBAssignmentPlayerIndex": null, "CBAssignmentPlayerPosition": null, "zoneYardX": null, "zoneYardY": null, "zoneHeight": null, "zoneWidth": null, "gapYardX": null, "gapYardY": null, "blockingAssignmentPlayerIndex": null, "blockingAssignmentUnitIndex": null, "blockingAssignmentObject": null, "runAssignment": null}}, {"model": "quiz.position", "pk": 79, "fields": {"startX": 10.8607720588235, "startY": 70.9411764705882, "name": "X", "formation": null, "routeCoordinates": "[[10.8607720588235, 70.9411764705882], [10.759362146714153, 76.43137314740349], [26.11230332318474, 81.78431432387409]]", "runCoordinates": null, "progressionRank": 2, "playerIndex": null, "routeNum": null, "blocker": false, "runner": false, "CBAssignmentPlayerID": null, "CBAssignmentPlayerIndex": null, "CBAssignmentPlayerPosition": null, "zoneYardX": null, "zoneYardY": null, "zoneHeight": null, "zoneWidth": null, "gapYardX": null, "gapYardY": null, "blockingAssignmentPlayerIndex": null, "blockingAssignmentUnitIndex": null, "blockingAssignmentObject": null, "runAssignment": null}}, {"model": "quiz.position", "pk": 80, "fields": {"startX": 42.2725367647059, "startY": 71.0588235294118, "name": "Y", "formation": null, "routeCoordinates": "[[42.2725367647059, 71.0588235294118], [42.17112685259651, 74.84313785328584], [27.58289155847886, 79.49019667681526]]", "runCoordinates": null, "progressionRank": 1, "playerIndex": null, "routeNum": null, "blocker": false, "runner": false, "CBAssignmentPlayerID": null, "CBAssignmentPlayerIndex": null, "CBAssignmentPlayerPosition": null, "zoneYardX": null, "zoneYardY": null, "zoneHeight": null, "zoneWidth": null, "gapYardX": null, "gapYardY": null, "blockingAssignmentPlayerIndex": null, "blockingAssignmentUnitIndex": null, "blockingAssignmentObject": null, "runAssignment": null}}, {"model": "quiz.position", "pk": 81, "fields": {"startX": 34.0372426470588, "startY": 72.9411764705882, "name": "A", "formation": null, "routeCoordinates": "[[34.0372426470588, 72.9411764705882], [49.81818567612592, 75.96078491210938]]", "runCoordinates": null, "progressionRank": 4, "playerIndex": null, "routeNum": null, "blocker": false, "runner": false, "CBAssignmentPlayerID": null, "CBAssignmentPlayerIndex": null, "CBAssignmentPlayerPosition": null, "zoneYardX": null, "zoneYardY": null, "zoneHeight": null, "zoneWidth": null, "gapYardX": null, "gapYardY": null, "blockingAssignmentPlayerIndex": null, "blockingAssignmentUnitIndex": null, "blockingAssignmentObject": null, "runAssignment": null}}, {"model": "quiz.position", "pk": 82, "fields": {"startX": 29.4490073529412, "startY": 67.7058823529412, "name": "H", "formation": null, "routeCoordinates": "[[29.4490073529412, 67.7058823529412]]", "runCoordinates": null, "progressionRank": 0, "playerIndex": null, "routeNum": null, "blocker": false, "runner": false, "CBAssignmentPlayerID": null, "CBAssignmentPlayerIndex": null, "CBAssignmentPlayerPosition": null, "zoneYardX": null, "zoneYardY": null, "zoneHeight": null, "zoneWidth": null, "gapYardX": null, "gapYardY": null, "blockingAssignmentPlayerIndex": null, "blockingAssignmentUnitIndex": null, "blockingAssignmentObject": null, "runAssignment": null}}, {"model": "quiz.position", "pk": 83, "fields": {"startX": 26.6843014705882, "startY": 67.2941176470588, "name": "QB", "formation": null, "routeCoordinates": "[[26.6843014705882, 67.2941176470588]]", "runCoordinates": null, "progressionRank": 0, "playerIndex": null, "routeNum": null, "blocker": false, "runner": false, "CBAssignmentPlayerID": null, "CBAssignmentPlayerIndex": null, "CBAssignmentPlayerPosition": null, "zoneYardX": null, "zoneYardY": null, "zoneHeight": null, "zoneWidth": null, "gapYardX": null, "gapYardY": null, "blockingAssignmentPlayerIndex": null, "blockingAssignmentUnitIndex": null, "blockingAssignmentObject": null, "runAssignment": null}}, {"model": "quiz.position", "pk": 84, "fields": {"startX": 31.6254779411765, "startY": 73.0, "name": "RT", "formation": null, "routeCoordinates": "[[31.6254779411765, 73]]", "runCoordinates": null, "progressionRank": 0, "playerIndex": null, "routeNum": null, "blocker": false, "runner": false, "CBAssignmentPlayerID": null, "CBAssignmentPlayerIndex": null, "CBAssignmentPlayerPosition": null, "zoneYardX": null, "zoneYardY": null, "zoneHeight": null, "zoneWidth": null, "gapYardX": null, "gapYardY": null, "blockingAssignmentPlayerIndex": null, "blockingAssignmentUnitIndex": null, "blockingAssignmentObject": null, "runAssignment": null}}, {"model": "quiz.position", "pk": 85, "fields": {"startX": 29.1254779411765, "startY": 73.0, "name": "RG", "formation": null, "routeCoordinates": "[[29.1254779411765, 73]]", "runCoordinates": null, "progressionRank": 0, "playerIndex": null, "routeNum": null, "blocker": false, "runner": false, "CBAssignmentPlayerID": null, "CBAssignmentPlayerIndex": null, "CBAssignmentPlayerPosition": null, "zoneYardX": null, "zoneYardY": null, "zoneHeight": null, "zoneWidth": null, "gapYardX": null, "gapYardY": null, "blockingAssignmentPlayerIndex": null, "blockingAssignmentUnitIndex": null, "blockingAssignmentObject": null, "runAssignment": null}}, {"model": "quiz.position", "pk": 86, "fields": {"startX": 26.6254779411765, "startY": 73.5, "name": "C", "formation": null, "routeCoordinates": "[[26.6254779411765, 73.5]]", "runCoordinates": null, "progressionRank": 0, "playerIndex": null, "routeNum": null, "blocker": false, "runner": false, "CBAssignmentPlayerID": null, "CBAssignmentPlayerIndex": null, "CBAssignmentPlayerPosition": null, "zoneYardX": null, "zoneYardY": null, "zoneHeight": null, "zoneWidth": null, "gapYardX": null, "gapYardY": null, "blockingAssignmentPlayerIndex": null, "blockingAssignmentUnitIndex": null, "blockingAssignmentObject": null, "runAssignment": null}}, {"model": "quiz.position", "pk": 87, "fields": {"startX": 24.1254779411765, "startY": 73.0, "name": "LG", "formation": null, "routeCoordinates": "[[24.1254779411765, 73]]", "runCoordinates": null, "progressionRank": 0, "playerIndex": null, "routeNum": null, "blocker": false, "runner": false, "CBAssignmentPlayerID": null, "CBAssignmentPlayerIndex": null, "CBAssignmentPlayerPosition": null, "zoneYardX": null, "zoneYardY": null, "zoneHeight": null, "zoneWidth": null, "gapYardX": null, "gapYardY": null, "blockingAssignmentPlayerIndex": null, "blockingAssignmentUnitIndex": null, "blockingAssignmentObject": null, "runAssignment": null}}, {"model": "quiz.position", "pk": 88, "fields": {"startX": 21.6254779411765, "startY": 73.0, "name": "LT", "formation": null, "routeCoordinates": "[[21.6254779411765, 73]]", "runCoordinates": null, "progressionRank": 0, "playerIndex": null, "routeNum": null, "blocker": false, "runner": false, "CBAssignmentPlayerID": null, "CBAssignmentPlayerIndex": null, "CBAssignmentPlayerPosition": null, "zoneYardX": null, "zoneYardY": null, "zoneHeight": null, "zoneWidth": null, "gapYardX": null, "gapYardY": null, "blockingAssignmentPlayerIndex": null, "blockingAssignmentUnitIndex": null, "blockingAssignmentObject": null, "runAssignment": null}}, {"model": "quiz.position", "pk": 89, "fields": {"startX": 14.4490073529412, "startY": 72.9411764705882, "name": "Z", "formation": null, "routeCoordinates": "[[14.4490073529412, 72.9411764705882], [23.524068029067095, 76.13725550034466], [37.700538617302385, 76.13725550034466]]", "runCoordinates": null, "progressionRank": 0, "playerIndex": null, "routeNum": null, "blocker": false, "runner": false, "CBAssignmentPlayerID": null, "CBAssignmentPlayerIndex": null, "CBAssignmentPlayerPosition": null, "zoneYardX": null, "zoneYardY": null, "zoneHeight": null, "zoneWidth": null, "gapYardX": null, "gapYardY": null, "blockingAssignmentPlayerIndex": null, "blockingAssignmentUnitIndex": null, "blockingAssignmentObject": null, "runAssignment": null}}, {"model": "quiz.position", "pk": 90, "fields": {"startX": 10.8607720588235, "startY": 70.9411764705882, "name": "X", "formation": null, "routeCoordinates": "[[10.8607720588235, 70.9411764705882], [21.11230332318474, 79.31372608857997], [38.406420970243566, 80.72549079446232]]", "runCoordinates": null, "progressionRank": 0, "playerIndex": null, "routeNum": null, "blocker": false, "runner": false, "CBAssignmentPlayerID": null, "CBAssignmentPlayerIndex": null, "CBAssignmentPlayerPosition": null, "zoneYardX": null, "zoneYardY": null, "zoneHeight": null, "zoneWidth": null, "gapYardX": null, "gapYardY": null, "blockingAssignmentPlayerIndex": null, "blockingAssignmentUnitIndex": null, "blockingAssignmentObject": null, "runAssignment": null}}, {"model": "quiz.position", "pk": 91, "fields": {"startX": 42.2725367647059, "startY": 71.0588235294118, "name": "Y", "formation": null, "routeCoordinates": "[[42.2725367647059, 71.0588235294118], [49.582891558478856, 74.60784373563878], [49.582891558478856, 88.2549025591682]]", "runCoordinates": null, "progressionRank": 0, "playerIndex": null, "routeNum": null, "blocker": false, "runner": false, "CBAssignmentPlayerID": null, "CBAssignmentPlayerIndex": null, "CBAssignmentPlayerPosition": null, "zoneYardX": null, "zoneYardY": null, "zoneHeight": null, "zoneWidth": null, "gapYardX": null, "gapYardY": null, "blockingAssignmentPlayerIndex": null, "blockingAssignmentUnitIndex": null, "blockingAssignmentObject": null, "runAssignment": null}}, {"model": "quiz.position", "pk": 92, "fields": {"startX": 34.0372426470588, "startY": 72.9411764705882, "name": "A", "formation": null, "routeCoordinates": "[[34.0372426470588, 72.9411764705882], [41.93583273494944, 74.96078491210938], [41.87700920553768, 88.37254961799172]]", "runCoordinates": null, "progressionRank": 0, "playerIndex": null, "routeNum": null, "blocker": false, "runner": false, "CBAssignmentPlayerID": null, "CBAssignmentPlayerIndex": null, "CBAssignmentPlayerPosition": null, "zoneYardX": null, "zoneYardY": null, "zoneHeight": null, "zoneWidth": null, "gapYardX": null, "gapYardY": null, "blockingAssignmentPlayerIndex": null, "blockingAssignmentUnitIndex": null, "blockingAssignmentObject": null, "runAssignment": null}}, {"model": "quiz.position", "pk": 93, "fields": {"startX": 29.4490073529412, "startY": 67.7058823529412, "name": "H", "formation": null, "routeCoordinates": "[[29.4490073529412, 67.7058823529412], [26.877009205537682, 71.66666726505055], [12.877009205537682, 71.78431432387409]]", "runCoordinates": null, "progressionRank": 1, "playerIndex": null, "routeNum": null, "blocker": false, "runner": false, "CBAssignmentPlayerID": null, "CBAssignmentPlayerIndex": null, "CBAssignmentPlayerPosition": null, "zoneYardX": null, "zoneYardY": null, "zoneHeight": null, "zoneWidth": null, "gapYardX": null, "gapYardY": null, "blockingAssignmentPlayerIndex": null, "blockingAssignmentUnitIndex": null, "blockingAssignmentObject": null, "runAssignment": null}}, {"model": "quiz.position", "pk": 94, "fields": {"startX": 26.6843014705882, "startY": 67.2941176470588, "name": "QB", "formation": null, "routeCoordinates": "[[26.6843014705882, 67.2941176470588]]", "runCoordinates": null, "progressionRank": 0, "playerIndex": null, "routeNum": null, "blocker": false, "runner": false, "CBAssignmentPlayerID": null, "CBAssignmentPlayerIndex": null, "CBAssignmentPlayerPosition": null, "zoneYardX": null, "zoneYardY": null, "zoneHeight": null, "zoneWidth": null, "gapYardX": null, "gapYardY": null, "blockingAssignmentPlayerIndex": null, "blockingAssignmentUnitIndex": null, "blockingAssignmentObject": null, "runAssignment": null}}, {"model": "quiz.position", "pk": 95, "fields": {"startX": 31.6254779411765, "startY": 73.0, "name": "RT", "formation": null, "routeCoordinates": "[[31.6254779411765, 73]]", "runCoordinates": null, "progressionRank": 0, "playerIndex": null, "routeNum": null, "blocker": false, "runner": false, "CBAssignmentPlayerID": null, "CBAssignmentPlayerIndex": null, "CBAssignmentPlayerPosition": null, "zoneYardX": null, "zoneYardY": null, "zoneHeight": null, "zoneWidth": null, "gapYardX": null, "gapYardY": null, "blockingAssignmentPlayerIndex": null, "blockingAssignmentUnitIndex": null, "blockingAssignmentObject": null, "runAssignment": null}}, {"model": "quiz.position", "pk": 96, "fields": {"startX": 29.1254779411765, "startY": 73.0, "name": "RG", "formation": null, "routeCoordinates": "[[29.1254779411765, 73]]", "runCoordinates": null, "progressionRank": 0, "playerIndex": null, "routeNum": null, "blocker": false, "runner": false, "CBAssignmentPlayerID": null, "CBAssignmentPlayerIndex": null, "CBAssignmentPlayerPosition": null, "zoneYardX": null, "zoneYardY": null, "zoneHeight": null, "zoneWidth": null, "gapYardX": null, "gapYardY": null, "blockingAssignmentPlayerIndex": null, "blockingAssignmentUnitIndex": null, "blockingAssignmentObject": null, "runAssignment": null}}, {"model": "quiz.position", "pk": 97, "fields": {"startX": 26.6254779411765, "startY": 73.5, "name": "C", "formation": null, "routeCoordinates": "[[26.6254779411765, 73.5]]", "runCoordinates": null, "progressionRank": 0, "playerIndex": null, "routeNum": null, "blocker": false, "runner": false, "CBAssignmentPlayerID": null, "CBAssignmentPlayerIndex": null, "CBAssignmentPlayerPosition": null, "zoneYardX": null, "zoneYardY": null, "zoneHeight": null, "zoneWidth": null, "gapYardX": null, "gapYardY": null, "blockingAssignmentPlayerIndex": null, "blockingAssignmentUnitIndex": null, "blockingAssignmentObject": null, "runAssignment": null}}, {"model": "quiz.position", "pk": 98, "fields": {"startX": 24.1254779411765, "startY": 73.0, "name": "LG", "formation": null, "routeCoordinates": "[[24.1254779411765, 73]]", "runCoordinates": null, "progressionRank": 0, "playerIndex": null, "routeNum": null, "blocker": false, "runner": false, "CBAssignmentPlayerID": null, "CBAssignmentPlayerIndex": null, "CBAssignmentPlayerPosition": null, "zoneYardX": null, "zoneYardY": null, "zoneHeight": null, "zoneWidth": null, "gapYardX": null, "gapYardY": null, "blockingAssignmentPlayerIndex": null, "blockingAssignmentUnitIndex": null, "blockingAssignmentObject": null, "runAssignment": null}}, {"model": "quiz.position", "pk": 99, "fields": {"startX": 21.6254779411765, "startY": 73.0, "name": "LT", "formation": null, "routeCoordinates": "[[21.6254779411765, 73]]", "runCoordinates": null, "progressionRank": 0, "playerIndex": null, "routeNum": null, "blocker": false, "runner": false, "CBAssignmentPlayerID": null, "CBAssignmentPlayerIndex": null, "CBAssignmentPlayerPosition": null, "zoneYardX": null, "zoneYardY": null, "zoneHeight": null, "zoneWidth": null, "gapYardX": null, "gapYardY": null, "blockingAssignmentPlayerIndex": null, "blockingAssignmentUnitIndex": null, "blockingAssignmentObject": null, "runAssignment": null}}, {"model": "quiz.position", "pk": 100, "fields": {"startX": 11.1548897058824, "startY": 70.9411764705882, "name": "Y", "formation": null, "routeCoordinates": "[[11.1548897058824, 70.9411764705882], [11.053479793772977, 81.31372608857997], [12.759362146714153, 79.2549025591682]]", "runCoordinates": null, "progressionRank": 3, "playerIndex": null, "routeNum": null, "blocker": false, "runner": false, "CBAssignmentPlayerID": null, "CBAssignmentPlayerIndex": null, "CBAssignmentPlayerPosition": null, "zoneYardX": null, "zoneYardY": null, "zoneHeight": null, "zoneWidth": null, "gapYardX": null, "gapYardY": null, "blockingAssignmentPlayerIndex": null, "blockingAssignmentUnitIndex": null, "blockingAssignmentObject": null, "runAssignment": null}}, {"model": "quiz.position", "pk": 101, "fields": {"startX": 42.6843014705882, "startY": 71.2352941176471, "name": "X", "formation": null, "routeCoordinates": "[[42.6843014705882, 71.2352941176471], [42.75936214671415, 81.66666726505055], [41.347597440831805, 79.66666726505055]]", "runCoordinates": null, "progressionRank": 4, "playerIndex": null, "routeNum": null, "blocker": false, "runner": false, "CBAssignmentPlayerID": null, "CBAssignmentPlayerIndex": null, "CBAssignmentPlayerPosition": null, "zoneYardX": null, "zoneYardY": null, "zoneHeight": null, "zoneWidth": null, "gapYardX": null, "gapYardY": null, "blockingAssignmentPlayerIndex": null, "blockingAssignmentUnitIndex": null, "blockingAssignmentObject": null, "runAssignment": null}}, {"model": "quiz.position", "pk": 102, "fields": {"startX": 19.3901838235294, "startY": 72.9411764705882, "name": "A", "formation": null, "routeCoordinates": "[[19.3901838235294, 72.9411764705882], [19.3475974408318, 79.31372608857997], [2.994656264361213, 87.9019613826976]]", "runCoordinates": null, "progressionRank": 2, "playerIndex": null, "routeNum": null, "blocker": false, "runner": false, "CBAssignmentPlayerID": null, "CBAssignmentPlayerIndex": null, "CBAssignmentPlayerPosition": null, "zoneYardX": null, "zoneYardY": null, "zoneHeight": null, "zoneWidth": null, "gapYardX": null, "gapYardY": null, "blockingAssignmentPlayerIndex": null, "blockingAssignmentUnitIndex": null, "blockingAssignmentObject": null, "runAssignment": null}}, {"model": "quiz.position", "pk": 103, "fields": {"startX": 33.9784191176471, "startY": 72.9411764705882, "name": "A", "formation": null, "routeCoordinates": "[[33.9784191176471, 72.9411764705882], [33.93583273494944, 79.54902020622703], [46.99465626436121, 87.78431432387409]]", "runCoordinates": null, "progressionRank": 1, "playerIndex": null, "routeNum": null, "blocker": false, "runner": false, "CBAssignmentPlayerID": null, "CBAssignmentPlayerIndex": null, "CBAssignmentPlayerPosition": null, "zoneYardX": null, "zoneYardY": null, "zoneHeight": null, "zoneWidth": null, "gapYardX": null, "gapYardY": null, "blockingAssignmentPlayerIndex": null, "blockingAssignmentUnitIndex": null, "blockingAssignmentObject": null, "runAssignment": null}}, {"model": "quiz.position", "pk": 104, "fields": {"startX": 26.6254779411765, "startY": 66.1176470588235, "name": "H", "formation": null, "routeCoordinates": "[[26.6254779411765, 66.1176470588235], [33.347597440831805, 66.01960844152114], [46.582891558478856, 68.19607902975643], [48.87700920553768, 72.72549079446232]]", "runCoordinates": null, "progressionRank": 5, "playerIndex": null, "routeNum": null, "blocker": false, "runner": false, "CBAssignmentPlayerID": null, "CBAssignmentPlayerIndex": null, "CBAssignmentPlayerPosition": null, "zoneYardX": null, "zoneYardY": null, "zoneHeight": null, "zoneWidth": null, "gapYardX": null, "gapYardY": null, "blockingAssignmentPlayerIndex": null, "blockingAssignmentUnitIndex": null, "blockingAssignmentObject": null, "runAssignment": null}}, {"model": "quiz.position", "pk": 105, "fields": {"startX": 26.665, "startY": 70.0, "name": "QB", "formation": null, "routeCoordinates": "[[26.665, 70]]", "runCoordinates": null, "progressionRank": 0, "playerIndex": null, "routeNum": null, "blocker": false, "runner": false, "CBAssignmentPlayerID": null, "CBAssignmentPlayerIndex": null, "CBAssignmentPlayerPosition": null, "zoneYardX": null, "zoneYardY": null, "zoneHeight": null, "zoneWidth": null, "gapYardX": null, "gapYardY": null, "blockingAssignmentPlayerIndex": null, "blockingAssignmentUnitIndex": null, "blockingAssignmentObject": null, "runAssignment": null}}, {"model": "quiz.position", "pk": 106, "fields": {"startX": 31.665, "startY": 73.0, "name": "RT", "formation": null, "routeCoordinates": "[[31.665, 73]]", "runCoordinates": null, "progressionRank": 0, "playerIndex": null, "routeNum": null, "blocker": false, "runner": false, "CBAssignmentPlayerID": null, "CBAssignmentPlayerIndex": null, "CBAssignmentPlayerPosition": null, "zoneYardX": null, "zoneYardY": null, "zoneHeight": null, "zoneWidth": null, "gapYardX": null, "gapYardY": null, "blockingAssignmentPlayerIndex": null, "blockingAssignmentUnitIndex": null, "blockingAssignmentObject": null, "runAssignment": null}}, {"model": "quiz.position", "pk": 107, "fields": {"startX": 29.165, "startY": 73.0, "name": "RG", "formation": null, "routeCoordinates": "[[29.165, 73]]", "runCoordinates": null, "progressionRank": 0, "playerIndex": null, "routeNum": null, "blocker": false, "runner": false, "CBAssignmentPlayerID": null, "CBAssignmentPlayerIndex": null, "CBAssignmentPlayerPosition": null, "zoneYardX": null, "zoneYardY": null, "zoneHeight": null, "zoneWidth": null, "gapYardX": null, "gapYardY": null, "blockingAssignmentPlayerIndex": null, "blockingAssignmentUnitIndex": null, "blockingAssignmentObject": null, "runAssignment": null}}, {"model": "quiz.position", "pk": 108, "fields": {"startX": 26.665, "startY": 73.5, "name": "C", "formation": null, "routeCoordinates": "[[26.665, 73.5]]", "runCoordinates": null, "progressionRank": 0, "playerIndex": null, "routeNum": null, "blocker": false, "runner": false, "CBAssignmentPlayerID": null, "CBAssignmentPlayerIndex": null, "CBAssignmentPlayerPosition": null, "zoneYardX": null, "zoneYardY": null, "zoneHeight": null, "zoneWidth": null, "gapYardX": null, "gapYardY": null, "blockingAssignmentPlayerIndex": null, "blockingAssignmentUnitIndex": null, "blockingAssignmentObject": null, "runAssignment": null}}, {"model": "quiz.position", "pk": 109, "fields": {"startX": 24.165, "startY": 73.0, "name": "LG", "formation": null, "routeCoordinates": "[[24.165, 73]]", "runCoordinates": null, "progressionRank": 0, "playerIndex": null, "routeNum": null, "blocker": false, "runner": false, "CBAssignmentPlayerID": null, "CBAssignmentPlayerIndex": null, "CBAssignmentPlayerPosition": null, "zoneYardX": null, "zoneYardY": null, "zoneHeight": null, "zoneWidth": null, "gapYardX": null, "gapYardY": null, "blockingAssignmentPlayerIndex": null, "blockingAssignmentUnitIndex": null, "blockingAssignmentObject": null, "runAssignment": null}}, {"model": "quiz.position", "pk": 110, "fields": {"startX": 21.665, "startY": 73.0, "name": "LT", "formation": null, "routeCoordinates": "[[21.665, 73]]", "runCoordinates": null, "progressionRank": 0, "playerIndex": null, "routeNum": null, "blocker": false, "runner": false, "CBAssignmentPlayerID": null, "CBAssignmentPlayerIndex": null, "CBAssignmentPlayerPosition": null, "zoneYardX": null, "zoneYardY": null, "zoneHeight": null, "zoneWidth": null, "gapYardX": null, "gapYardY": null, "blockingAssignmentPlayerIndex": null, "blockingAssignmentUnitIndex": null, "blockingAssignmentObject": null, "runAssignment": null}}, {"model": "quiz.play", "pk": 1, "fields": {"name": "Spider 2 Y Banana", "team": 1, "formation": 1, "defenseID": "0", "created_at": "2016-07-27T13:20:42.424Z", "updated_at": "2016-07-27T13:20:42.490Z", "players": [], "positions": [45, 46, 47, 48, 49, 50, 51, 52, 53, 54, 55], "tests": []}}, {"model": "quiz.play", "pk": 2, "fields": {"name": "Slants", "team": 1, "formation": 2, "defenseID": "0", "created_at": "2016-07-27T13:21:59.843Z", "updated_at": "2016-07-27T13:21:59.905Z", "players": [], "positions": [56, 57, 58, 59, 60, 61, 62, 63, 64, 65, 66], "tests": []}}, {"model": "quiz.play", "pk": 3, "fields": {"name": "Four Verticals", "team": 1, "formation": 3, "defenseID": "0", "created_at": "2016-07-27T13:23:43.040Z", "updated_at": "2016-07-27T13:23:43.100Z", "players": [], "positions": [67, 68, 69, 70, 71, 72, 73, 74, 75, 76, 77], "tests": []}}, {"model": "quiz.play", "pk": 4, "fields": {"name": "Slants", "team": 1, "formation": 3, "defenseID": "0", "created_at": "2016-07-27T13:24:37.613Z", "updated_at": "2016-07-27T13:24:37.672Z", "players": [], "positions": [78, 79, 80, 81, 82, 83, 84, 85, 86, 87, 88], "tests": []}}, {"model": "quiz.play", "pk": 5, "fields": {"name": "Halfback Screen", "team": 1, "formation": 3, "defenseID": "0", "created_at": "2016-07-27T13:25:55.209Z", "updated_at": "2016-07-27T13:25:55.270Z", "players": [], "positions": [89, 90, 91, 92, 93, 94, 95, 96, 97, 98, 99], "tests": []}}, {"model": "quiz.play", "pk": 6, "fields": {"name": "Corners", "team": 1, "formation": 2, "defenseID": "0", "created_at": "2016-07-27T13:27:43.572Z", "updated_at": "2016-07-27T13:27:43.632Z", "players": [], "positions": [100, 101, 102, 103, 104, 105, 106, 107, 108, 109, 110], "tests": []}}, {"model": "dashboard.coach", "pk": 1, "fields": {"user": 2, "title": null, "created_at": "2016-07-08T03:43:09.462Z", "updated_at": "2016-07-08T03:43:09.462Z", "team": 1}}, {"model": "dashboard.myuser", "pk": 1, "fields": {"user": 2, "is_a_player": false, "avatar_image": "profile/MikeBloomgren.jpg"}}, {"model": "dashboard.myuser", "pk": 2, "fields": {"user": 3, "is_a_player": true, "avatar_image": "profile/RyanBurns.jpg"}}, {"model": "dashboard.myuser", "pk": 3, "fields": {"user": 4, "is_a_player": true, "avatar_image": "profile/KellerChryst.JPG"}}, {"model": "dashboard.myuser", "pk": 4, "fields": {"user": 5, "is_a_player": true, "avatar_image": "profile/KJCostello.JPG"}}, {"model": "dashboard.myuser", "pk": 5, "fields": {"user": 6, "is_a_player": true, "avatar_image": "profile/TrentonIrwin.jpg"}}, {"model": "dashboard.myuser", "pk": 6, "fields": {"user": 7, "is_a_player": true, "avatar_image": "profile/MichaelRector.jpg"}}, {"model": "dashboard.myuser", "pk": 7, "fields": {"user": 8, "is_a_player": true, "avatar_image": "profile/JayTyler.jpg"}}, {"model": "dashboard.myuser", "pk": 8, "fields": {"user": 9, "is_a_player": true, "avatar_image": "profile/FrancisOwusu.jpg"}}, {"model": "dashboard.myuser", "pk": 9, "fields": {"user": 10, "is_a_player": true, "avatar_image": "profile/DonaldStewart.jpg"}}, {"model": "dashboard.myuser", "pk": 10, "fields": {"user": 11, "is_a_player": true, "avatar_image": "profile/TaijuanThomas.jpg"}}, {"model": "dashboard.myuser", "pk": 11, "fields": {"user": 12, "is_a_player": true, "avatar_image": "profile/PaxonSegina.jpg"}}, {"model": "dashboard.myuser", "pk": 12, "fields": {"user": 13, "is_a_player": true, "avatar_image": "profile/JJArcegaWhiteside.jpg"}}, {"model": "dashboard.myuser", "pk": 13, "fields": {"user": 14, "is_a_player": true, "avatar_image": "profile/IsaiahBrandtSims.jpg"}}, {"model": "dashboard.myuser", "pk": 14, "fields": {"user": 15, "is_a_player": true, "avatar_image": "profile/SidhartKrishnamurthi.jpg"}}, {"model": "dashboard.myuser", "pk": 15, "fields": {"user": 16, "is_a_player": true, "avatar_image": "profile/TreyvionFoster.jpg"}}, {"model": "dashboard.playergroup", "pk": 1, "fields": {"name": "Quarterbacks", "team": 1, "players": [4, 3, 1]}}, {"model": "dashboard.playergroup", "pk": 2, "fields": {"name": "All", "team": 1, "players": [15, 14, 13, 12, 11, 10, 9, 8, 7, 6, 5, 4, 3, 1]}}, {"model": "dashboard.playergroup", "pk": 3, "fields": {"name": "Wide Receivers", "team": 1, "players": [15, 14, 13, 12, 11, 10, 9, 8, 7, 6, 5]}}, {"model": "dashboard.playergroup", "pk": 4, "fields": {"name": "Freshmen", "team": 1, "players": [4, 11, 9]}}, {"model": "dashboard.playergroup", "pk": 5, "fields": {"name": "Sophomores", "team": 1, "players": [7, 14, 5, 12]}}, {"model": "dashboard.playergroup", "pk": 6, "fields": {"name": "Juniors", "team": 1, "players": [13, 3]}}, {"model": "dashboard.playergroup", "pk": 7, "fields": {"name": "Seniors", "team": 1, "players": [15, 6, 10, 1, 8]}}, {"model": "dashboard.concept", "pk": 1, "fields": {"name": "Quad", "team": 1, "unit": "offense", "conceptJson": "{\"name\":\"Quad\",\"team\":\"1\",\"unit\":\"offense\",\"offensivePlayers\":[{\"name\":\"\",\"unit\":\"offense\",\"pos\":\"Y\",\"num\":\"Y\",\"startX\":32.45231366057894,\"startY\":65.04850700720033,\"x\":32.45231366057894,\"y\":65.04850700720033,\"eligible\":true,\"red\":255,\"green\":0,\"blue\":0,\"siz\":2,\"blockingAssignmentArray\":[[{\"name\":\"\",\"unit\":\"defense\",\"pos\":\"M\",\"num\":\"M\",\"startX\":29.09410470535506,\"startY\":69.8246264101854,\"x\":29.09410470535506,\"y\":69.8246264101854,\"eligible\":false,\"red\":0,\"green\":0,\"blue\":0,\"siz\":2,\"blockingAssignmentArray\":[[],[]]}],[]]},{\"name\":\"\",\"unit\":\"offense\",\"pos\":\"X\",\"num\":\"X\",\"startX\":34.691119630728195,\"startY\":63.18283536540928,\"x\":34.691119630728195,\"y\":63.18283536540928,\"eligible\":true,\"red\":255,\"green\":0,\"blue\":0,\"siz\":2,\"blockingAssignmentArray\":[[{\"name\":\"\",\"unit\":\"defense\",\"pos\":\"S\",\"num\":\"S\",\"startX\":33.49708977998193,\"startY\":67.06343238033466,\"x\":33.49708977998193,\"y\":67.06343238033466,\"eligible\":false,\"red\":0,\"green\":0,\"blue\":0,\"siz\":2,\"blockingAssignmentArray\":[[],[]]}],[]]}],\"defensivePlayers\":[{\"name\":\"\",\"unit\":\"defense\",\"pos\":\"S\",\"num\":\"S\",\"startX\":33.49708977998193,\"startY\":67.06343238033466,\"x\":33.49708977998193,\"y\":67.06343238033466,\"eligible\":false,\"red\":0,\"green\":0,\"blue\":0,\"siz\":2,\"blockingAssignmentArray\":[[],[]]},{\"name\":\"\",\"unit\":\"defense\",\"pos\":\"M\",\"num\":\"M\",\"startX\":29.09410470535506,\"startY\":69.8246264101854,\"x\":29.09410470535506,\"y\":69.8246264101854,\"eligible\":false,\"red\":0,\"green\":0,\"blue\":0,\"siz\":2,\"blockingAssignmentArray\":[[],[]]}],\"quarterback\":null,\"offensiveLinemen\":[],\"eligibleReceivers\":[]}", "offensivePlayers": [], "defensivePlayers": []}}, {"model": "dashboard.concept", "pk": 2, "fields": {"name": "Combo", "team": 1, "unit": "offense", "conceptJson": "{\"name\":\"Combo\",\"team\":\"1\",\"unit\":\"offense\",\"offensivePlayers\":[{\"name\":\"\",\"unit\":\"offense\",\"pos\":\"F\",\"num\":\"F\",\"startX\":34.98962709341476,\"startY\":63.033581634065996,\"x\":34.98962709341476,\"y\":63.033581634065996,\"eligible\":true,\"red\":255,\"green\":0,\"blue\":0,\"siz\":2,\"blockingAssignmentArray\":[[{\"name\":\"\",\"unit\":\"defense\",\"pos\":\"S\",\"num\":\"S\",\"startX\":34.1687315710267,\"startY\":66.39179058928988,\"x\":34.1687315710267,\"y\":66.39179058928988,\"eligible\":false,\"red\":0,\"green\":0,\"blue\":0,\"siz\":2,\"blockingAssignmentArray\":[[],[]]},{\"name\":\"\",\"unit\":\"defense\",\"pos\":\"SS\",\"num\":\"SS\",\"startX\":36.407537541175955,\"startY\":69.97388014152868,\"x\":36.407537541175955,\"y\":69.97388014152868,\"eligible\":false,\"red\":0,\"green\":0,\"blue\":0,\"siz\":2,\"blockingAssignmentArray\":[[],[]]}],[]]},{\"name\":\"\",\"unit\":\"offense\",\"pos\":\"Y\",\"num\":\"Y\",\"startX\":32.67619425759386,\"startY\":64.52611894749883,\"x\":32.67619425759386,\"y\":64.52611894749883,\"eligible\":true,\"red\":255,\"green\":0,\"blue\":0,\"siz\":2,\"blockingAssignmentArray\":[[{\"name\":\"\",\"unit\":\"defense\",\"pos\":\"S\",\"num\":\"S\",\"startX\":34.1687315710267,\"startY\":66.39179058928988,\"x\":34.1687315710267,\"y\":66.39179058928988,\"eligible\":false,\"red\":0,\"green\":0,\"blue\":0,\"siz\":2,\"blockingAssignmentArray\":[[],[]]}],[]]}],\"defensivePlayers\":[{\"name\":\"\",\"unit\":\"defense\",\"pos\":\"S\",\"num\":\"S\",\"startX\":34.1687315710267,\"startY\":66.39179058928988,\"x\":34.1687315710267,\"y\":66.39179058928988,\"eligible\":false,\"red\":0,\"green\":0,\"blue\":0,\"siz\":2,\"blockingAssignmentArray\":[[],[]]},{\"name\":\"\",\"unit\":\"defense\",\"pos\":\"SS\",\"num\":\"SS\",\"startX\":36.407537541175955,\"startY\":69.97388014152868,\"x\":36.407537541175955,\"y\":69.97388014152868,\"eligible\":false,\"red\":0,\"green\":0,\"blue\":0,\"siz\":2,\"blockingAssignmentArray\":[[],[]]}],\"quarterback\":null,\"offensiveLinemen\":[],\"eligibleReceivers\":[]}", "offensivePlayers": [], "defensivePlayers": []}}, {"model": "dashboard.concept", "pk": 3, "fields": {"name": "Momo", "team": 1, "unit": "offense", "conceptJson": "{\"name\":\"Momo\",\"team\":\"1\",\"unit\":\"offense\",\"offensivePlayers\":[{\"name\":\"\",\"unit\":\"offense\",\"pos\":\"Y\",\"num\":\"Y\",\"startX\":33.34783604863864,\"startY\":65.04850700720033,\"x\":33.34783604863864,\"y\":65.04850700720033,\"eligible\":true,\"red\":255,\"green\":0,\"blue\":0,\"siz\":2,\"blockingAssignmentArray\":[[],[]]},{\"name\":\"\",\"unit\":\"offense\",\"pos\":\"T\",\"num\":\"T\",\"startX\":30.586642018787895,\"startY\":64.97388014152868,\"x\":30.586642018787895,\"y\":64.97388014152868,\"eligible\":false,\"red\":143,\"green\":29,\"blue\":29,\"siz\":2,\"blockingAssignmentArray\":[[],[]]}],\"defensivePlayers\":[{\"name\":\"\",\"unit\":\"defense\",\"pos\":\"S\",\"num\":\"S\",\"startX\":36.03440321281775,\"startY\":67.28731297734959,\"x\":36.03440321281775,\"y\":67.28731297734959,\"eligible\":false,\"red\":0,\"green\":0,\"blue\":0,\"siz\":2,\"blockingAssignmentArray\":[[],[]]},{\"name\":\"\",\"unit\":\"defense\",\"pos\":\"M\",\"num\":\"M\",\"startX\":33.34783604863864,\"startY\":67.28731297734959,\"x\":33.34783604863864,\"y\":67.28731297734959,\"eligible\":false,\"red\":0,\"green\":0,\"blue\":0,\"siz\":2,\"blockingAssignmentArray\":[[],[]]}],\"quarterback\":null,\"offensiveLinemen\":[],\"eligibleReceivers\":[]}", "offensivePlayers": [], "defensivePlayers": []}}, {"model": "dashboard.concept", "pk": 4, "fields": {"name": "Tackle Bubble", "team": 1, "unit": "offense", "conceptJson": "{\"name\":\"Tackle Bubble\",\"team\":\"1\",\"unit\":\"offense\",\"offensivePlayers\":[{\"name\":\"\",\"unit\":\"offense\",\"pos\":\"Y\",\"num\":\"Y\",\"startX\":33.34783604863864,\"startY\":64.97388014152868,\"x\":33.34783604863864,\"y\":64.97388014152868,\"eligible\":true,\"red\":255,\"green\":0,\"blue\":0,\"siz\":2,\"blockingAssignmentArray\":[[],[]]},{\"name\":\"\",\"unit\":\"offense\",\"pos\":\"T\",\"num\":\"T\",\"startX\":30.586642018787895,\"startY\":64.97388014152868,\"x\":30.586642018787895,\"y\":64.97388014152868,\"eligible\":false,\"red\":143,\"green\":29,\"blue\":29,\"siz\":2,\"blockingAssignmentArray\":[[],[]]}],\"defensivePlayers\":[{\"name\":\"\",\"unit\":\"defense\",\"pos\":\"E\",\"num\":\"E\",\"startX\":33.42246291431029,\"startY\":67.36193984302122,\"x\":33.42246291431029,\"y\":67.36193984302122,\"eligible\":false,\"red\":0,\"green\":0,\"blue\":0,\"siz\":2,\"blockingAssignmentArray\":[[],[]]},{\"name\":\"\",\"unit\":\"defense\",\"pos\":\"S\",\"num\":\"S\",\"startX\":31.556791272519238,\"startY\":70.12313387287196,\"x\":31.556791272519238,\"y\":70.12313387287196,\"eligible\":false,\"red\":0,\"green\":0,\"blue\":0,\"siz\":2,\"blockingAssignmentArray\":[[],[]]}],\"quarterback\":null,\"offensiveLinemen\":[],\"eligibleReceivers\":[]}", "offensivePlayers": [], "defensivePlayers": []}}, {"model": "dashboard.concept", "pk": 5, "fields": {"name": "Cat", "team": 1, "unit": "offense", "conceptJson": "{\"name\":\"Cat\",\"team\":\"1\",\"unit\":\"offense\",\"offensivePlayers\":[{\"name\":\"\",\"unit\":\"offense\",\"pos\":\"T\",\"num\":\"T\",\"startX\":20.959776347146104,\"startY\":64.67537267884211,\"x\":20.959776347146104,\"y\":64.67537267884211,\"eligible\":false,\"red\":143,\"green\":29,\"blue\":29,\"siz\":2,\"blockingAssignmentArray\":[[{\"name\":\"\",\"unit\":\"defense\",\"pos\":\"T\",\"num\":\"T\",\"startX\":22.75082112326551,\"startY\":67.28731297734959,\"x\":22.75082112326551,\"y\":67.28731297734959,\"eligible\":false,\"red\":0,\"green\":0,\"blue\":0,\"siz\":2,\"blockingAssignmentArray\":[[],[]]}],[]]},{\"name\":\"\",\"unit\":\"offense\",\"pos\":\"G\",\"num\":\"G\",\"startX\":23.720970376996853,\"startY\":64.74999954451376,\"x\":23.720970376996853,\"y\":64.74999954451376,\"eligible\":false,\"red\":143,\"green\":29,\"blue\":29,\"siz\":2,\"blockingAssignmentArray\":[[],[]]},{\"name\":\"\",\"unit\":\"offense\",\"pos\":\"C\",\"num\":\"C\",\"startX\":26.4821644068476,\"startY\":64.74999954451376,\"x\":26.4821644068476,\"y\":64.74999954451376,\"eligible\":false,\"red\":143,\"green\":29,\"blue\":29,\"siz\":2,\"blockingAssignmentArray\":[[{\"name\":\"\",\"unit\":\"defense\",\"pos\":\"T\",\"num\":\"T\",\"startX\":22.75082112326551,\"startY\":67.28731297734959,\"x\":22.75082112326551,\"y\":67.28731297734959,\"eligible\":false,\"red\":0,\"green\":0,\"blue\":0,\"siz\":2,\"blockingAssignmentArray\":[[],[]]},{\"name\":\"\",\"unit\":\"defense\",\"pos\":\"W\",\"num\":\"W\",\"startX\":21.855298735205807,\"startY\":70.34701446988689,\"x\":21.855298735205807,\"y\":70.34701446988689,\"eligible\":false,\"red\":0,\"green\":0,\"blue\":0,\"siz\":2,\"blockingAssignmentArray\":[[],[]]}],[]]}],\"defensivePlayers\":[{\"name\":\"\",\"unit\":\"defense\",\"pos\":\"W\",\"num\":\"W\",\"startX\":21.855298735205807,\"startY\":70.34701446988689,\"x\":21.855298735205807,\"y\":70.34701446988689,\"eligible\":false,\"red\":0,\"green\":0,\"blue\":0,\"siz\":2,\"blockingAssignmentArray\":[[],[]]},{\"name\":\"\",\"unit\":\"defense\",\"pos\":\"T\",\"num\":\"T\",\"startX\":22.75082112326551,\"startY\":67.28731297734959,\"x\":22.75082112326551,\"y\":67.28731297734959,\"eligible\":false,\"red\":0,\"green\":0,\"blue\":0,\"siz\":2,\"blockingAssignmentArray\":[[],[]]},{\"name\":\"\",\"unit\":\"defense\",\"pos\":\"N\",\"num\":\"N\",\"startX\":26.665,\"startY\":67.23880597014926,\"x\":26.665,\"y\":67.23880597014926,\"eligible\":false,\"red\":0,\"green\":0,\"blue\":0,\"siz\":2,\"blockingAssignmentArray\":[[],[]]}],\"quarterback\":null,\"offensiveLinemen\":[],\"eligibleReceivers\":[]}", "offensivePlayers": [], "defensivePlayers": []}}, {"model": "dashboard.concept", "pk": 6, "fields": {"name": "Bring It", "team": 1, "unit": "offense", "conceptJson": "{\"name\":\"Bring It\",\"team\":\"1\",\"unit\":\"offense\",\"offensivePlayers\":[{\"name\":\"\",\"unit\":\"offense\",\"pos\":\"T\",\"num\":\"T\",\"startX\":32.90007485460879,\"startY\":65.12313387287196,\"x\":32.90007485460879,\"y\":65.12313387287196,\"eligible\":false,\"red\":143,\"green\":29,\"blue\":29,\"siz\":2,\"blockingAssignmentArray\":[[{\"name\":\"\",\"unit\":\"defense\",\"pos\":\"SS\",\"num\":\"SS\",\"startX\":38.57171664565357,\"startY\":67.51119357436451,\"x\":38.57171664565357,\"y\":67.51119357436451,\"eligible\":false,\"red\":0,\"green\":0,\"blue\":0,\"siz\":2,\"blockingAssignmentArray\":[[],[]]}],[]]},{\"name\":\"\",\"unit\":\"offense\",\"pos\":\"T\",\"num\":\"T\",\"startX\":20.512015153116252,\"startY\":65.04850700720033,\"x\":20.512015153116252,\"y\":65.04850700720033,\"eligible\":false,\"red\":143,\"green\":29,\"blue\":29,\"siz\":2,\"blockingAssignmentArray\":[[{\"name\":\"\",\"unit\":\"defense\",\"pos\":\"T\",\"num\":\"T\",\"startX\":23.123955451623715,\"startY\":67.58582044003614,\"x\":23.123955451623715,\"y\":67.58582044003614,\"eligible\":false,\"red\":0,\"green\":0,\"blue\":0,\"siz\":2,\"blockingAssignmentArray\":[[],[]]}],[]]},{\"name\":\"\",\"unit\":\"offense\",\"pos\":\"G\",\"num\":\"G\",\"startX\":23.720970376996853,\"startY\":65.04850700720033,\"x\":23.720970376996853,\"y\":65.04850700720033,\"eligible\":false,\"red\":143,\"green\":29,\"blue\":29,\"siz\":2,\"blockingAssignmentArray\":[[{\"name\":\"\",\"unit\":\"defense\",\"pos\":\"T\",\"num\":\"T\",\"startX\":27.82544798893715,\"startY\":67.58582044003614,\"x\":27.82544798893715,\"y\":67.58582044003614,\"eligible\":false,\"red\":0,\"green\":0,\"blue\":0,\"siz\":2,\"blockingAssignmentArray\":[[],[]]},{\"name\":\"\",\"unit\":\"defense\",\"pos\":\"T\",\"num\":\"T\",\"startX\":27.82544798893715,\"startY\":67.58582044003614,\"x\":27.82544798893715,\"y\":67.58582044003614,\"eligible\":false,\"red\":0,\"green\":0,\"blue\":0,\"siz\":2,\"blockingAssignmentArray\":[[],[]]}],[]]},{\"name\":\"\",\"unit\":\"offense\",\"pos\":\"G\",\"num\":\"G\",\"startX\":29.691119630728195,\"startY\":65.12313387287196,\"x\":29.691119630728195,\"y\":65.12313387287196,\"eligible\":false,\"red\":143,\"green\":29,\"blue\":29,\"siz\":2,\"blockingAssignmentArray\":[[{\"name\":\"\",\"unit\":\"defense\",\"pos\":\"S\",\"num\":\"S\",\"startX\":35.51201515311625,\"startY\":67.51119357436451,\"x\":35.51201515311625,\"y\":67.51119357436451,\"eligible\":false,\"red\":0,\"green\":0,\"blue\":0,\"siz\":2,\"blockingAssignmentArray\":[[],[]]}],[]]},{\"name\":\"\",\"unit\":\"offense\",\"pos\":\"C\",\"num\":\"C\",\"startX\":26.706045003862524,\"startY\":65.12313387287196,\"x\":26.706045003862524,\"y\":65.12313387287196,\"eligible\":false,\"red\":143,\"green\":29,\"blue\":29,\"siz\":2,\"blockingAssignmentArray\":[[{\"name\":\"\",\"unit\":\"defense\",\"pos\":\"E\",\"num\":\"E\",\"startX\":33.049328585952075,\"startY\":67.51119357436451,\"x\":33.049328585952075,\"y\":67.51119357436451,\"eligible\":false,\"red\":0,\"green\":0,\"blue\":0,\"siz\":2,\"blockingAssignmentArray\":[[],[]]}],[]]}],\"defensivePlayers\":[{\"name\":\"\",\"unit\":\"defense\",\"pos\":\"E\",\"num\":\"E\",\"startX\":20.437388287444612,\"startY\":67.51119357436451,\"x\":20.437388287444612,\"y\":67.51119357436451,\"eligible\":false,\"red\":0,\"green\":0,\"blue\":0,\"siz\":2,\"blockingAssignmentArray\":[[],[]]},{\"name\":\"\",\"unit\":\"defense\",\"pos\":\"E\",\"num\":\"E\",\"startX\":33.049328585952075,\"startY\":67.51119357436451,\"x\":33.049328585952075,\"y\":67.51119357436451,\"eligible\":false,\"red\":0,\"green\":0,\"blue\":0,\"siz\":2,\"blockingAssignmentArray\":[[],[]]},{\"name\":\"\",\"unit\":\"defense\",\"pos\":\"SS\",\"num\":\"SS\",\"startX\":38.57171664565357,\"startY\":67.51119357436451,\"x\":38.57171664565357,\"y\":67.51119357436451,\"eligible\":false,\"red\":0,\"green\":0,\"blue\":0,\"siz\":2,\"blockingAssignmentArray\":[[],[]]},{\"name\":\"\",\"unit\":\"defense\",\"pos\":\"S\",\"num\":\"S\",\"startX\":35.51201515311625,\"startY\":67.51119357436451,\"x\":35.51201515311625,\"y\":67.51119357436451,\"eligible\":false,\"red\":0,\"green\":0,\"blue\":0,\"siz\":2,\"blockingAssignmentArray\":[[],[]]},{\"name\":\"\",\"unit\":\"defense\",\"pos\":\"T\",\"num\":\"T\",\"startX\":23.123955451623715,\"startY\":67.58582044003614,\"x\":23.123955451623715,\"y\":67.58582044003614,\"eligible\":false,\"red\":0,\"green\":0,\"blue\":0,\"siz\":2,\"blockingAssignmentArray\":[[],[]]},{\"name\":\"\",\"unit\":\"defense\",\"pos\":\"T\",\"num\":\"T\",\"startX\":27.82544798893715,\"startY\":67.58582044003614,\"x\":27.82544798893715,\"y\":67.58582044003614,\"eligible\":false,\"red\":0,\"green\":0,\"blue\":0,\"siz\":2,\"blockingAssignmentArray\":[[],[]]},{\"name\":\"\",\"unit\":\"defense\",\"pos\":\"W\",\"num\":\"W\",\"startX\":23.571716645653567,\"startY\":71.31716372361824,\"x\":23.571716645653567,\"y\":71.31716372361824,\"eligible\":false,\"red\":0,\"green\":0,\"blue\":0,\"siz\":2,\"blockingAssignmentArray\":[[],[]]},{\"name\":\"\",\"unit\":\"defense\",\"pos\":\"M\",\"num\":\"M\",\"startX\":29.765746496399835,\"startY\":71.39179058928988,\"x\":29.765746496399835,\"y\":71.39179058928988,\"eligible\":false,\"red\":0,\"green\":0,\"blue\":0,\"siz\":2,\"blockingAssignmentArray\":[[],[]]}],\"quarterback\":null,\"offensiveLinemen\":[],\"eligibleReceivers\":[]}", "offensivePlayers": [], "defensivePlayers": []}}, {"model": "dashboard.concept", "pk": 7, "fields": {"name": "Swoop", "team": 1, "unit": "offense", "conceptJson": "{\"name\":\"Swoop\",\"team\":\"1\",\"unit\":\"offense\",\"offensivePlayers\":[{\"name\":\"\",\"unit\":\"offense\",\"pos\":\"F\",\"num\":\"F\",\"startX\":19.44949628995434,\"startY\":65,\"x\":19.44949628995434,\"y\":65,\"eligible\":true,\"red\":255,\"green\":0,\"blue\":0,\"siz\":2,\"blockingAssignmentArray\":[[\"Down Block Right\"],[]]},{\"name\":\"\",\"unit\":\"offense\",\"pos\":\"T\",\"num\":\"T\",\"startX\":22.0864825913242,\"startY\":65,\"x\":22.0864825913242,\"y\":65,\"eligible\":false,\"red\":143,\"green\":29,\"blue\":29,\"siz\":2,\"blockingAssignmentArray\":[[\"Down Block Right\"],[]]},{\"name\":\"\",\"unit\":\"offense\",\"pos\":\"G\",\"num\":\"G\",\"startX\":24.723468892694065,\"startY\":65,\"x\":24.723468892694065,\"y\":65,\"eligible\":false,\"red\":143,\"green\":29,\"blue\":29,\"siz\":2,\"blockingAssignmentArray\":[[\"Down Block Right\",\"Straight Seal Right\"],[]]},{\"name\":\"\",\"unit\":\"offense\",\"pos\":\"C\",\"num\":\"C\",\"startX\":27.360455194063928,\"startY\":65,\"x\":27.360455194063928,\"y\":65,\"eligible\":false,\"red\":143,\"green\":29,\"blue\":29,\"siz\":2,\"blockingAssignmentArray\":[[],[]]}],\"defensivePlayers\":[{\"name\":\"\",\"unit\":\"defense\",\"pos\":\"E\",\"num\":\"E\",\"startX\":19.44949628995434,\"startY\":67,\"x\":19.44949628995434,\"y\":67,\"eligible\":false,\"red\":0,\"green\":0,\"blue\":0,\"siz\":2,\"blockingAssignmentArray\":[[],[]]},{\"name\":\"\",\"unit\":\"defense\",\"pos\":\"W\",\"num\":\"W\",\"startX\":22.0864825913242,\"startY\":70.19406392694064,\"x\":22.0864825913242,\"y\":70.19406392694064,\"eligible\":false,\"red\":0,\"green\":0,\"blue\":0,\"siz\":2,\"blockingAssignmentArray\":[[],[]]},{\"name\":\"\",\"unit\":\"defense\",\"pos\":\"T\",\"num\":\"T\",\"startX\":24.32392551369863,\"startY\":67,\"x\":24.32392551369863,\"y\":67,\"eligible\":false,\"red\":0,\"green\":0,\"blue\":0,\"siz\":2,\"blockingAssignmentArray\":[[],[]]}],\"quarterback\":null,\"offensiveLinemen\":[],\"eligibleReceivers\":[]}", "offensivePlayers": [], "defensivePlayers": []}}, {"model": "dashboard.concept", "pk": 8, "fields": {"name": "Slice", "team": 1, "unit": "offense", "conceptJson": "{\"name\":\"Slice\",\"team\":\"1\",\"unit\":\"offense\",\"offensivePlayers\":[{\"name\":\"\",\"unit\":\"offense\",\"pos\":\"G\",\"num\":\"G\",\"startX\":30.077350171232876,\"startY\":65,\"x\":30.077350171232876,\"y\":65,\"eligible\":false,\"red\":143,\"green\":29,\"blue\":29,\"siz\":2,\"blockingAssignmentArray\":[[\"Down Block Left\",{\"name\":\"\",\"unit\":\"defense\",\"pos\":\"M\",\"num\":\"M\",\"startX\":30.796528253424658,\"startY\":70.11415525114155,\"x\":30.796528253424658,\"y\":70.11415525114155,\"eligible\":false,\"red\":0,\"green\":0,\"blue\":0,\"siz\":2,\"blockingAssignmentArray\":[[],[]]}],[]]},{\"name\":\"\",\"unit\":\"offense\",\"pos\":\"T\",\"num\":\"T\",\"startX\":33.19378852739726,\"startY\":65,\"x\":33.19378852739726,\"y\":65,\"eligible\":false,\"red\":143,\"green\":29,\"blue\":29,\"siz\":2,\"blockingAssignmentArray\":[[\"Down Block Right\"],[]]},{\"name\":\"\",\"unit\":\"offense\",\"pos\":\"C\",\"num\":\"C\",\"startX\":26.72118578767123,\"startY\":65,\"x\":26.72118578767123,\"y\":65,\"eligible\":false,\"red\":143,\"green\":29,\"blue\":29,\"siz\":2,\"blockingAssignmentArray\":[[\"Down Block Right\"],[]]}],\"defensivePlayers\":[{\"name\":\"\",\"unit\":\"defense\",\"pos\":\"E\",\"num\":\"E\",\"startX\":34.63214469178082,\"startY\":67,\"x\":34.63214469178082,\"y\":67,\"eligible\":false,\"red\":0,\"green\":0,\"blue\":0,\"siz\":2,\"blockingAssignmentArray\":[[],[]]},{\"name\":\"\",\"unit\":\"defense\",\"pos\":\"T\",\"num\":\"T\",\"startX\":28.638994006849313,\"startY\":67,\"x\":28.638994006849313,\"y\":67,\"eligible\":false,\"red\":0,\"green\":0,\"blue\":0,\"siz\":2,\"blockingAssignmentArray\":[[],[]]},{\"name\":\"\",\"unit\":\"defense\",\"pos\":\"M\",\"num\":\"M\",\"startX\":30.796528253424658,\"startY\":70.11415525114155,\"x\":30.796528253424658,\"y\":70.11415525114155,\"eligible\":false,\"red\":0,\"green\":0,\"blue\":0,\"siz\":2,\"blockingAssignmentArray\":[[],[]]}],\"quarterback\":null,\"offensiveLinemen\":[],\"eligibleReceivers\":[]}", "offensivePlayers": [], "defensivePlayers": []}}, {"model": "dashboard.concept", "pk": 9, "fields": {"name": "Double Covered", "team": 1, "unit": "offense", "conceptJson": "{\"name\":\"Double Covered\",\"team\":\"1\",\"unit\":\"offense\",\"offensivePlayers\":[{\"name\":\"\",\"unit\":\"offense\",\"pos\":\"Y\",\"num\":\"Y\",\"startX\":33.99287528538812,\"startY\":65,\"x\":33.99287528538812,\"y\":65,\"eligible\":true,\"red\":255,\"green\":0,\"blue\":0,\"siz\":2,\"blockingAssignmentArray\":[[],[]]},{\"name\":\"\",\"unit\":\"offense\",\"pos\":\"T\",\"num\":\"T\",\"startX\":31.515706335616436,\"startY\":65,\"x\":31.515706335616436,\"y\":65,\"eligible\":false,\"red\":143,\"green\":29,\"blue\":29,\"siz\":2,\"blockingAssignmentArray\":[[],[]]}],\"defensivePlayers\":[{\"name\":\"\",\"unit\":\"defense\",\"pos\":\"S\",\"num\":\"S\",\"startX\":34.552236015981734,\"startY\":67,\"x\":34.552236015981734,\"y\":67,\"eligible\":false,\"red\":0,\"green\":0,\"blue\":0,\"siz\":2,\"blockingAssignmentArray\":[[],[]]},{\"name\":\"\",\"unit\":\"defense\",\"pos\":\"E\",\"num\":\"E\",\"startX\":31.835341038812786,\"startY\":67,\"x\":31.835341038812786,\"y\":67,\"eligible\":false,\"red\":0,\"green\":0,\"blue\":0,\"siz\":2,\"blockingAssignmentArray\":[[],[]]}],\"quarterback\":null,\"offensiveLinemen\":[],\"eligibleReceivers\":[]}", "offensivePlayers": [], "defensivePlayers": []}}, {"model": "dashboard.concept", "pk": 10, "fields": {"name": "Toe", "team": 1, "unit": "offense", "conceptJson": "{\"name\":\"Toe\",\"team\":\"1\",\"unit\":\"offense\",\"offensivePlayers\":[{\"name\":\"\",\"unit\":\"offense\",\"pos\":\"T\",\"num\":\"T\",\"startX\":21.047669805936074,\"startY\":65,\"x\":21.047669805936074,\"y\":65,\"eligible\":false,\"red\":143,\"green\":29,\"blue\":29,\"siz\":2,\"blockingAssignmentArray\":[[\"Down Block Right\"],[]],\"defensiveMovement\":[]},{\"name\":\"\",\"unit\":\"offense\",\"pos\":\"G\",\"num\":\"G\",\"startX\":23.84447345890411,\"startY\":65,\"x\":23.84447345890411,\"y\":65,\"eligible\":false,\"red\":143,\"green\":29,\"blue\":29,\"siz\":2,\"blockingAssignmentArray\":[[\"Down Block Right\"],[]],\"defensiveMovement\":[]},{\"name\":\"\",\"unit\":\"offense\",\"pos\":\"C\",\"num\":\"C\",\"startX\":26.665,\"startY\":65,\"x\":26.665,\"y\":65,\"eligible\":false,\"red\":143,\"green\":29,\"blue\":29,\"siz\":2,\"blockingAssignmentArray\":[[\"Straight Seal Right\"],[]],\"defensiveMovement\":[]}],\"defensivePlayers\":[{\"name\":\"\",\"unit\":\"defense\",\"pos\":\"T\",\"num\":\"T\",\"startX\":23.2851127283105,\"startY\":67,\"x\":23.2851127283105,\"y\":67,\"eligible\":false,\"red\":0,\"green\":0,\"blue\":0,\"siz\":2,\"blockingAssignmentArray\":[[],[]],\"defensiveMovement\":[]},{\"name\":\"\",\"unit\":\"defense\",\"pos\":\"W\",\"num\":\"W\",\"startX\":23.84447345890411,\"startY\":70.11415525114155,\"x\":23.84447345890411,\"y\":70.11415525114155,\"eligible\":false,\"red\":0,\"green\":0,\"blue\":0,\"siz\":2,\"blockingAssignmentArray\":[[],[]],\"defensiveMovement\":[]},{\"name\":\"\",\"unit\":\"defense\",\"pos\":\"N\",\"num\":\"N\",\"startX\":27.440363869863013,\"startY\":67,\"x\":27.440363869863013,\"y\":67,\"eligible\":false,\"red\":0,\"green\":0,\"blue\":0,\"siz\":2,\"blockingAssignmentArray\":[[],[]],\"defensiveMovement\":[[25.362738299086757,66.837899543379]]}],\"quarterback\":null,\"offensiveLinemen\":[],\"eligibleReceivers\":[]}", "offensivePlayers": [], "defensivePlayers": []}}, {"model": "admin.logentry", "pk": 1, "fields": {"action_time": "2016-07-08T03:27:31.449Z", "user": 1, "content_type": 8, "object_id": "1", "object_repr": "Stanford University", "action_flag": 1, "change_message": "Added."}}, {"model": "admin.logentry", "pk": 2, "fields": {"action_time": "2016-07-08T03:27:57.337Z", "user": 1, "content_type": 8, "object_id": "2", "object_repr": "University of Oregon", "action_flag": 1, "change_message": "Added."}}, {"model": "admin.logentry", "pk": 3, "fields": {"action_time": "2016-07-08T03:28:13.928Z", "user": 1, "content_type": 8, "object_id": "3", "object_repr": "University of Southern California", "action_flag": 1, "change_message": "Added."}}, {"model": "admin.logentry", "pk": 4, "fields": {"action_time": "2016-07-08T03:45:10.028Z", "user": 1, "content_type": 4, "object_id": "1", "object_repr": "dylan", "action_flag": 2, "change_message": "Changed first_name and last_name."}}, {"model": "admin.logentry", "pk": 5, "fields": {"action_time": "2016-07-08T03:46:33.585Z", "user": 1, "content_type": 4, "object_id": "2", "object_repr": "MikeBloomgren", "action_flag": 2, "change_message": "No fields changed."}}, {"model": "admin.logentry", "pk": 6, "fields": {"action_time": "2016-07-09T06:10:16.064Z", "user": 1, "content_type": 4, "object_id": "3", "object_repr": "RyanBurns", "action_flag": 2, "change_message": "Changed number, image_url and starter for player \"Ryan Burns\"."}}, {"model": "admin.logentry", "pk": 7, "fields": {"action_time": "2016-07-09T06:11:38.476Z", "user": 1, "content_type": 4, "object_id": "3", "object_repr": "RyanBurns", "action_flag": 2, "change_message": "Changed is_being_tested for player \"Ryan Burns\"."}}, {"model": "admin.logentry", "pk": 8, "fields": {"action_time": "2016-07-09T06:11:48.565Z", "user": 1, "content_type": 4, "object_id": "2", "object_repr": "MikeBloomgren", "action_flag": 2, "change_message": "Added player \"Mike Bloomgren\"."}}, {"model": "admin.logentry", "pk": 9, "fields": {"action_time": "2016-07-09T06:13:47.559Z", "user": 1, "content_type": 3, "object_id": "1", "object_repr": "Quarterbacks", "action_flag": 1, "change_message": "Added."}}, {"model": "admin.logentry", "pk": 10, "fields": {"action_time": "2016-07-09T06:13:53.389Z", "user": 1, "content_type": 3, "object_id": "1", "object_repr": "Quarterbacks", "action_flag": 2, "change_message": "No fields changed."}}, {"model": "admin.logentry", "pk": 11, "fields": {"action_time": "2016-07-09T06:14:01.253Z", "user": 1, "content_type": 3, "object_id": "2", "object_repr": "All", "action_flag": 1, "change_message": "Added."}}, {"model": "admin.logentry", "pk": 12, "fields": {"action_time": "2016-07-09T06:14:17.803Z", "user": 1, "content_type": 4, "object_id": "3", "object_repr": "RyanBurns", "action_flag": 2, "change_message": "Changed groups."}}, {"model": "admin.logentry", "pk": 13, "fields": {"action_time": "2016-07-09T06:15:14.356Z", "user": 1, "content_type": 4, "object_id": "2", "object_repr": "MikeBloomgren", "action_flag": 2, "change_message": "Changed groups."}}, {"model": "admin.logentry", "pk": 14, "fields": {"action_time": "2016-07-09T06:15:21.851Z", "user": 1, "content_type": 4, "object_id": "3", "object_repr": "RyanBurns", "action_flag": 2, "change_message": "No fields changed."}}, {"model": "admin.logentry", "pk": 15, "fields": {"action_time": "2016-07-09T06:16:09.917Z", "user": 1, "content_type": 4, "object_id": "2", "object_repr": "MikeBloomgren", "action_flag": 2, "change_message": "Changed user_permissions."}}, {"model": "admin.logentry", "pk": 16, "fields": {"action_time": "2016-07-09T06:27:41.172Z", "user": 1, "content_type": 14, "object_id": "1", "object_repr": "", "action_flag": 3, "change_message": ""}}, {"model": "admin.logentry", "pk": 17, "fields": {"action_time": "2016-07-10T06:57:52.283Z", "user": 1, "content_type": 4, "object_id": "5", "object_repr": "KJCostello", "action_flag": 2, "change_message": "Changed number, is_being_tested and image_url for player \"KJ Costello\"."}}, {"model": "admin.logentry", "pk": 18, "fields": {"action_time": "2016-07-10T06:58:10.642Z", "user": 1, "content_type": 4, "object_id": "4", "object_repr": "KellerChryst", "action_flag": 2, "change_message": "Changed number, is_being_tested and image_url for player \"Keller Chryst\"."}}, {"model": "admin.logentry", "pk": 19, "fields": {"action_time": "2016-07-10T19:11:33.786Z", "user": 1, "content_type": 4, "object_id": "5", "object_repr": "KJCostello", "action_flag": 2, "change_message": "Changed groups."}}, {"model": "admin.logentry", "pk": 20, "fields": {"action_time": "2016-07-10T19:11:43.628Z", "user": 1, "content_type": 4, "object_id": "4", "object_repr": "KellerChryst", "action_flag": 2, "change_message": "Changed groups."}}, {"model": "admin.logentry", "pk": 21, "fields": {"action_time": "2016-07-10T19:11:59.103Z", "user": 1, "content_type": 4, "object_id": "3", "object_repr": "RyanBurns", "action_flag": 2, "change_message": "No fields changed."}}, {"model": "admin.logentry", "pk": 22, "fields": {"action_time": "2016-07-10T22:10:02.675Z", "user": 1, "content_type": 3, "object_id": "3", "object_repr": "Wide Receivers", "action_flag": 1, "change_message": "Added."}}, {"model": "admin.logentry", "pk": 23, "fields": {"action_time": "2016-07-10T22:10:10.644Z", "user": 1, "content_type": 3, "object_id": "4", "object_repr": "Offensive Lineman", "action_flag": 1, "change_message": "Added."}}, {"model": "admin.logentry", "pk": 24, "fields": {"action_time": "2016-07-10T22:10:25.558Z", "user": 1, "content_type": 3, "object_id": "5", "object_repr": "Tight Ends", "action_flag": 1, "change_message": "Added."}}, {"model": "admin.logentry", "pk": 25, "fields": {"action_time": "2016-07-11T15:41:31.764Z", "user": 1, "content_type": 19, "object_id": "3", "object_repr": "hi", "action_flag": 3, "change_message": ""}}, {"model": "admin.logentry", "pk": 26, "fields": {"action_time": "2016-07-11T15:41:55.101Z", "user": 1, "content_type": 19, "object_id": "1", "object_repr": "Quarterbacks", "action_flag": 2, "change_message": "Changed players."}}, {"model": "admin.logentry", "pk": 27, "fields": {"action_time": "2016-07-11T15:50:23.476Z", "user": 1, "content_type": 4, "object_id": "2", "object_repr": "MikeBloomgren", "action_flag": 2, "change_message": "Changed groups."}}, {"model": "admin.logentry", "pk": 28, "fields": {"action_time": "2016-07-11T15:50:31.085Z", "user": 1, "content_type": 4, "object_id": "5", "object_repr": "KJCostello", "action_flag": 2, "change_message": "Changed groups."}}, {"model": "admin.logentry", "pk": 29, "fields": {"action_time": "2016-07-11T15:50:37.071Z", "user": 1, "content_type": 4, "object_id": "4", "object_repr": "KellerChryst", "action_flag": 2, "change_message": "Changed groups."}}, {"model": "admin.logentry", "pk": 30, "fields": {"action_time": "2016-07-11T15:50:43.105Z", "user": 1, "content_type": 4, "object_id": "3", "object_repr": "RyanBurns", "action_flag": 2, "change_message": "Changed groups."}}, {"model": "admin.logentry", "pk": 31, "fields": {"action_time": "2016-07-11T15:50:56.130Z", "user": 1, "content_type": 4, "object_id": "1", "object_repr": "dylan", "action_flag": 2, "change_message": "No fields changed."}}, {"model": "admin.logentry", "pk": 32, "fields": {"action_time": "2016-07-11T16:19:03.165Z", "user": 1, "content_type": 19, "object_id": "2", "object_repr": "All", "action_flag": 3, "change_message": ""}}, {"model": "admin.logentry", "pk": 33, "fields": {"action_time": "2016-07-11T16:19:03.168Z", "user": 1, "content_type": 19, "object_id": "1", "object_repr": "Quarterbacks", "action_flag": 3, "change_message": ""}}, {"model": "admin.logentry", "pk": 34, "fields": {"action_time": "2016-07-12T01:55:36.525Z", "user": 1, "content_type": 9, "object_id": "4", "object_repr": "KJ Costello", "action_flag": 2, "change_message": "Changed year."}}, {"model": "admin.logentry", "pk": 35, "fields": {"action_time": "2016-07-12T01:55:47.264Z", "user": 1, "content_type": 9, "object_id": "3", "object_repr": "Keller Chryst", "action_flag": 2, "change_message": "Changed year."}}, {"model": "admin.logentry", "pk": 36, "fields": {"action_time": "2016-07-12T01:55:54.993Z", "user": 1, "content_type": 9, "object_id": "1", "object_repr": "Ryan Burns", "action_flag": 2, "change_message": "Changed year."}}, {"model": "admin.logentry", "pk": 37, "fields": {"action_time": "2016-07-12T18:08:40.461Z", "user": 1, "content_type": 9, "object_id": "15", "object_repr": "Treyvion Foster", "action_flag": 2, "change_message": "Changed year, number and image_url."}}, {"model": "admin.logentry", "pk": 38, "fields": {"action_time": "2016-07-12T18:09:03.926Z", "user": 1, "content_type": 9, "object_id": "14", "object_repr": "Sidhart Krishnamurthi", "action_flag": 2, "change_message": "Changed year, number, is_being_tested and image_url."}}, {"model": "admin.logentry", "pk": 39, "fields": {"action_time": "2016-07-12T18:09:09.563Z", "user": 1, "content_type": 9, "object_id": "15", "object_repr": "Treyvion Foster", "action_flag": 2, "change_message": "Changed is_being_tested."}}, {"model": "admin.logentry", "pk": 40, "fields": {"action_time": "2016-07-12T18:09:18.137Z", "user": 1, "content_type": 9, "object_id": "1", "object_repr": "Ryan Burns", "action_flag": 2, "change_message": "Changed starter."}}, {"model": "admin.logentry", "pk": 41, "fields": {"action_time": "2016-07-12T18:09:33.604Z", "user": 1, "content_type": 9, "object_id": "13", "object_repr": "Isaiah Brandt-Sims", "action_flag": 2, "change_message": "Changed year, number, is_being_tested and image_url."}}, {"model": "admin.logentry", "pk": 42, "fields": {"action_time": "2016-07-12T18:09:54.127Z", "user": 1, "content_type": 9, "object_id": "12", "object_repr": "JJ Arcega-Whiteside", "action_flag": 2, "change_message": "Changed year, number, is_being_tested and image_url."}}, {"model": "admin.logentry", "pk": 43, "fields": {"action_time": "2016-07-12T18:10:44.157Z", "user": 1, "content_type": 9, "object_id": "11", "object_repr": "Paxton Segina", "action_flag": 2, "change_message": "Changed year, number, is_being_tested and image_url."}}, {"model": "admin.logentry", "pk": 44, "fields": {"action_time": "2016-07-12T18:11:08.645Z", "user": 1, "content_type": 9, "object_id": "10", "object_repr": "Taijuan Thomas", "action_flag": 2, "change_message": "Changed year, number, is_being_tested and image_url."}}, {"model": "admin.logentry", "pk": 45, "fields": {"action_time": "2016-07-12T18:11:25.647Z", "user": 1, "content_type": 9, "object_id": "9", "object_repr": "Donald Stewart", "action_flag": 2, "change_message": "Changed year, number, is_being_tested and image_url."}}, {"model": "admin.logentry", "pk": 46, "fields": {"action_time": "2016-07-12T18:11:50.060Z", "user": 1, "content_type": 9, "object_id": "8", "object_repr": "Francis Owusu", "action_flag": 2, "change_message": "Changed year, number, is_being_tested and image_url."}}, {"model": "admin.logentry", "pk": 47, "fields": {"action_time": "2016-07-12T18:12:13.729Z", "user": 1, "content_type": 9, "object_id": "7", "object_repr": "Jay Tyler", "action_flag": 2, "change_message": "Changed year, number, is_being_tested and image_url."}}, {"model": "admin.logentry", "pk": 48, "fields": {"action_time": "2016-07-12T18:12:46.156Z", "user": 1, "content_type": 9, "object_id": "6", "object_repr": "Michael Rector", "action_flag": 2, "change_message": "Changed year, number, is_being_tested and image_url."}}, {"model": "admin.logentry", "pk": 49, "fields": {"action_time": "2016-07-12T18:13:11.589Z", "user": 1, "content_type": 9, "object_id": "5", "object_repr": "Trenton Irwin", "action_flag": 2, "change_message": "Changed year, is_being_tested and image_url."}}, {"model": "admin.logentry", "pk": 50, "fields": {"action_time": "2016-07-12T18:19:09.004Z", "user": 1, "content_type": 19, "object_id": "4", "object_repr": "Freshmen", "action_flag": 2, "change_message": "Changed name."}}, {"model": "admin.logentry", "pk": 51, "fields": {"action_time": "2016-08-25T01:49:23.188Z", "user": 1, "content_type": 20, "object_id": "10", "object_repr": "Toe", "action_flag": 3, "change_message": ""}}]